alumni_id,graduation_year,age,events_attended,emails_received,emails_opened,newsletter_clicks,volunteer_events,previous_donations,total_donation_amount,donation_frequency,days_since_last_donation,career_level,industry,days_since_last_interaction,donated_next_12_months
10001,2018,40,4,40,7,6,3,4,1212,0,439,Executive,Finance,374,1
10002,2008,34,10,6,0,12,3,2,2768,3,211,Senior,Other,387,1
10003,1994,47,3,40,8,8,5,3,5776,2,399,Senior,Other,167,1
10004,2022,35,7,12,27,3,3,2,444,3,673,Mid,Education,479,1
10005,1987,52,3,49,1,14,3,2,9589,0,716,Entry,Healthcare,95,1
10006,2000,25,10,46,13,10,3,0,0,1,913,Executive,Manufacturing,134,1
10007,2018,60,7,13,12,5,3,4,3676,5,540,Senior,Manufacturing,37,1
10008,1998,29,5,5,1,8,5,1,2310,4,181,Senior,Healthcare,287,1
10009,2002,46,10,17,3,10,3,4,4040,1,50,Executive,Technology,68,1
10010,1990,34,4,19,11,15,3,5,7085,5,746,Entry,Education,233,1
10011,1990,53,3,36,9,10,4,3,1827,3,525,Mid,Manufacturing,66,1
10012,2003,59,3,38,2,4,5,3,6285,2,349,Executive,Finance,55,1
10013,2015,59,3,47,3,11,3,4,3219,3,57,Executive,Other,275,1
10014,2019,49,10,35,5,0,1,4,5559,0,418,Executive,Other,191,1
10015,2003,51,8,18,22,2,4,2,6771,0,136,Mid,Technology,119,1
10016,1982,24,3,18,4,10,5,1,4688,2,639,Senior,Manufacturing,400,1
10017,2001,49,8,33,2,14,2,2,4511,5,36,Executive,Education,399,1
10018,1981,24,9,23,9,8,0,0,0,1,493,Executive,Manufacturing,10,1
10019,2003,66,5,31,18,15,5,0,0,0,358,Executive,Education,396,1
10020,2023,55,9,13,13,2,4,3,6328,0,779,Executive,Technology,145,1
10021,2009,37,6,41,20,10,3,3,2330,2,84,Entry,Other,13,1
10022,2017,43,9,41,27,10,4,1,685,1,721,Entry,Healthcare,33,1
10023,1981,53,2,47,20,9,0,3,4958,3,650,Entry,Other,203,1
10024,2000,59,7,32,35,1,0,5,684,4,538,Senior,Education,85,1
10025,2012,29,2,28,23,3,5,0,0,2,343,Executive,Education,468,0
10026,1991,29,0,32,37,4,3,1,733,1,744,Executive,Technology,380,1
10027,2001,27,9,40,16,6,3,0,0,4,170,Executive,Technology,153,1
10028,2023,35,4,22,21,6,1,4,9323,2,689,Executive,Finance,169,1
10029,2004,53,1,29,18,8,0,4,5450,3,865,Mid,Other,444,1
10030,2006,56,9,39,9,12,3,1,4635,3,19,Mid,Other,166,1
10031,2021,31,5,8,10,7,0,2,1732,1,908,Mid,Technology,385,0
10032,2007,24,9,18,37,12,1,5,6527,1,302,Executive,Manufacturing,184,1
10033,1995,33,8,43,1,14,2,5,6725,3,775,Mid,Education,305,1
10034,1994,52,0,30,32,15,0,3,6303,3,996,Mid,Healthcare,112,0
10035,2023,50,3,12,30,1,1,1,8031,2,196,Senior,Technology,143,1
10036,1982,26,0,28,34,11,1,5,1419,5,326,Senior,Education,317,1
10037,2016,46,0,20,36,7,1,3,4710,5,575,Mid,Healthcare,353,1
10038,1986,62,7,24,35,7,4,0,0,1,555,Mid,Finance,394,0
10039,2000,52,10,19,22,4,5,2,1441,4,755,Senior,Manufacturing,210,0
10040,1988,42,1,11,35,14,3,3,2390,3,11,Mid,Finance,382,1
10041,2018,41,0,21,39,12,0,4,1384,4,360,Executive,Technology,190,1
10042,1997,60,10,26,38,2,5,4,2156,1,771,Mid,Manufacturing,285,1
10043,1983,43,7,26,25,8,4,0,0,1,295,Executive,Finance,181,0
10044,2004,25,3,16,24,11,0,1,1391,0,402,Mid,Education,454,1
10045,1993,34,2,22,16,6,5,3,7422,3,437,Entry,Technology,154,1
10046,1988,66,3,50,14,0,4,0,0,5,768,Mid,Other,341,0
10047,2005,63,10,19,36,7,3,4,4800,5,374,Entry,Finance,191,1
10048,1981,41,4,41,3,9,1,4,3142,1,746,Mid,Manufacturing,80,1
10049,1999,34,0,20,21,12,5,4,268,1,758,Mid,Manufacturing,334,1
10050,2007,38,10,9,16,4,5,2,3917,3,652,Executive,Other,392,1
10051,1986,57,0,6,21,5,0,2,9716,0,817,Senior,Healthcare,331,0
10052,2023,54,2,32,16,8,1,4,8669,0,692,Senior,Manufacturing,455,1
10053,1987,22,5,45,13,9,3,5,4271,0,499,Executive,Manufacturing,385,1
10054,2014,36,0,31,13,14,0,1,238,0,425,Senior,Technology,48,1
10055,1993,34,10,35,16,13,2,2,8801,2,876,Entry,Manufacturing,303,1
10056,1996,38,1,45,7,7,2,3,7002,3,664,Entry,Healthcare,54,1
10057,2015,45,6,40,33,13,2,2,7768,3,43,Mid,Manufacturing,335,1
10058,2019,29,0,47,25,10,3,3,5883,3,108,Entry,Healthcare,66,1
10059,1983,48,6,5,29,13,2,2,5785,5,97,Senior,Education,114,1
10060,1981,66,3,33,21,13,5,4,5093,0,738,Entry,Healthcare,111,1
10061,1985,44,9,5,15,2,0,3,6438,0,444,Mid,Technology,158,1
10062,2021,67,5,12,29,12,5,1,6174,5,80,Entry,Finance,106,1
10063,1983,29,7,20,15,4,2,2,9346,5,217,Senior,Other,25,1
10064,2008,29,8,32,37,15,0,2,9943,1,148,Executive,Finance,488,1
10065,1997,47,5,26,23,3,5,4,5445,2,946,Mid,Education,109,1
10066,2005,68,10,22,35,13,3,3,3338,5,75,Executive,Technology,65,1
10067,2023,34,8,26,34,0,1,5,2333,3,591,Entry,Education,413,1
10068,2013,60,3,45,5,4,5,4,4386,2,563,Mid,Education,204,1
10069,1989,58,5,16,3,9,4,3,4581,5,62,Mid,Manufacturing,100,1
10070,2015,49,7,23,17,6,2,2,6698,3,595,Entry,Manufacturing,499,1
10071,1993,46,8,29,5,0,4,2,8359,0,949,Mid,Technology,205,1
10072,2010,37,2,9,25,3,1,2,3542,0,393,Entry,Finance,0,1
10073,1994,23,1,38,36,5,3,2,5886,3,854,Executive,Healthcare,223,1
10074,1987,39,5,43,26,10,5,0,0,4,502,Executive,Manufacturing,69,1
10075,1993,38,3,14,40,11,3,2,6914,0,366,Senior,Technology,149,1
10076,2002,51,0,11,10,8,1,2,7513,1,477,Senior,Technology,458,1
10077,2019,60,7,41,37,10,4,5,8269,5,254,Entry,Finance,368,1
10078,2000,34,8,19,15,7,5,5,1108,0,58,Entry,Technology,214,1
10079,1995,53,8,46,18,1,2,3,9083,1,519,Executive,Other,309,1
10080,2024,50,1,28,14,10,0,2,4756,2,818,Mid,Technology,141,1
10081,1997,67,8,30,25,2,3,2,1224,0,388,Entry,Finance,13,1
10082,2003,51,6,30,40,9,1,3,7528,5,587,Mid,Manufacturing,467,0
10083,2005,39,4,50,30,12,5,2,8756,0,425,Senior,Finance,198,1
10084,2004,34,6,30,18,4,4,2,2859,5,589,Executive,Education,18,1
10085,2024,64,8,14,23,10,2,4,8493,2,635,Entry,Manufacturing,409,1
10086,2020,42,7,21,8,6,4,0,0,5,501,Senior,Education,314,1
10087,2008,51,5,18,22,2,2,3,2412,1,523,Entry,Technology,149,0
10088,1994,42,3,6,3,11,5,4,2647,4,279,Senior,Education,261,1
10089,2024,69,0,17,9,6,0,5,3338,5,44,Executive,Finance,318,1
10090,1980,38,5,31,8,4,0,1,5804,5,564,Entry,Finance,332,1
10091,2004,61,2,13,18,9,1,1,7231,1,180,Entry,Healthcare,73,0
10092,1986,40,5,11,14,5,1,5,4523,3,400,Mid,Other,437,1
10093,1988,36,5,14,33,5,2,0,0,3,960,Mid,Technology,382,1
10094,2003,30,3,13,18,10,2,1,3645,3,373,Entry,Finance,402,1
10095,1980,31,1,26,20,10,2,0,0,5,233,Executive,Manufacturing,350,0
10096,2023,65,8,27,33,13,2,1,11,2,185,Mid,Finance,265,1
10097,1987,52,1,11,16,11,5,1,6609,1,804,Entry,Manufacturing,292,1
10098,2003,44,2,13,17,3,5,4,3145,5,74,Entry,Technology,460,1
10099,1990,51,9,31,16,11,0,1,874,0,937,Senior,Other,144,0
10100,1996,54,0,28,1,7,1,5,7303,5,709,Executive,Healthcare,438,0
10101,1987,30,6,33,0,8,1,0,0,3,590,Mid,Healthcare,132,1
10102,2014,68,0,21,9,1,3,2,4650,1,232,Mid,Education,404,0
10103,2014,22,10,24,36,8,1,2,7710,0,167,Senior,Finance,373,1
10104,2012,65,8,11,4,10,1,2,6797,1,534,Entry,Technology,422,0
10105,1984,56,10,47,11,11,4,0,0,2,406,Mid,Education,147,0
10106,2021,32,10,44,35,3,4,0,0,3,997,Entry,Technology,454,1
10107,2018,55,0,11,30,5,3,2,9771,4,229,Mid,Technology,398,1
10108,2020,37,4,32,37,15,2,5,8544,5,816,Mid,Education,78,1
10109,2007,30,6,23,8,13,3,1,8162,3,895,Entry,Technology,308,1
10110,1986,53,2,24,25,6,3,2,9698,3,971,Entry,Education,214,1
10111,1988,36,8,48,14,3,0,3,3487,2,646,Mid,Other,32,1
10112,1987,33,7,43,15,7,5,0,0,0,292,Senior,Finance,377,1
10113,1991,54,2,44,12,12,1,3,2390,3,399,Senior,Education,427,1
10114,2013,66,4,11,24,13,0,3,4030,0,37,Senior,Finance,193,0
10115,2012,35,6,10,29,9,5,0,0,0,231,Senior,Healthcare,177,1
10116,2002,29,3,29,6,7,1,2,3438,2,866,Senior,Education,287,1
10117,2003,29,4,45,3,0,3,5,2383,3,167,Entry,Other,334,0
10118,2016,48,2,17,39,7,1,4,3367,5,284,Mid,Healthcare,454,1
10119,2014,33,8,43,37,9,2,3,6167,2,102,Senior,Education,200,1
10120,2023,22,9,44,29,13,2,2,1465,2,144,Executive,Technology,438,1
10121,2019,64,8,26,9,11,3,4,2151,4,754,Mid,Healthcare,411,1
10122,2001,61,6,21,29,2,4,3,3483,5,985,Executive,Manufacturing,469,1
10123,2006,63,9,26,38,15,2,2,573,2,659,Entry,Manufacturing,2,1
10124,2014,32,1,38,6,4,3,3,774,4,365,Mid,Manufacturing,52,0
10125,1980,60,6,12,35,13,0,2,7030,0,152,Entry,Healthcare,425,1
10126,2014,64,6,49,34,9,4,5,4338,5,827,Executive,Finance,257,1
10127,2016,52,10,22,23,7,2,1,8021,5,421,Mid,Education,120,1
10128,1993,38,4,28,38,10,3,1,3930,0,318,Mid,Technology,149,1
10129,1982,54,8,46,35,5,3,0,0,1,806,Entry,Technology,152,1
10130,1980,53,10,6,19,3,0,4,2220,5,637,Mid,Healthcare,216,1
10131,1984,50,2,6,31,14,0,3,1439,1,703,Executive,Manufacturing,415,0
10132,2005,42,3,31,38,3,4,3,6246,0,484,Entry,Other,491,1
10133,1993,42,0,18,25,11,5,2,7424,3,82,Executive,Technology,134,1
10134,2018,61,5,43,25,3,2,4,8905,1,532,Mid,Other,255,1
10135,2006,44,3,16,35,5,3,3,6700,2,287,Executive,Other,61,1
10136,1988,27,0,36,34,6,4,4,8767,5,795,Mid,Technology,286,1
10137,1994,43,1,32,34,12,4,4,6339,1,870,Executive,Finance,62,1
10138,1994,59,2,32,11,4,0,1,5084,5,488,Executive,Technology,292,0
10139,2005,58,8,50,32,9,3,3,5510,0,267,Senior,Technology,67,1
10140,2021,66,7,29,35,13,1,3,69,3,632,Mid,Education,224,1
10141,1992,29,6,8,13,7,5,0,0,0,622,Senior,Technology,334,1
10142,2011,62,10,30,32,15,5,4,8934,3,78,Senior,Education,136,1
10143,2018,56,3,40,23,6,0,2,6728,5,859,Entry,Manufacturing,453,0
10144,2011,32,0,7,14,7,3,1,4150,1,375,Entry,Finance,45,1
10145,1983,45,7,5,30,14,4,0,0,2,596,Executive,Other,94,1
10146,2009,42,3,21,16,3,5,1,7410,2,591,Mid,Technology,289,1
10147,2016,23,2,11,11,7,4,2,9568,0,150,Entry,Finance,363,1
10148,2002,61,8,9,21,12,2,0,0,5,755,Senior,Other,246,1
10149,2018,40,9,23,22,5,1,1,3007,3,729,Mid,Finance,315,1
10150,2024,60,3,43,25,2,0,2,8143,1,14,Executive,Other,485,0
10151,1994,49,3,50,13,12,5,5,6870,3,100,Executive,Other,396,1
10152,2022,38,8,38,11,7,2,0,0,3,779,Entry,Finance,291,1
10153,2008,27,10,39,3,12,2,2,4242,3,387,Entry,Healthcare,479,1
10154,2015,40,1,20,12,6,1,0,0,5,34,Entry,Education,213,1
10155,1992,59,4,44,17,9,0,3,9871,1,350,Executive,Other,255,1
10156,2011,49,3,43,27,4,0,3,7778,5,956,Senior,Other,47,1
10157,1986,23,8,31,37,10,4,1,9906,3,282,Entry,Other,92,0
10158,2001,59,4,45,40,3,0,4,1197,5,636,Executive,Other,458,1
10159,2007,58,8,42,18,0,2,5,2337,2,735,Mid,Finance,5,1
10160,1981,25,10,29,37,9,4,4,8086,0,672,Executive,Other,388,1
10161,2021,43,8,30,2,2,0,2,3193,4,524,Mid,Manufacturing,192,1
10162,2024,47,1,18,18,1,1,0,0,3,164,Mid,Technology,498,1
10163,1985,64,8,18,19,7,2,3,5220,2,427,Senior,Other,102,1
10164,2007,57,2,18,24,13,3,4,2973,5,257,Entry,Finance,433,1
10165,2007,34,3,29,10,7,1,3,6531,2,933,Mid,Other,73,0
10166,2023,53,0,40,16,11,1,5,3165,0,804,Entry,Finance,73,1
10167,2023,38,0,8,34,4,0,2,1090,0,442,Executive,Other,112,1
10168,1999,62,0,19,13,15,4,5,8441,4,625,Entry,Technology,151,1
10169,2009,57,8,36,38,13,4,5,141,4,119,Executive,Other,262,1
10170,1990,67,10,22,18,4,2,2,266,4,68,Mid,Manufacturing,85,1
10171,2007,40,7,18,2,15,0,0,0,1,273,Senior,Other,57,1
10172,2004,56,4,5,33,14,4,5,4310,1,559,Mid,Other,148,1
10173,2018,67,4,46,40,10,5,4,8680,2,848,Executive,Finance,213,1
10174,2012,61,8,24,21,3,3,2,8687,5,321,Mid,Finance,416,0
10175,1980,49,2,14,37,0,5,2,479,0,944,Senior,Other,299,1
10176,2006,22,2,14,26,0,0,3,2690,3,361,Entry,Manufacturing,280,0
10177,1992,63,6,28,20,12,0,1,5999,0,569,Executive,Finance,94,1
10178,2020,39,8,38,40,5,4,5,4936,1,930,Entry,Manufacturing,496,1
10179,1982,69,5,32,30,14,1,4,2427,2,589,Senior,Finance,207,1
10180,2018,61,1,31,26,3,0,0,0,3,498,Mid,Technology,371,0
10181,1985,54,0,44,36,3,1,5,8064,4,203,Senior,Manufacturing,142,1
10182,1987,33,1,5,1,2,2,0,0,4,953,Executive,Technology,412,1
10183,2006,29,0,37,8,13,2,3,5981,1,736,Executive,Technology,82,1
10184,1988,45,9,8,18,8,4,5,3911,2,774,Mid,Finance,51,1
10185,2016,37,9,11,35,2,2,0,0,5,505,Executive,Manufacturing,16,1
10186,2012,25,8,13,9,7,5,5,2349,0,614,Senior,Healthcare,217,1
10187,2021,59,9,20,39,1,5,2,649,1,108,Executive,Technology,227,1
10188,2023,65,7,9,38,3,5,5,5536,5,264,Entry,Technology,291,1
10189,2003,48,6,38,6,0,4,4,2856,5,836,Senior,Technology,418,1
10190,1994,30,2,27,3,10,4,5,5578,0,387,Senior,Finance,423,1
10191,2011,68,7,47,14,4,5,0,0,3,415,Executive,Finance,406,1
10192,2011,37,1,29,11,1,1,4,8116,0,900,Mid,Technology,200,0
10193,2003,33,1,17,5,10,5,0,0,3,567,Mid,Other,417,1
10194,2020,52,10,28,8,12,1,1,1293,5,311,Mid,Finance,441,1
10195,1991,45,9,15,34,0,2,1,3258,2,251,Executive,Finance,498,1
10196,2018,35,2,21,7,0,1,4,2713,1,811,Executive,Finance,81,1
10197,1981,66,6,41,6,1,0,1,8595,0,583,Executive,Education,127,0
10198,1982,46,0,17,3,4,3,1,4032,2,652,Senior,Manufacturing,79,1
10199,2016,55,7,31,12,11,0,2,1546,2,387,Senior,Finance,188,1
10200,1996,24,6,24,18,14,0,0,0,0,691,Executive,Education,479,1
10201,1981,45,3,37,6,14,4,1,2825,4,202,Mid,Education,155,0
10202,1981,63,4,46,9,8,3,4,4206,5,782,Entry,Finance,315,1
10203,2007,30,9,36,24,5,4,2,9004,4,887,Mid,Other,159,1
10204,2002,47,0,12,34,11,1,1,3374,3,109,Senior,Education,241,1
10205,2016,41,3,33,24,3,5,5,9121,2,81,Senior,Healthcare,313,1
10206,2011,61,0,44,28,14,1,4,7640,1,595,Mid,Education,81,1
10207,2012,31,0,23,11,2,3,0,0,1,768,Mid,Manufacturing,43,1
10208,1980,40,9,10,39,7,2,5,6078,2,192,Senior,Education,161,1
10209,1998,24,0,48,11,2,1,1,3323,4,138,Senior,Finance,220,1
10210,1981,45,6,43,5,0,0,4,8366,5,220,Executive,Other,148,1
10211,2023,26,6,45,9,3,3,5,7105,2,188,Entry,Technology,123,1
10212,2005,24,3,25,1,10,3,4,1363,3,860,Executive,Healthcare,0,1
10213,2011,48,1,26,24,12,1,3,9229,2,855,Executive,Education,182,1
10214,1985,37,2,46,6,4,1,5,7489,0,339,Mid,Other,207,0
10215,2011,36,7,14,39,15,4,4,7951,4,477,Mid,Healthcare,432,1
10216,1983,56,7,14,22,4,4,5,3011,0,958,Entry,Manufacturing,96,1
10217,1990,33,10,33,10,15,0,3,2090,0,421,Executive,Education,20,0
10218,1996,62,10,20,35,4,3,0,0,2,196,Executive,Education,354,0
10219,2017,65,5,5,22,7,2,0,0,5,812,Senior,Healthcare,438,1
10220,2003,47,9,21,6,15,2,2,4433,2,585,Senior,Education,410,1
10221,1984,68,8,34,26,7,3,5,5098,5,197,Entry,Education,403,1
10222,2013,55,10,30,12,11,0,3,1133,1,323,Mid,Technology,222,0
10223,1985,44,8,50,16,12,4,4,353,5,259,Senior,Healthcare,399,1
10224,2001,52,3,23,31,3,4,2,9299,0,198,Entry,Finance,500,1
10225,1990,41,0,25,25,14,4,5,2113,2,815,Executive,Finance,461,1
10226,1995,33,0,21,21,8,2,2,7555,1,864,Entry,Manufacturing,47,1
10227,2012,44,9,50,12,15,2,5,6010,0,136,Entry,Technology,31,1
10228,1988,25,4,44,11,0,0,0,0,1,345,Senior,Healthcare,488,1
10229,1985,44,1,25,6,4,2,4,3206,4,499,Senior,Healthcare,287,1
10230,1995,69,5,45,0,4,1,3,1109,3,174,Executive,Technology,436,1
10231,2008,69,6,44,32,4,2,0,0,0,488,Executive,Technology,379,1
10232,1982,22,0,49,13,7,4,2,9204,2,468,Executive,Manufacturing,436,0
10233,1999,46,5,23,40,8,0,1,3106,5,315,Entry,Finance,129,1
10234,2015,23,7,11,16,2,3,2,3936,4,819,Entry,Other,440,1
10235,1998,51,4,21,3,8,3,1,9658,1,379,Senior,Healthcare,492,1
10236,2005,24,6,5,38,12,0,5,8461,3,853,Executive,Other,277,1
10237,1982,42,9,41,0,10,1,0,0,5,928,Senior,Technology,484,1
10238,1998,46,5,10,40,7,3,5,6549,0,441,Executive,Healthcare,244,1
10239,1999,41,3,30,23,2,4,3,9723,3,864,Executive,Finance,51,1
10240,2011,43,6,6,33,1,3,4,8495,4,815,Senior,Healthcare,208,1
10241,1986,42,9,36,33,14,3,1,5148,3,132,Senior,Other,351,1
10242,2020,54,8,9,23,3,4,4,1932,0,980,Senior,Healthcare,229,1
10243,2012,59,9,41,14,14,2,5,2040,4,26,Executive,Technology,464,1
10244,2019,36,9,35,16,12,1,0,0,1,936,Entry,Technology,185,0
10245,2018,67,6,16,12,11,4,0,0,0,256,Senior,Technology,161,1
10246,1997,36,4,39,6,1,4,5,6789,3,562,Senior,Finance,198,1
10247,2019,67,6,34,8,3,5,5,5775,0,655,Entry,Education,476,1
10248,1980,46,2,10,34,4,0,0,0,4,866,Entry,Finance,400,1
10249,1990,42,1,19,22,1,1,3,947,3,355,Mid,Technology,471,1
10250,2007,45,10,19,38,11,2,1,765,1,235,Senior,Manufacturing,455,1
10251,2004,26,4,20,22,7,5,4,7172,5,671,Mid,Healthcare,278,1
10252,2002,27,3,24,25,0,4,2,5015,2,988,Mid,Healthcare,32,1
10253,2010,64,4,17,0,2,5,5,9130,1,358,Entry,Other,412,1
10254,2009,69,7,48,13,6,2,5,2496,0,814,Executive,Healthcare,18,1
10255,2021,65,3,46,31,9,5,0,0,2,918,Executive,Other,120,1
10256,2014,68,8,50,9,0,5,4,1262,5,270,Entry,Healthcare,68,1
10257,1986,44,6,35,0,12,5,4,6393,5,665,Mid,Manufacturing,292,1
10258,1995,25,9,38,4,10,4,3,5050,4,548,Mid,Other,214,1
10259,2005,48,6,33,2,14,4,1,5410,5,509,Mid,Technology,122,1
10260,1981,39,7,7,26,1,0,3,542,3,728,Mid,Education,409,0
10261,1980,42,5,13,21,2,3,3,6664,3,438,Senior,Healthcare,279,1
10262,1991,49,7,15,17,13,1,4,7723,4,641,Mid,Other,53,1
10263,1984,56,2,15,15,15,0,1,2781,5,587,Entry,Education,20,0
10264,2016,43,9,29,1,13,2,1,2612,0,914,Mid,Other,96,1
10265,2011,61,9,26,12,1,5,1,1199,1,799,Mid,Finance,345,1
10266,1988,44,0,46,15,1,4,0,0,2,470,Entry,Finance,137,1
10267,2020,24,5,50,7,11,5,1,6323,4,708,Mid,Healthcare,41,1
10268,2014,61,0,13,7,10,4,4,4688,5,310,Executive,Technology,412,1
10269,1998,31,8,24,9,5,1,0,0,0,216,Entry,Manufacturing,440,0
10270,1995,46,1,25,32,6,0,2,3681,0,610,Senior,Other,245,1
10271,1982,29,10,14,30,5,0,5,5229,2,311,Senior,Healthcare,418,1
10272,1999,32,1,26,11,10,2,3,3495,4,796,Entry,Finance,27,1
10273,2003,26,6,33,8,5,0,1,8856,1,229,Senior,Finance,395,0
10274,2012,66,1,13,36,14,0,2,6078,1,620,Senior,Other,57,1
10275,2003,58,9,9,8,8,3,1,3162,4,339,Senior,Other,126,0
10276,1990,66,7,44,17,7,1,3,1416,3,494,Entry,Other,427,1
10277,1987,59,5,15,29,13,5,4,3108,5,163,Mid,Education,262,1
10278,2015,50,6,5,31,7,0,4,8708,1,115,Senior,Manufacturing,143,1
10279,2017,26,6,46,39,5,2,3,9041,3,70,Executive,Other,467,1
10280,2019,30,5,5,22,4,5,2,7829,4,725,Mid,Other,92,1
10281,1999,69,9,43,10,8,4,0,0,5,849,Mid,Healthcare,34,1
10282,2014,23,10,50,19,11,0,5,8507,0,52,Senior,Technology,91,1
10283,2004,22,8,9,18,1,0,5,7573,4,596,Senior,Education,262,0
10284,2014,61,8,26,35,6,5,5,9699,0,341,Mid,Manufacturing,469,1
10285,2004,51,6,30,25,5,4,0,0,4,934,Senior,Education,13,0
10286,2008,32,8,10,9,6,3,1,1934,3,587,Entry,Other,314,1
10287,1997,49,9,36,23,11,1,3,5951,5,778,Entry,Technology,483,1
10288,1997,65,2,15,12,3,3,3,4344,3,759,Senior,Other,317,1
10289,1981,33,2,14,33,8,2,0,0,5,331,Mid,Finance,201,1
10290,2014,60,0,43,28,6,5,2,9993,4,985,Senior,Other,375,1
10291,1995,47,4,38,35,1,0,5,6334,0,797,Executive,Healthcare,321,1
10292,2020,34,3,35,6,12,3,3,2622,4,78,Entry,Healthcare,277,0
10293,2015,29,1,16,29,3,1,4,9048,0,967,Mid,Technology,143,1
10294,2012,49,8,48,16,4,2,4,5565,3,106,Executive,Other,354,1
10295,1983,51,2,20,12,1,3,3,1525,2,948,Senior,Healthcare,494,1
10296,2012,30,7,42,23,9,0,5,1416,1,81,Entry,Healthcare,487,1
10297,1993,60,5,7,30,7,1,5,1794,3,201,Executive,Other,495,1
10298,2000,52,4,6,26,0,0,5,2720,4,391,Mid,Education,458,1
10299,1999,42,0,9,20,14,0,2,6826,4,229,Entry,Technology,375,0
10300,1987,68,3,15,0,2,2,4,6795,0,738,Senior,Education,490,1
10301,1986,55,2,29,14,14,1,2,3676,1,19,Senior,Healthcare,298,1
10302,1982,52,0,39,2,13,4,0,0,5,779,Entry,Other,352,1
10303,1996,46,4,39,5,0,0,1,6369,3,322,Executive,Manufacturing,353,1
10304,2012,33,5,26,13,14,1,5,8544,1,467,Entry,Other,371,1
10305,1991,22,1,41,37,4,0,0,0,1,689,Entry,Manufacturing,480,0
10306,2001,43,2,26,32,7,3,1,5826,3,893,Entry,Education,466,1
10307,2001,61,10,15,37,6,3,4,2192,0,651,Executive,Finance,403,1
10308,2009,58,5,36,7,8,1,1,9969,5,309,Entry,Other,393,1
10309,2017,68,3,39,25,1,2,1,3536,0,471,Mid,Finance,402,1
10310,2017,22,8,35,14,15,4,3,7299,0,591,Senior,Technology,244,0
10311,2024,22,4,49,13,11,3,1,9308,2,891,Executive,Manufacturing,490,0
10312,1987,63,3,12,19,7,2,3,2320,1,693,Mid,Manufacturing,11,1
10313,2006,63,1,24,18,7,4,1,7871,2,73,Entry,Education,393,1
10314,2006,42,5,46,32,13,3,3,533,0,658,Mid,Other,70,1
10315,2013,36,9,38,35,5,4,4,9409,5,744,Executive,Healthcare,183,1
10316,2000,38,1,8,23,2,5,4,5351,3,653,Senior,Technology,103,1
10317,2009,43,6,22,9,1,0,1,1979,1,435,Executive,Education,10,1
10318,2012,59,2,8,33,13,1,2,2076,3,461,Entry,Finance,497,1
10319,2007,56,8,24,35,7,3,4,8723,4,149,Entry,Other,207,1
10320,2012,66,10,13,35,5,3,0,0,1,643,Senior,Healthcare,224,0
10321,1984,37,4,20,15,3,0,0,0,3,750,Executive,Technology,316,1
10322,1998,29,7,30,14,4,3,3,4114,0,883,Executive,Other,381,1
10323,1983,68,10,42,17,4,3,2,2584,2,314,Executive,Healthcare,421,1
10324,2014,38,5,29,6,12,5,5,9740,3,673,Mid,Finance,272,1
10325,1996,38,9,8,21,8,3,3,1488,5,831,Senior,Education,53,1
10326,2023,47,7,45,31,12,3,1,3659,4,249,Executive,Education,172,1
10327,2007,34,10,49,18,12,3,4,6402,0,639,Senior,Manufacturing,246,0
10328,2009,38,2,45,39,8,2,2,8047,4,273,Mid,Other,152,1
10329,2008,59,2,42,0,7,3,3,227,5,481,Executive,Education,105,1
10330,1985,38,4,23,34,7,0,3,4471,5,81,Mid,Manufacturing,158,0
10331,2014,69,10,18,4,15,5,0,0,2,231,Entry,Education,105,1
10332,2020,35,9,25,11,11,3,1,7623,4,30,Entry,Technology,192,1
10333,2016,66,2,19,11,1,4,3,4352,5,745,Entry,Other,294,1
10334,2003,27,7,7,20,13,5,0,0,3,83,Senior,Finance,275,1
10335,2008,56,9,41,18,2,5,2,7315,5,995,Executive,Other,72,1
10336,2010,67,7,50,8,13,4,3,698,5,41,Executive,Other,42,1
10337,2014,35,1,20,35,15,0,5,437,3,713,Mid,Healthcare,371,1
10338,2012,68,3,18,31,7,2,5,5819,0,250,Mid,Finance,193,1
10339,2000,29,9,13,34,12,0,0,0,2,509,Entry,Finance,128,1
10340,2011,36,0,11,30,4,2,5,9876,2,386,Senior,Manufacturing,310,1
10341,2002,48,3,18,31,6,1,1,2153,1,596,Senior,Manufacturing,107,0
10342,2012,34,10,10,36,13,4,4,6038,1,995,Mid,Technology,102,1
10343,1982,52,3,25,31,7,5,5,6008,3,694,Mid,Healthcare,434,1
10344,1997,56,9,19,36,5,5,2,6375,5,265,Executive,Education,132,1
10345,2004,27,8,12,38,14,5,3,5136,4,582,Executive,Education,249,1
10346,2021,26,2,38,37,4,4,0,0,5,21,Mid,Finance,395,1
10347,2010,43,1,44,29,7,4,3,959,5,406,Executive,Other,269,1
10348,1982,44,8,5,31,0,2,4,8469,4,75,Mid,Technology,443,1
10349,2019,46,8,36,1,15,5,3,4220,0,486,Senior,Other,102,1
10350,2003,55,0,9,10,0,0,3,3756,2,780,Entry,Healthcare,479,1
10351,2011,47,5,34,19,0,2,0,0,3,679,Mid,Education,295,1
10352,2001,68,9,26,36,2,5,4,9535,4,890,Mid,Finance,237,1
10353,2002,26,7,24,8,9,4,2,4770,1,908,Executive,Technology,107,1
10354,1981,47,2,20,37,12,4,0,0,3,864,Mid,Healthcare,136,1
10355,2006,41,10,11,18,11,4,4,9697,0,350,Senior,Other,425,0
10356,2021,27,8,11,39,5,5,4,3921,3,239,Entry,Finance,297,1
10357,1981,27,1,6,6,5,4,3,2714,4,50,Executive,Finance,288,1
10358,2005,39,5,18,4,4,1,1,1347,0,959,Senior,Other,24,1
10359,1996,25,0,35,23,12,4,1,5008,5,475,Entry,Technology,117,1
10360,2019,38,6,45,40,12,5,2,6085,1,594,Executive,Technology,229,1
10361,2012,35,2,18,6,13,2,3,8169,1,980,Senior,Technology,333,1
10362,1988,35,6,9,10,6,4,1,4868,4,863,Mid,Technology,255,1
10363,2022,34,3,15,8,4,3,0,0,0,601,Executive,Healthcare,8,1
10364,2018,28,8,44,29,13,1,2,9944,1,893,Mid,Technology,118,0
10365,2008,65,4,9,40,1,5,3,2505,0,524,Executive,Technology,118,1
10366,2021,36,2,33,2,3,4,5,5096,3,156,Entry,Technology,90,1
10367,2005,40,7,15,21,0,3,0,0,2,198,Executive,Healthcare,171,0
10368,2014,64,5,9,39,6,5,1,1737,2,430,Executive,Education,210,1
10369,2004,68,1,36,19,3,2,1,1108,2,665,Senior,Finance,313,1
10370,2003,65,2,40,31,12,1,1,2679,1,709,Executive,Manufacturing,408,1
10371,1992,56,7,19,6,3,4,1,1037,4,735,Entry,Other,115,1
10372,1986,38,9,23,6,12,2,4,5760,2,995,Senior,Finance,287,1
10373,2015,56,6,26,19,3,5,5,9103,5,117,Mid,Healthcare,21,1
10374,2024,40,9,38,24,2,3,2,2096,4,662,Executive,Other,348,1
10375,1999,41,5,21,34,7,5,2,358,2,755,Entry,Technology,54,0
10376,1980,57,0,16,23,3,5,1,5953,3,74,Entry,Healthcare,475,1
10377,1987,56,8,29,39,7,1,2,1076,2,951,Executive,Education,444,1
10378,1995,53,2,21,12,8,4,5,7236,4,724,Executive,Manufacturing,107,1
10379,1993,69,4,14,38,0,2,0,0,1,786,Mid,Education,440,0
10380,1991,65,6,32,3,14,1,0,0,5,865,Mid,Technology,76,1
10381,2002,61,6,22,11,3,3,2,5764,3,366,Mid,Healthcare,60,1
10382,1994,45,2,22,16,5,4,1,4974,4,755,Mid,Healthcare,121,1
10383,2007,38,3,49,0,7,1,3,3527,0,177,Mid,Technology,91,1
10384,2013,28,9,36,16,13,3,5,2302,2,107,Mid,Technology,322,1
10385,1981,64,6,18,1,5,3,1,9796,3,802,Senior,Manufacturing,221,1
10386,2011,22,7,20,5,11,2,4,1075,1,688,Senior,Education,458,1
10387,2002,56,1,22,10,5,5,3,4048,0,478,Entry,Technology,129,1
10388,2001,53,8,20,17,9,3,5,328,2,685,Senior,Technology,497,1
10389,2004,57,6,21,39,3,3,4,3477,3,92,Executive,Education,369,1
10390,2001,34,7,11,24,8,5,2,7124,5,965,Executive,Technology,440,1
10391,2001,27,5,16,38,15,0,4,1002,4,99,Executive,Other,247,1
10392,2021,35,5,38,27,6,3,2,8768,2,180,Entry,Manufacturing,120,1
10393,1985,58,8,14,15,13,4,4,8518,3,670,Senior,Manufacturing,200,1
10394,1994,69,3,9,11,10,1,3,6386,2,95,Executive,Education,160,1
10395,2022,36,10,25,40,5,5,4,9719,5,231,Senior,Finance,249,1
10396,2016,68,10,7,28,0,5,1,2821,3,250,Executive,Manufacturing,217,1
10397,2012,25,4,23,22,1,5,2,9657,4,851,Mid,Healthcare,62,1
10398,1987,61,8,49,20,11,4,0,0,2,917,Senior,Healthcare,399,1
10399,2023,37,0,48,15,5,5,4,8686,3,578,Senior,Finance,216,1
10400,2023,49,3,39,40,10,4,2,9330,0,903,Executive,Manufacturing,384,0
10401,1984,37,6,10,25,15,2,0,0,1,748,Senior,Technology,340,0
10402,2018,25,10,18,36,14,0,2,9548,5,18,Mid,Other,63,0
10403,1983,66,8,8,21,0,5,2,9345,3,286,Executive,Finance,211,1
10404,1985,47,10,49,9,14,0,0,0,3,799,Mid,Technology,119,1
10405,2024,49,9,22,6,14,5,0,0,3,206,Executive,Other,68,1
10406,2011,53,5,33,8,10,4,3,3388,2,310,Senior,Healthcare,123,1
10407,2009,66,7,39,24,15,1,5,9316,5,102,Executive,Other,376,1
10408,2014,23,8,42,14,4,0,4,5315,1,158,Entry,Finance,144,0
10409,2019,52,9,20,12,0,0,4,8993,5,706,Executive,Manufacturing,295,1
10410,1995,24,3,24,25,12,4,2,207,2,562,Senior,Healthcare,357,1
10411,1992,29,0,28,20,2,0,1,8664,3,377,Mid,Manufacturing,128,1
10412,2021,45,7,39,22,11,2,1,1638,5,223,Mid,Technology,12,0
10413,2009,36,1,48,27,11,4,5,5127,3,713,Entry,Manufacturing,273,1
10414,1998,64,10,23,37,11,0,2,8327,1,91,Executive,Other,67,1
10415,1996,52,0,8,11,6,0,3,4356,0,666,Executive,Finance,366,1
10416,1998,30,6,37,23,4,0,0,0,2,175,Mid,Technology,269,0
10417,2007,60,9,6,12,14,4,2,8649,0,109,Mid,Finance,495,1
10418,2005,66,8,17,39,11,1,4,6024,5,999,Senior,Other,132,1
10419,2016,23,10,49,1,14,3,1,7605,3,810,Entry,Technology,61,1
10420,2005,29,8,34,38,9,5,1,1436,3,734,Mid,Finance,160,1
10421,2002,28,2,38,11,0,0,1,6375,4,178,Executive,Healthcare,25,1
10422,1988,65,5,34,38,0,3,3,8698,4,737,Mid,Finance,246,1
10423,1991,60,6,28,13,15,3,4,6247,0,452,Senior,Healthcare,188,1
10424,1980,63,9,48,29,14,0,3,8637,4,74,Executive,Other,451,1
10425,1980,37,8,37,40,7,0,0,0,5,582,Senior,Education,285,1
10426,2013,56,1,45,18,10,5,2,443,1,839,Senior,Manufacturing,445,1
10427,2011,51,7,14,30,13,3,2,117,5,720,Senior,Technology,317,1
10428,2004,31,6,22,24,12,1,1,9732,0,491,Entry,Manufacturing,336,1
10429,2019,59,3,23,3,8,3,1,566,5,945,Executive,Other,219,1
10430,2024,39,1,11,12,6,1,0,0,4,956,Executive,Healthcare,325,1
10431,1980,26,7,23,35,12,2,3,1936,4,102,Senior,Healthcare,440,1
10432,1995,50,10,28,36,2,1,5,4183,1,40,Entry,Healthcare,248,0
10433,2018,60,4,19,2,11,5,5,7926,5,434,Mid,Finance,90,1
10434,1984,55,5,45,15,5,4,5,9844,1,333,Executive,Manufacturing,35,1
10435,2001,64,10,46,25,2,0,4,4571,0,279,Mid,Healthcare,6,1
10436,2008,66,6,27,39,9,2,0,0,2,541,Executive,Education,320,1
10437,1982,44,9,8,38,3,3,2,4390,5,505,Senior,Other,201,1
10438,1991,26,0,42,18,11,1,2,4815,5,242,Executive,Healthcare,332,1
10439,2005,51,7,8,14,3,2,3,5500,1,563,Senior,Manufacturing,40,1
10440,1995,27,3,9,31,2,4,0,0,4,945,Executive,Healthcare,31,1
10441,2016,67,8,45,20,9,1,4,6987,0,568,Senior,Healthcare,141,0
10442,2001,65,0,48,0,5,5,0,0,2,701,Mid,Technology,255,1
10443,2008,25,10,27,5,4,3,0,0,5,78,Mid,Healthcare,160,1
10444,1993,50,1,44,26,10,3,3,1203,0,884,Mid,Manufacturing,29,1
10445,2007,44,5,41,22,8,1,4,5056,4,436,Executive,Other,456,1
10446,1984,27,10,15,30,8,4,5,7057,2,707,Entry,Technology,261,1
10447,2009,53,9,15,11,2,0,2,8597,2,460,Mid,Technology,9,1
10448,1984,63,10,17,20,12,0,1,5713,1,196,Executive,Healthcare,202,1
10449,1991,39,0,18,1,8,3,5,5183,3,30,Senior,Healthcare,358,1
10450,1995,36,3,12,4,12,4,4,4214,4,843,Entry,Education,275,1
10451,2005,61,7,29,8,11,3,2,4079,3,29,Entry,Manufacturing,344,1
10452,2005,53,9,22,19,2,0,5,312,4,112,Entry,Other,123,1
10453,2000,30,4,48,17,3,3,3,8354,0,649,Mid,Manufacturing,117,1
10454,2018,58,8,48,21,0,1,4,1528,3,733,Mid,Finance,267,0
10455,2015,31,10,22,7,4,5,4,5496,5,985,Mid,Other,277,1
10456,2012,41,10,14,33,11,1,2,9757,5,683,Mid,Finance,75,1
10457,2009,27,5,11,8,8,5,2,4768,5,389,Senior,Manufacturing,13,1
10458,2016,69,0,48,6,14,4,0,0,2,666,Executive,Healthcare,105,1
10459,2002,24,5,18,29,1,0,0,0,1,275,Entry,Technology,175,1
10460,1989,63,5,19,17,3,4,4,6630,4,219,Executive,Education,181,1
10461,1984,32,5,20,26,9,4,1,1047,1,275,Entry,Healthcare,35,1
10462,2015,64,7,6,15,1,0,3,1942,4,11,Entry,Other,444,1
10463,2013,38,5,34,20,13,2,2,239,5,492,Entry,Other,54,1
10464,2010,53,4,34,4,7,2,0,0,2,596,Entry,Technology,269,0
10465,1989,25,10,22,28,8,3,3,671,2,733,Senior,Other,1,1
10466,1998,25,1,35,36,2,2,5,2619,2,48,Senior,Manufacturing,255,0
10467,2011,38,3,48,21,12,1,5,7919,2,691,Entry,Other,1,0
10468,1980,62,9,17,13,14,5,4,2461,2,9,Entry,Healthcare,60,1
10469,1984,40,4,24,18,8,4,2,8593,5,260,Mid,Other,362,1
10470,2024,26,9,39,34,5,3,5,2106,1,319,Entry,Education,106,1
10471,1983,53,3,27,23,5,4,2,4148,0,185,Executive,Other,133,0
10472,1995,43,1,46,5,6,0,0,0,3,228,Senior,Finance,408,1
10473,2003,27,6,37,2,11,2,5,6776,1,903,Executive,Technology,450,1
10474,1995,56,9,42,33,4,0,1,9334,5,669,Mid,Healthcare,22,1
10475,1981,43,9,39,1,5,3,5,4381,3,784,Senior,Education,72,1
10476,2007,22,1,40,14,10,5,2,5124,0,834,Mid,Healthcare,350,1
10477,2011,41,0,24,36,0,1,1,7559,4,20,Mid,Manufacturing,27,1
10478,2006,43,4,7,14,2,2,3,141,0,15,Executive,Technology,24,1
10479,1999,69,0,12,31,11,0,5,396,0,479,Entry,Manufacturing,354,1
10480,2003,32,0,44,20,15,5,2,5137,5,794,Senior,Other,64,1
10481,1991,34,0,36,16,8,2,5,7281,4,626,Senior,Manufacturing,193,1
10482,2014,63,5,33,33,11,4,5,1555,3,5,Entry,Other,206,0
10483,2012,24,8,11,31,4,1,2,7054,2,297,Executive,Finance,298,1
10484,2012,30,9,6,22,4,5,1,5894,4,911,Mid,Manufacturing,39,1
10485,2022,33,10,25,34,7,2,0,0,4,940,Executive,Education,463,1
10486,2016,44,0,10,36,10,1,5,5051,0,258,Mid,Technology,22,1
10487,1991,35,4,32,40,10,5,4,670,4,39,Senior,Finance,176,1
10488,1982,54,8,46,36,12,4,3,4594,1,275,Entry,Healthcare,482,1
10489,1980,39,8,40,32,1,4,2,1855,2,743,Entry,Manufacturing,263,1
10490,2012,62,0,36,24,12,0,5,3429,0,518,Senior,Healthcare,127,1
10491,2019,30,7,49,36,6,3,0,0,3,826,Mid,Finance,262,1
10492,1989,44,0,46,39,8,0,2,6986,3,906,Executive,Healthcare,276,1
10493,2022,31,7,50,20,6,1,5,9880,3,604,Mid,Education,34,1
10494,2023,40,0,13,37,11,0,3,4431,3,510,Entry,Finance,486,1
10495,2008,68,4,15,39,4,5,4,569,3,307,Executive,Technology,100,1
10496,1992,26,7,27,33,12,2,2,6456,0,898,Executive,Technology,224,0
10497,1991,68,5,15,18,15,5,5,1146,1,532,Mid,Technology,228,1
10498,2010,44,8,6,26,15,0,1,9056,1,948,Mid,Technology,98,1
10499,1981,51,0,7,8,5,3,0,0,3,479,Mid,Finance,81,1
10500,2014,46,8,15,4,3,5,4,4900,1,413,Executive,Finance,316,1
10501,2002,49,0,39,4,13,5,2,27,2,998,Senior,Other,466,0
10502,1996,55,9,19,24,11,5,5,5349,1,522,Executive,Finance,329,1
10503,2005,66,9,47,25,6,3,4,1029,4,464,Entry,Manufacturing,195,1
10504,1987,69,2,15,18,0,5,1,6616,3,408,Senior,Other,413,1
10505,2008,68,0,35,29,3,1,2,1996,4,49,Senior,Finance,364,1
10506,2005,46,2,32,35,2,4,4,1341,4,984,Mid,Finance,480,1
10507,1989,31,10,32,15,15,3,2,9440,3,776,Executive,Finance,67,1
10508,2005,35,1,36,6,12,1,2,2087,5,44,Entry,Technology,392,0
10509,2013,63,1,29,17,15,3,4,8872,0,796,Executive,Education,272,1
10510,2020,67,8,24,20,3,3,2,374,5,829,Mid,Technology,298,0
10511,1986,51,7,32,30,0,4,1,3045,1,270,Executive,Other,358,1
10512,1983,62,0,29,0,11,2,4,6275,5,274,Entry,Education,343,0
10513,2024,46,3,15,2,12,1,5,5949,2,910,Mid,Education,440,0
10514,1990,35,0,23,30,1,3,4,805,5,422,Executive,Education,358,0
10515,2008,56,0,32,24,11,3,1,6352,5,34,Entry,Other,140,1
10516,2015,69,3,5,7,10,0,1,6470,0,503,Entry,Other,184,1
10517,2004,55,1,9,0,15,5,1,6646,2,487,Mid,Technology,153,1
10518,2000,31,2,14,6,12,2,5,278,5,652,Mid,Manufacturing,188,1
10519,2015,56,10,46,6,8,4,5,1405,3,143,Senior,Healthcare,61,1
10520,1989,32,8,50,7,14,1,2,8979,1,834,Senior,Manufacturing,18,1
10521,2016,32,1,38,18,6,3,2,7150,5,756,Entry,Technology,80,0
10522,1988,42,3,40,16,12,5,3,1332,0,862,Mid,Education,497,1
10523,2003,42,0,6,10,5,1,2,8065,3,822,Mid,Healthcare,29,1
10524,2014,43,1,22,40,1,4,1,3147,0,192,Executive,Manufacturing,126,1
10525,2014,66,4,17,10,0,2,3,7992,4,546,Executive,Other,217,1
10526,2015,28,9,9,37,1,0,1,3449,5,783,Executive,Other,12,1
10527,1997,38,0,24,40,6,2,0,0,1,896,Executive,Finance,176,0
10528,2018,23,10,6,1,1,0,5,8026,1,177,Senior,Other,337,1
10529,2011,33,6,15,3,2,1,4,1009,3,781,Executive,Manufacturing,120,1
10530,2003,63,3,34,27,7,2,0,0,3,317,Mid,Technology,468,1
10531,2002,39,5,36,32,6,2,5,5191,3,390,Entry,Healthcare,371,1
10532,2011,32,7,36,10,11,2,5,8508,1,150,Entry,Finance,481,1
10533,2016,37,5,42,2,10,4,1,5307,5,610,Entry,Other,178,1
10534,1991,39,1,32,39,10,1,2,4216,4,446,Senior,Other,110,0
10535,1992,56,0,14,4,13,0,4,1365,1,540,Entry,Healthcare,8,1
10536,2002,47,7,26,20,10,2,2,6796,3,149,Senior,Healthcare,221,1
10537,2004,37,7,21,21,8,1,2,9127,2,207,Senior,Manufacturing,284,1
10538,2014,27,8,26,36,11,5,4,3518,5,348,Entry,Other,348,1
10539,2020,65,5,47,10,3,4,4,2768,4,261,Senior,Education,109,1
10540,2009,64,0,23,21,6,4,0,0,1,721,Executive,Other,466,1
10541,1996,68,8,21,40,0,5,1,3592,2,412,Executive,Manufacturing,135,1
10542,1999,68,2,28,12,10,1,2,2232,5,88,Executive,Finance,107,1
10543,2004,69,10,40,2,10,0,1,8048,4,748,Senior,Technology,336,1
10544,2001,63,5,36,12,1,1,1,2935,1,759,Executive,Other,203,1
10545,1992,33,9,50,27,6,1,3,6719,5,257,Entry,Manufacturing,14,1
10546,1998,34,9,40,10,14,3,0,0,5,491,Entry,Education,452,1
10547,2015,25,10,32,10,1,4,2,2367,3,703,Senior,Education,161,1
10548,1991,60,8,18,20,5,0,5,6555,1,607,Senior,Manufacturing,435,1
10549,2020,23,10,40,20,12,3,4,905,5,547,Executive,Finance,433,1
10550,1998,47,2,10,6,9,5,4,8168,4,95,Mid,Education,194,1
10551,1991,48,4,13,16,11,1,1,7900,3,1000,Entry,Education,260,1
10552,1988,48,4,25,13,15,5,0,0,5,403,Mid,Other,353,1
10553,1986,36,9,16,32,8,4,0,0,0,438,Executive,Other,8,1
10554,2007,29,6,34,10,10,3,2,5009,2,36,Senior,Finance,215,1
10555,1993,28,3,35,12,4,3,2,7235,5,745,Executive,Finance,260,1
10556,2010,68,10,44,0,9,0,1,9707,3,613,Mid,Finance,410,1
10557,1998,67,3,8,33,6,1,1,7208,3,480,Executive,Finance,112,1
10558,1995,61,6,35,8,12,0,1,7958,4,179,Senior,Manufacturing,116,1
10559,1984,33,8,31,12,0,3,3,5288,5,324,Mid,Manufacturing,339,1
10560,2014,34,10,29,36,7,3,0,0,5,581,Executive,Healthcare,46,1
10561,1991,64,3,9,29,8,0,1,6136,4,405,Senior,Healthcare,317,0
10562,2004,38,3,10,40,14,3,0,0,2,468,Executive,Healthcare,300,1
10563,2000,38,5,9,36,12,2,5,6606,4,978,Executive,Education,488,1
10564,2015,57,5,31,6,4,4,4,9864,3,618,Senior,Finance,321,1
10565,2002,42,6,12,13,5,1,4,2302,2,270,Senior,Manufacturing,278,1
10566,1995,29,0,13,5,12,4,0,0,2,353,Executive,Manufacturing,97,0
10567,2018,26,10,19,33,10,1,5,7325,1,558,Entry,Finance,444,1
10568,2024,47,2,40,15,15,3,4,4395,3,966,Executive,Healthcare,92,1
10569,2021,37,8,45,36,15,0,4,3995,3,464,Senior,Other,298,1
10570,2018,57,5,11,35,7,0,4,8498,4,619,Entry,Education,251,1
10571,1993,49,5,36,5,3,3,2,8312,3,363,Senior,Manufacturing,162,1
10572,2010,50,4,12,7,1,1,5,7769,5,68,Executive,Technology,157,1
10573,1984,68,10,19,23,14,3,2,9469,4,307,Mid,Education,66,1
10574,2014,33,2,41,2,9,1,0,0,3,422,Senior,Education,137,1
10575,2002,58,10,23,3,7,3,0,0,5,513,Senior,Healthcare,383,1
10576,2008,51,4,43,31,1,3,3,3102,1,218,Mid,Finance,311,1
10577,2022,44,0,10,0,4,3,2,9377,3,44,Senior,Technology,289,1
10578,1990,37,2,23,33,14,0,0,0,1,919,Senior,Healthcare,64,1
10579,1997,35,3,32,8,12,1,2,9371,3,232,Senior,Finance,261,1
10580,1991,31,4,21,11,5,5,3,1346,3,700,Mid,Technology,197,1
10581,1988,28,9,46,9,4,3,0,0,0,366,Executive,Other,170,1
10582,1989,66,8,23,9,5,4,0,0,5,859,Senior,Other,15,1
10583,2023,58,3,35,22,5,4,0,0,3,121,Entry,Manufacturing,190,1
10584,1996,50,2,15,5,2,0,0,0,1,494,Executive,Technology,448,0
10585,2017,24,9,19,23,10,2,1,4612,2,576,Executive,Healthcare,388,1
10586,1986,36,0,14,23,10,5,5,9739,1,948,Entry,Technology,24,1
10587,1992,57,9,47,20,15,0,5,5690,5,883,Entry,Technology,249,1
10588,2019,68,5,27,30,2,2,2,2858,3,148,Entry,Technology,26,1
10589,2021,67,6,7,40,8,0,2,761,4,760,Mid,Manufacturing,169,1
10590,1988,40,9,7,29,2,4,2,5458,0,894,Senior,Other,116,1
10591,2006,34,7,22,33,2,3,3,8047,4,475,Executive,Other,379,1
10592,1981,63,0,29,17,10,1,1,4902,0,578,Entry,Finance,54,0
10593,1984,42,3,47,11,13,3,2,8105,0,349,Senior,Technology,485,1
10594,2008,58,10,24,34,1,4,2,1496,4,896,Senior,Education,362,1
10595,2016,48,4,33,6,6,1,0,0,5,570,Mid,Healthcare,25,1
10596,2017,50,1,26,40,9,2,0,0,3,114,Executive,Education,271,1
10597,1998,41,0,19,39,9,2,0,0,1,627,Senior,Finance,499,0
10598,1987,46,7,43,24,3,4,2,3376,4,236,Entry,Healthcare,364,1
10599,2024,27,5,14,5,0,1,0,0,2,46,Entry,Finance,107,1
10600,1980,57,4,25,0,5,3,2,834,0,620,Mid,Healthcare,497,1
10601,2001,23,8,33,15,4,4,3,623,1,273,Entry,Other,89,1
10602,1996,43,10,36,3,13,2,3,1047,2,112,Entry,Other,492,1
10603,1986,53,10,14,28,10,4,4,1564,1,544,Mid,Education,356,1
10604,2004,37,1,17,37,1,3,1,3982,3,398,Mid,Education,411,1
10605,2024,39,9,27,27,5,0,0,0,2,791,Entry,Manufacturing,475,1
10606,1983,26,7,27,21,0,5,5,496,5,291,Executive,Finance,413,1
10607,2015,57,10,35,7,2,5,0,0,5,315,Executive,Education,381,1
10608,1985,51,9,8,31,3,5,1,915,4,161,Mid,Healthcare,121,1
10609,2010,66,8,7,32,12,0,1,1801,1,89,Executive,Technology,460,1
10610,1998,40,0,25,12,2,3,4,81,5,50,Executive,Technology,344,1
10611,2023,44,6,6,26,14,1,1,1179,5,423,Executive,Technology,428,1
10612,2018,55,7,8,17,12,4,2,8357,4,405,Mid,Manufacturing,242,1
10613,2006,34,2,5,17,5,3,0,0,4,143,Executive,Education,402,0
10614,1989,64,3,19,12,10,0,1,8998,5,615,Entry,Finance,268,0
10615,2005,50,2,37,21,3,2,2,7030,1,681,Entry,Finance,251,1
10616,1998,57,6,10,13,13,5,1,331,1,527,Mid,Manufacturing,74,1
10617,2018,43,8,11,10,0,5,5,7145,0,132,Executive,Healthcare,111,1
10618,1982,68,2,23,38,4,3,2,9726,0,498,Senior,Other,150,1
10619,2024,57,5,48,21,4,5,3,6979,2,389,Senior,Education,269,1
10620,1992,30,7,5,35,8,5,2,8372,2,169,Entry,Education,457,1
10621,2007,60,5,43,16,15,3,4,9508,2,983,Entry,Healthcare,97,1
10622,1999,40,1,23,31,7,3,2,6112,0,541,Senior,Healthcare,359,0
10623,2007,59,6,49,13,14,0,1,9298,4,996,Mid,Education,254,0
10624,1987,27,1,30,28,7,0,3,1589,5,159,Executive,Education,406,1
10625,2020,68,1,48,5,4,5,3,2486,3,948,Senior,Technology,167,1
10626,2018,36,1,16,3,7,3,2,5834,3,658,Executive,Finance,249,1
10627,1980,41,10,26,10,13,3,1,2590,5,818,Senior,Technology,319,1
10628,1982,30,0,17,39,9,5,3,8679,1,748,Entry,Technology,245,1
10629,1992,53,10,32,9,6,1,5,8803,0,411,Executive,Finance,212,1
10630,2007,25,0,18,27,0,2,2,3420,1,686,Mid,Manufacturing,442,1
10631,2004,39,6,26,10,11,4,2,5208,3,583,Executive,Other,275,1
10632,2012,26,4,34,34,6,4,2,9589,1,383,Executive,Manufacturing,415,1
10633,2017,41,10,48,14,10,5,3,7214,0,874,Senior,Manufacturing,333,0
10634,1985,44,2,24,7,7,4,0,0,0,638,Mid,Manufacturing,279,1
10635,2023,32,0,48,19,2,0,1,9529,0,896,Entry,Healthcare,45,1
10636,2024,58,10,31,20,8,0,4,4497,3,707,Executive,Technology,17,1
10637,2011,43,9,42,0,7,1,4,2867,0,184,Executive,Healthcare,366,1
10638,2024,25,5,46,28,1,5,1,4583,2,661,Senior,Healthcare,245,0
10639,2000,50,10,45,23,5,0,0,0,2,213,Entry,Finance,349,1
10640,1995,65,0,38,29,3,5,1,6345,5,93,Senior,Manufacturing,219,0
10641,2000,55,8,43,39,2,5,2,6571,0,569,Mid,Education,175,1
10642,1990,34,1,45,34,10,3,5,7083,2,218,Entry,Manufacturing,397,0
10643,2016,63,0,48,32,5,2,1,5298,0,218,Mid,Technology,233,1
10644,2015,30,6,41,19,9,2,1,78,3,12,Senior,Healthcare,437,1
10645,2014,63,5,5,15,12,5,5,5652,2,422,Entry,Technology,148,1
10646,1998,52,5,19,8,14,2,3,377,3,794,Mid,Healthcare,97,1
10647,1999,28,4,36,30,8,2,4,164,2,422,Mid,Healthcare,4,1
10648,1997,25,10,12,16,1,4,4,7967,4,485,Senior,Healthcare,383,1
10649,2020,40,3,37,30,9,4,2,9912,4,376,Entry,Education,158,1
10650,1993,63,10,22,22,9,3,5,5941,5,967,Mid,Manufacturing,450,1
10651,1994,51,3,49,5,9,1,2,8346,5,651,Executive,Healthcare,86,1
10652,2010,52,2,33,29,4,0,3,1146,5,407,Entry,Finance,230,0
10653,1980,56,9,36,6,5,0,2,9255,3,785,Entry,Other,119,1
10654,1982,42,7,37,39,3,4,5,2216,2,118,Executive,Other,442,1
10655,1995,52,6,9,10,6,5,5,5449,4,270,Entry,Healthcare,171,1
10656,2002,40,8,22,33,1,2,0,0,0,955,Entry,Manufacturing,63,1
10657,1990,52,0,14,11,6,3,3,3470,1,911,Executive,Manufacturing,93,1
10658,1991,53,6,40,26,1,1,5,1516,4,96,Senior,Education,169,1
10659,1989,23,9,37,11,0,4,5,4423,4,841,Mid,Healthcare,234,1
10660,2011,31,3,27,12,10,5,3,1526,0,46,Executive,Finance,477,1
10661,1995,23,6,44,7,4,3,1,788,4,663,Entry,Education,120,1
10662,1987,23,0,9,15,1,5,1,6520,4,172,Mid,Education,496,1
10663,2017,45,4,38,28,7,3,0,0,4,786,Mid,Healthcare,99,1
10664,1991,38,2,28,34,11,4,5,6577,5,346,Mid,Healthcare,421,1
10665,2003,53,4,21,28,11,3,3,2548,5,236,Senior,Education,134,1
10666,2007,37,3,35,30,11,2,3,7252,2,936,Entry,Education,314,1
10667,1987,37,1,11,12,7,3,1,4608,5,542,Entry,Education,68,1
10668,2007,67,10,21,11,0,1,4,8707,4,212,Mid,Technology,197,0
10669,2015,60,3,32,1,3,3,4,6640,1,271,Mid,Education,304,1
10670,2005,52,2,42,32,13,0,5,6745,5,406,Senior,Manufacturing,205,1
10671,1987,64,0,26,7,8,3,1,3062,2,77,Senior,Other,10,1
10672,2007,45,9,19,40,4,5,5,5281,2,790,Mid,Finance,356,1
10673,2007,22,7,41,39,11,4,2,4762,3,552,Entry,Finance,129,1
10674,2016,32,4,19,40,10,0,3,9759,4,145,Executive,Other,222,1
10675,2020,42,3,29,31,9,4,5,9640,1,931,Senior,Healthcare,109,1
10676,2015,25,9,25,37,12,5,0,0,1,11,Entry,Education,26,1
10677,2006,28,4,42,27,5,1,4,6076,3,759,Senior,Finance,399,0
10678,1996,47,3,6,14,2,2,5,5694,1,228,Entry,Finance,319,1
10679,1988,68,2,31,22,4,1,2,8555,2,842,Mid,Manufacturing,193,1
10680,2012,33,4,36,23,13,0,3,107,0,964,Senior,Manufacturing,432,1
10681,1999,52,3,25,12,11,5,2,7181,2,690,Executive,Technology,345,1
10682,1992,38,0,8,20,12,5,5,8814,5,340,Mid,Other,15,1
10683,2007,54,2,48,11,12,2,3,4416,0,671,Senior,Technology,72,1
10684,2008,32,9,23,12,12,3,3,509,1,732,Mid,Finance,435,1
10685,1992,49,9,6,38,0,0,1,6815,4,838,Executive,Healthcare,115,1
10686,2014,53,7,30,22,7,2,1,9256,0,163,Senior,Finance,200,1
10687,1985,22,6,38,27,10,4,0,0,2,679,Senior,Healthcare,132,1
10688,1997,68,1,18,13,14,2,0,0,2,381,Senior,Finance,163,1
10689,1984,49,0,19,16,5,4,2,9160,5,730,Entry,Manufacturing,6,1
10690,2004,63,2,24,23,15,4,1,9630,2,581,Entry,Education,60,1
10691,1981,28,4,38,33,11,5,3,3871,5,421,Senior,Finance,351,1
10692,1989,23,9,40,21,1,2,1,5513,2,437,Mid,Technology,412,1
10693,2009,63,10,23,9,3,5,3,6508,3,771,Mid,Healthcare,484,1
10694,2024,45,0,13,7,3,5,1,7164,1,941,Senior,Healthcare,119,1
10695,1984,25,2,11,20,8,1,3,3500,4,62,Executive,Finance,450,1
10696,2012,65,2,34,36,8,1,2,2199,5,994,Executive,Healthcare,413,1
10697,1980,40,4,17,6,4,5,1,3901,3,969,Executive,Technology,423,0
10698,1997,47,2,31,25,15,5,4,7758,1,245,Entry,Manufacturing,30,1
10699,2011,32,8,48,12,11,4,4,6070,5,997,Entry,Education,47,1
10700,1990,61,0,39,15,2,5,3,2270,0,49,Entry,Education,90,1
10701,2000,64,3,17,29,0,0,2,5385,3,797,Entry,Healthcare,5,0
10702,2005,32,9,19,30,5,2,3,229,5,233,Mid,Finance,445,1
10703,2004,66,9,50,4,7,0,2,2486,3,968,Senior,Healthcare,284,1
10704,2001,24,3,13,31,0,1,0,0,3,527,Senior,Technology,392,1
10705,2006,33,0,49,15,10,0,1,909,3,947,Senior,Other,437,1
10706,1992,24,1,27,8,0,3,2,977,0,515,Mid,Finance,83,0
10707,2012,63,10,40,21,14,3,3,634,2,281,Executive,Manufacturing,369,1
10708,2013,48,0,44,39,10,1,0,0,3,668,Executive,Technology,138,1
10709,2020,23,5,7,36,15,0,3,4717,1,219,Entry,Manufacturing,274,1
10710,2014,37,2,38,13,6,2,4,2190,2,906,Entry,Finance,486,1
10711,1980,23,6,23,15,6,1,4,5189,0,347,Mid,Manufacturing,329,1
10712,2000,51,4,32,19,1,3,1,4939,4,363,Mid,Technology,132,1
10713,1985,41,8,27,14,2,1,5,7081,0,991,Executive,Technology,102,1
10714,2007,59,6,44,25,1,0,1,3474,4,919,Senior,Healthcare,470,0
10715,1996,49,3,49,8,5,0,0,0,1,562,Senior,Other,325,1
10716,1984,46,4,11,0,12,0,4,7194,4,41,Mid,Finance,94,0
10717,2010,53,4,45,34,12,4,2,1865,5,422,Mid,Education,17,1
10718,1984,31,10,16,19,7,0,4,298,3,134,Mid,Other,20,1
10719,2017,63,4,18,5,7,5,5,2739,2,785,Entry,Education,398,1
10720,1982,61,9,50,9,15,3,1,6701,5,258,Senior,Manufacturing,442,0
10721,2002,54,8,19,32,14,3,3,3725,2,190,Mid,Education,478,1
10722,2016,34,9,7,15,0,4,0,0,3,255,Mid,Education,457,1
10723,2016,62,2,19,35,10,3,5,8289,2,747,Entry,Technology,5,1
10724,1989,63,5,28,5,8,3,4,4814,0,493,Mid,Technology,23,0
10725,1989,68,7,50,18,10,1,2,6134,3,787,Senior,Technology,224,1
10726,1998,58,10,12,30,7,0,5,3522,3,865,Entry,Education,59,1
10727,1996,37,8,9,1,8,5,2,4418,2,989,Mid,Manufacturing,283,1
10728,2000,66,6,8,17,12,5,2,6818,5,72,Senior,Finance,219,1
10729,1993,43,2,18,27,13,1,0,0,4,73,Senior,Healthcare,329,0
10730,1988,41,0,20,3,12,5,2,8162,1,634,Entry,Manufacturing,278,1
10731,1980,64,3,24,0,8,1,2,5489,4,581,Senior,Technology,334,1
10732,2024,48,5,28,15,10,5,4,6085,0,400,Entry,Manufacturing,45,1
10733,1992,62,2,10,1,11,3,0,0,3,78,Senior,Finance,367,1
10734,1983,37,0,35,35,5,2,3,4185,3,992,Mid,Other,292,0
10735,1980,55,5,10,0,2,0,3,4226,0,247,Entry,Technology,141,1
10736,2019,53,0,39,38,0,2,2,8096,1,186,Senior,Finance,303,1
10737,2011,47,8,19,22,10,3,5,3881,3,949,Entry,Other,77,1
10738,2013,46,10,33,25,7,4,1,7692,4,652,Senior,Healthcare,198,1
10739,2007,23,0,7,10,9,1,0,0,0,809,Entry,Manufacturing,114,0
10740,2010,33,5,15,0,2,5,1,3615,3,555,Mid,Healthcare,35,1
10741,1987,61,0,7,10,12,5,0,0,4,758,Entry,Education,465,1
10742,2018,30,6,32,23,6,3,0,0,0,469,Entry,Manufacturing,59,1
10743,2005,33,2,14,9,12,5,4,2105,0,847,Mid,Other,437,1
10744,2013,47,5,37,13,9,3,2,5176,0,737,Senior,Education,244,1
10745,1982,30,6,20,13,5,2,4,993,1,578,Executive,Finance,78,1
10746,1991,31,0,14,6,2,4,5,3096,0,455,Mid,Education,368,1
10747,1980,53,0,37,22,5,1,1,189,5,275,Entry,Other,190,1
10748,2023,55,4,40,21,11,5,1,2898,2,764,Mid,Other,96,1
10749,1984,69,5,7,35,2,4,3,5856,2,814,Mid,Finance,366,1
10750,2009,41,8,9,26,12,4,5,4249,0,791,Entry,Healthcare,303,1
10751,2009,60,0,16,1,14,4,5,5388,3,178,Entry,Technology,375,0
10752,1996,23,3,48,38,12,0,4,7046,2,913,Executive,Healthcare,149,1
10753,2002,22,9,17,18,13,4,4,3411,4,790,Mid,Education,42,1
10754,1994,57,7,28,6,8,3,5,9238,4,128,Entry,Finance,296,1
10755,2016,45,9,48,11,12,0,4,605,3,378,Senior,Education,400,1
10756,2000,48,8,36,2,0,0,3,1366,4,114,Senior,Other,318,1
10757,1993,23,2,20,4,12,4,4,6482,5,321,Senior,Technology,217,1
10758,1981,52,10,36,7,7,5,4,9256,3,388,Senior,Manufacturing,206,1
10759,1990,35,1,49,13,4,5,5,5795,4,785,Mid,Manufacturing,487,1
10760,2018,23,3,41,35,14,5,5,517,0,463,Mid,Manufacturing,145,1
10761,2017,50,1,40,6,3,5,4,5218,4,201,Executive,Education,327,1
10762,2013,36,0,25,6,0,3,4,3807,0,628,Mid,Manufacturing,258,1
10763,2017,33,2,16,31,8,5,5,5435,4,988,Entry,Finance,53,1
10764,2013,58,6,25,7,12,1,1,2272,4,546,Executive,Technology,118,1
10765,1997,49,0,25,11,15,4,2,2308,4,408,Mid,Other,242,1
10766,2009,41,1,47,9,8,0,1,9294,0,617,Mid,Healthcare,141,1
10767,1994,60,0,10,13,12,1,4,4792,4,760,Entry,Other,289,1
10768,2006,45,7,13,8,4,5,0,0,4,151,Entry,Finance,126,1
10769,2013,42,4,5,37,13,1,0,0,5,652,Entry,Technology,224,1
10770,2017,31,7,16,29,10,0,3,2309,1,404,Senior,Healthcare,381,1
10771,2012,67,2,18,4,8,5,1,7908,0,490,Mid,Manufacturing,228,1
10772,2003,35,6,10,0,14,1,5,9217,5,806,Mid,Healthcare,240,0
10773,1994,58,7,5,0,9,3,3,4439,2,161,Mid,Education,256,0
10774,2009,39,5,26,19,13,3,3,6389,3,146,Executive,Education,244,0
10775,2021,45,6,38,10,8,4,0,0,1,411,Executive,Manufacturing,175,1
10776,1996,35,1,15,25,6,4,1,8008,5,255,Executive,Manufacturing,354,1
10777,1984,55,7,7,2,7,1,2,845,5,602,Executive,Finance,9,1
10778,2008,33,4,46,5,0,0,5,8884,4,369,Executive,Finance,82,1
10779,1983,43,6,10,10,3,3,1,1332,2,729,Entry,Other,138,1
10780,1989,27,0,10,7,9,2,3,6300,2,650,Executive,Education,118,1
10781,1996,57,4,24,28,9,4,4,1274,4,688,Mid,Technology,126,1
10782,1989,66,0,25,9,14,3,3,7166,5,290,Senior,Finance,98,1
10783,1996,57,7,6,33,3,5,1,9436,5,339,Mid,Technology,65,1
10784,1999,43,3,30,23,11,1,0,0,4,75,Mid,Other,258,1
10785,2003,35,3,35,16,8,3,1,3294,1,568,Entry,Education,142,1
10786,1984,37,1,30,31,2,3,2,336,0,539,Senior,Finance,58,1
10787,2013,57,4,36,10,14,1,5,1867,1,833,Mid,Technology,243,1
10788,1985,46,0,14,33,11,4,5,6914,0,504,Entry,Other,360,1
10789,1981,53,8,27,23,9,4,4,494,2,320,Senior,Technology,191,0
10790,1992,54,4,10,4,14,2,4,4642,3,968,Senior,Finance,430,1
10791,2022,66,5,27,28,9,2,3,3886,4,661,Entry,Manufacturing,347,1
10792,2022,57,1,32,33,0,4,1,8352,1,306,Executive,Other,129,1
10793,1990,41,9,34,15,14,4,5,2036,2,999,Entry,Other,157,1
10794,2002,39,9,18,24,10,4,0,0,1,346,Entry,Healthcare,165,1
10795,1995,59,0,41,36,4,4,2,9699,5,392,Executive,Manufacturing,260,1
10796,2010,24,3,36,7,6,3,3,5083,0,198,Entry,Other,389,1
10797,1990,44,6,38,28,11,2,1,3560,4,675,Entry,Healthcare,132,1
10798,1995,53,5,45,24,3,1,0,0,5,181,Entry,Technology,11,0
10799,1987,66,9,48,22,8,0,1,9745,0,239,Mid,Finance,131,1
10800,1983,37,0,26,33,5,1,0,0,5,933,Entry,Other,407,1
10801,2019,26,0,35,2,5,5,1,1601,0,753,Entry,Education,152,0
10802,1983,25,7,11,29,2,0,1,1299,0,65,Senior,Finance,281,0
10803,2004,42,3,45,33,9,3,5,8902,5,170,Senior,Manufacturing,54,1
10804,1982,61,4,25,31,9,5,3,4167,2,644,Senior,Healthcare,255,1
10805,2011,35,6,20,28,4,2,1,2046,4,592,Entry,Finance,125,1
10806,1982,60,7,24,8,9,0,1,2881,3,164,Executive,Healthcare,45,0
10807,2006,52,9,47,1,5,4,3,5474,1,953,Entry,Manufacturing,173,1
10808,2008,35,6,48,38,13,5,3,1817,0,62,Mid,Manufacturing,298,1
10809,2011,27,1,23,6,15,3,4,2198,4,354,Mid,Finance,443,1
10810,1998,33,3,36,4,3,0,4,3332,1,50,Mid,Other,416,1
10811,2000,37,9,19,7,12,4,5,1103,4,583,Mid,Education,20,1
10812,1984,38,0,9,31,2,5,3,3177,5,42,Entry,Other,470,1
10813,1997,66,9,15,17,4,3,2,4815,1,834,Senior,Education,254,1
10814,2007,44,8,19,37,6,5,5,2177,4,962,Entry,Healthcare,484,1
10815,2021,35,2,33,17,10,0,0,0,3,320,Entry,Finance,164,1
10816,2001,28,2,49,40,5,4,3,4501,4,317,Entry,Technology,267,1
10817,2000,67,9,8,15,1,2,4,6041,4,215,Entry,Manufacturing,100,1
10818,1985,53,8,40,20,0,3,1,8727,0,190,Executive,Other,148,1
10819,1980,36,9,27,9,4,0,3,7060,0,669,Senior,Healthcare,140,1
10820,1984,65,2,19,3,4,4,3,9261,0,489,Senior,Manufacturing,490,1
10821,2020,38,7,50,7,11,2,4,8324,5,89,Mid,Healthcare,372,1
10822,1991,62,1,48,18,15,5,4,263,4,421,Entry,Finance,32,1
10823,2005,68,2,7,39,15,4,2,4462,3,490,Mid,Healthcare,235,1
10824,2013,65,1,36,39,15,2,5,6968,1,615,Senior,Healthcare,197,1
10825,1993,55,0,14,8,11,0,4,2052,0,562,Senior,Technology,234,1
10826,2005,26,1,44,29,5,4,4,4946,2,253,Mid,Healthcare,331,1
10827,2024,66,7,42,16,2,4,4,5825,4,106,Senior,Education,444,1
10828,2006,48,8,26,39,15,1,5,6044,3,293,Senior,Healthcare,485,1
10829,1988,44,1,18,14,0,3,1,4089,3,510,Executive,Healthcare,119,1
10830,2005,61,6,21,3,14,4,3,357,0,235,Entry,Finance,157,1
10831,2001,35,4,25,5,3,2,3,5505,5,497,Entry,Healthcare,36,1
10832,2009,36,2,19,15,3,3,4,4420,0,834,Senior,Technology,337,1
10833,2022,64,8,19,25,9,0,5,8942,5,844,Senior,Finance,143,1
10834,1996,54,5,5,36,1,3,2,3250,2,355,Executive,Manufacturing,44,0
10835,2005,52,10,28,22,13,1,4,6562,2,616,Mid,Education,198,1
10836,2015,56,0,16,12,7,0,5,2258,0,766,Executive,Education,237,1
10837,1980,38,4,14,16,5,4,5,9102,1,303,Executive,Manufacturing,128,1
10838,1987,49,6,50,26,11,5,2,3810,0,907,Mid,Healthcare,180,1
10839,2014,40,3,46,21,2,0,5,583,0,531,Senior,Technology,27,1
10840,1994,67,7,46,36,14,0,3,3438,3,870,Entry,Technology,436,1
10841,2001,44,9,35,18,15,1,2,8768,0,491,Executive,Technology,299,1
10842,1993,53,4,15,38,0,2,2,6357,0,583,Executive,Technology,66,1
10843,2005,61,8,20,34,11,0,0,0,0,116,Entry,Healthcare,241,1
10844,2007,34,8,13,12,10,2,2,6146,1,366,Executive,Manufacturing,362,1
10845,2002,41,8,18,13,2,3,2,4990,3,641,Mid,Manufacturing,243,0
10846,1993,56,0,23,30,7,5,1,1783,4,458,Entry,Education,166,1
10847,2003,26,1,35,1,3,1,3,1093,4,119,Entry,Manufacturing,265,1
10848,1981,30,2,13,38,15,4,4,4532,4,212,Mid,Technology,50,1
10849,2024,50,3,40,36,2,0,0,0,4,740,Mid,Healthcare,108,1
10850,2005,27,9,43,13,12,5,2,7938,3,182,Entry,Finance,397,1
10851,1993,46,8,30,8,15,5,1,6746,0,645,Mid,Finance,334,1
10852,1986,52,9,12,9,10,2,1,2133,4,338,Executive,Technology,133,1
10853,1982,43,5,28,6,3,0,5,8709,0,477,Senior,Other,166,1
10854,2002,23,0,12,27,10,5,4,8933,4,493,Executive,Education,492,1
10855,2022,66,8,23,24,15,1,4,6120,1,230,Mid,Finance,79,1
10856,2024,26,5,34,27,14,4,3,2477,0,895,Executive,Other,494,1
10857,1997,48,3,26,1,3,3,5,4958,3,363,Senior,Technology,337,1
10858,2017,46,3,13,16,1,3,2,6137,5,445,Senior,Healthcare,98,1
10859,2014,29,2,48,3,3,2,1,2876,1,944,Senior,Finance,431,1
10860,1994,22,6,8,12,10,5,0,0,5,483,Mid,Technology,152,0
10861,2004,41,2,41,17,11,3,3,5829,1,851,Mid,Finance,480,1
10862,2016,65,1,12,2,8,2,2,3441,3,949,Mid,Healthcare,375,1
10863,2007,44,9,5,36,3,4,5,8595,1,245,Senior,Manufacturing,288,1
10864,1989,53,7,32,32,11,0,4,9518,0,905,Mid,Manufacturing,82,1
10865,2018,32,3,10,40,15,1,5,6346,2,919,Entry,Healthcare,101,1
10866,1996,60,7,40,23,0,4,2,6849,2,763,Executive,Healthcare,330,1
10867,2018,68,0,15,7,0,4,5,6686,4,224,Executive,Manufacturing,375,1
10868,2001,45,4,9,34,0,3,4,2650,4,156,Entry,Healthcare,230,1
10869,2005,32,8,28,1,13,3,2,4345,0,630,Mid,Healthcare,450,1
10870,2023,50,0,22,32,4,1,0,0,3,605,Executive,Healthcare,251,1
10871,2004,47,10,24,11,5,0,3,1886,0,739,Senior,Manufacturing,357,1
10872,1996,37,3,32,21,11,4,5,1303,4,364,Executive,Manufacturing,320,1
10873,1992,56,5,17,12,5,5,4,1740,1,901,Executive,Other,423,0
10874,1999,41,9,9,9,15,3,0,0,5,185,Executive,Finance,24,1
10875,2004,67,7,34,16,5,4,1,3876,0,494,Mid,Manufacturing,56,1
10876,1983,24,2,5,4,8,0,0,0,0,845,Entry,Finance,415,1
10877,1989,22,4,26,8,0,2,0,0,3,184,Executive,Manufacturing,301,1
10878,1982,68,6,22,12,9,0,0,0,4,386,Senior,Education,99,1
10879,2020,22,0,50,22,5,4,4,8439,0,279,Executive,Finance,387,1
10880,2024,38,6,9,29,12,4,1,6795,1,914,Mid,Healthcare,118,1
10881,1997,23,10,35,3,7,1,3,7044,5,741,Mid,Education,150,1
10882,2015,50,7,10,20,15,4,0,0,1,481,Senior,Other,79,1
10883,2001,41,7,31,8,7,3,4,5958,2,264,Executive,Manufacturing,330,1
10884,2013,27,8,29,6,11,5,4,9380,4,669,Executive,Manufacturing,149,1
10885,1987,29,5,33,15,14,1,3,1353,1,351,Senior,Other,358,1
10886,2019,50,5,32,22,15,4,2,5029,3,588,Entry,Education,125,1
10887,2023,69,1,20,22,14,0,1,9172,5,81,Mid,Technology,288,0
10888,1998,54,2,16,30,2,4,1,4965,4,939,Entry,Healthcare,40,1
10889,2021,24,3,24,4,12,0,5,168,1,180,Entry,Finance,189,1
10890,2020,56,3,22,5,4,0,0,0,0,341,Executive,Education,421,1
10891,2016,26,7,38,0,9,4,2,2671,4,195,Senior,Finance,439,1
10892,1985,48,0,27,27,3,0,1,378,1,59,Mid,Manufacturing,62,1
10893,2005,65,9,49,17,11,5,5,1932,0,150,Entry,Technology,204,1
10894,2013,33,3,31,23,0,2,0,0,2,60,Entry,Other,340,1
10895,2024,41,10,21,12,8,1,2,8455,5,646,Executive,Technology,203,1
10896,1985,66,10,25,32,4,4,4,9663,4,427,Executive,Finance,438,1
10897,2016,41,10,44,9,1,2,0,0,4,950,Executive,Other,178,1
10898,2012,30,3,35,6,11,0,2,5014,1,330,Senior,Manufacturing,345,0
10899,2001,60,0,7,36,1,0,3,7878,2,38,Mid,Other,496,1
10900,2000,25,2,21,31,10,1,1,1300,3,252,Mid,Other,500,0
10901,1985,40,4,30,21,6,2,0,0,1,889,Executive,Technology,320,1
10902,1985,59,5,27,15,3,2,5,3373,1,954,Entry,Healthcare,104,1
10903,1983,48,8,10,23,0,4,4,8765,3,617,Executive,Manufacturing,312,1
10904,2009,66,8,32,13,4,0,5,9729,3,232,Executive,Education,85,1
10905,1990,64,8,12,10,1,3,0,0,3,353,Senior,Education,410,1
10906,2009,34,10,49,18,14,4,1,9572,5,900,Executive,Education,440,1
10907,2010,34,0,12,22,6,4,1,3537,3,169,Mid,Healthcare,438,1
10908,2003,43,8,23,33,15,4,2,7924,3,216,Executive,Manufacturing,479,1
10909,1988,49,7,42,39,14,1,5,9715,0,347,Mid,Other,327,1
10910,1982,68,1,33,12,8,1,5,4991,0,525,Entry,Finance,250,1
10911,2010,66,10,27,38,12,4,4,5202,3,410,Mid,Finance,481,1
10912,2019,43,0,36,27,0,5,2,3932,5,527,Mid,Manufacturing,337,1
10913,2016,64,0,14,39,11,3,4,3622,5,730,Executive,Healthcare,3,1
10914,2015,40,5,31,15,1,2,0,0,2,897,Mid,Manufacturing,320,1
10915,2003,29,8,5,27,10,2,0,0,5,914,Mid,Finance,183,1
10916,2010,29,6,43,3,15,0,5,7980,2,918,Entry,Manufacturing,180,1
10917,1985,63,4,33,27,5,2,2,1610,3,680,Mid,Education,299,1
10918,1981,47,10,49,11,7,2,3,8804,5,525,Mid,Other,15,1
10919,1999,69,1,7,15,6,3,1,604,0,942,Executive,Manufacturing,93,1
10920,2007,47,0,41,35,8,2,2,7967,2,242,Senior,Other,278,1
10921,1990,44,1,35,19,13,3,2,620,0,830,Executive,Technology,414,1
10922,1983,64,0,15,25,1,1,0,0,1,985,Entry,Manufacturing,155,1
10923,1994,34,2,26,25,11,3,1,6473,0,7,Executive,Finance,433,1
10924,1985,49,5,22,21,15,1,2,3800,3,282,Mid,Finance,356,1
10925,2009,30,7,39,8,8,3,0,0,5,622,Senior,Other,15,0
10926,2017,41,2,10,4,3,4,0,0,5,551,Executive,Finance,40,1
10927,1981,40,9,7,16,10,5,5,155,4,923,Executive,Education,136,1
10928,1994,69,8,9,33,14,1,5,8160,3,579,Entry,Finance,257,0
10929,1990,60,9,13,1,2,1,2,6681,1,634,Mid,Technology,365,1
10930,1987,33,4,32,6,6,2,2,2715,5,828,Executive,Manufacturing,42,1
10931,2005,36,6,23,35,4,1,0,0,0,165,Executive,Healthcare,65,0
10932,2024,52,7,32,12,12,3,5,8070,2,202,Senior,Finance,351,1
10933,2023,35,2,31,19,4,4,2,6690,3,639,Entry,Manufacturing,207,1
10934,1984,32,1,17,29,11,4,1,449,5,363,Mid,Education,244,1
10935,1985,47,1,42,29,12,2,0,0,2,151,Executive,Manufacturing,242,1
10936,2005,63,4,47,10,1,3,0,0,0,923,Senior,Finance,76,1
10937,1983,48,0,25,30,5,3,2,2819,5,424,Executive,Finance,432,1
10938,1998,32,1,31,2,5,0,2,2285,1,657,Executive,Other,218,1
10939,1999,59,8,50,1,11,1,2,9382,3,560,Entry,Finance,380,1
10940,2012,55,6,10,2,3,2,1,1399,2,468,Senior,Technology,222,1
10941,1999,64,5,42,14,4,4,0,0,5,409,Senior,Manufacturing,352,1
10942,1991,40,8,15,16,6,5,3,6375,3,514,Mid,Other,20,1
10943,1980,27,6,45,6,13,0,1,723,5,250,Executive,Healthcare,146,0
10944,2005,67,10,21,4,7,3,1,9633,3,76,Senior,Technology,367,1
10945,1993,59,4,43,33,5,1,5,5273,2,421,Executive,Healthcare,312,1
10946,2017,63,8,11,32,4,4,0,0,1,731,Executive,Finance,76,1
10947,2016,49,5,34,15,11,0,3,4820,3,909,Mid,Healthcare,315,0
10948,1990,22,5,25,36,2,3,0,0,1,384,Mid,Healthcare,402,1
10949,2015,56,10,5,2,6,4,1,7697,1,859,Senior,Technology,354,1
10950,1992,61,3,29,20,7,4,2,6846,0,378,Executive,Technology,447,1
10951,2022,29,0,36,40,2,3,0,0,5,227,Senior,Manufacturing,34,1
10952,1982,68,4,12,7,4,3,0,0,2,117,Executive,Healthcare,125,1
10953,2012,28,10,9,21,10,2,2,5161,0,266,Senior,Technology,416,1
10954,1985,32,8,34,4,1,4,3,3420,4,234,Senior,Manufacturing,322,1
10955,1989,60,7,12,16,9,3,3,4837,5,167,Executive,Healthcare,495,1
10956,1984,25,7,23,36,9,5,0,0,0,771,Entry,Healthcare,468,1
10957,2002,46,4,48,13,11,5,2,3212,3,929,Mid,Other,231,1
10958,1989,33,8,34,38,3,0,5,3922,3,704,Executive,Finance,86,1
10959,2023,47,2,19,40,11,1,0,0,3,695,Senior,Technology,303,1
10960,1981,59,2,40,27,3,5,2,6042,4,521,Entry,Education,187,1
10961,1992,67,0,48,30,11,2,1,8013,1,336,Senior,Other,492,1
10962,2019,33,8,31,16,12,3,5,9678,3,326,Entry,Technology,44,1
10963,1981,64,5,17,34,7,1,2,3527,5,358,Executive,Other,330,1
10964,1999,58,1,18,39,2,2,0,0,5,447,Mid,Finance,323,1
10965,1980,67,7,41,21,4,4,4,8916,0,652,Senior,Other,451,1
10966,2016,45,8,34,28,15,1,3,3754,1,533,Entry,Other,398,1
10967,1988,37,8,43,9,10,5,0,0,0,823,Entry,Manufacturing,347,0
10968,1996,34,1,17,17,4,2,2,4365,0,889,Mid,Technology,483,1
10969,1988,46,1,20,34,1,3,5,8410,3,704,Senior,Healthcare,71,1
10970,1990,25,6,48,15,8,3,5,546,0,603,Executive,Education,215,1
10971,1994,32,10,11,6,3,2,2,3729,4,96,Executive,Manufacturing,97,1
10972,2003,53,3,31,29,8,4,3,7350,5,652,Senior,Technology,270,1
10973,2017,28,0,49,18,8,5,0,0,5,768,Mid,Manufacturing,406,1
10974,2014,67,7,39,22,1,2,5,1968,5,549,Mid,Healthcare,443,1
10975,2009,32,1,19,7,8,0,5,4516,1,758,Mid,Other,90,1
10976,2010,49,2,32,16,8,2,4,1259,3,255,Entry,Education,141,1
10977,1984,62,4,39,20,1,2,1,6992,3,441,Entry,Healthcare,116,1
10978,2023,44,2,11,25,15,5,4,7756,0,408,Mid,Education,1,1
10979,1993,66,6,50,27,10,3,1,2933,0,809,Senior,Manufacturing,380,1
10980,1990,44,6,50,38,12,4,5,2509,2,84,Executive,Other,482,1
10981,1988,49,1,24,32,5,2,1,1562,2,416,Entry,Other,42,0
10982,2013,64,6,36,39,8,1,0,0,3,952,Mid,Technology,70,1
10983,1991,68,10,42,18,15,3,5,8075,3,548,Entry,Education,143,0
10984,2014,47,5,44,28,3,3,5,3669,0,501,Entry,Healthcare,341,1
10985,2014,46,9,36,19,1,2,1,2481,4,696,Mid,Education,245,1
10986,1980,50,8,30,19,6,5,2,7198,4,97,Senior,Manufacturing,283,1
10987,2019,40,8,43,9,14,1,1,204,5,829,Executive,Other,415,1
10988,2001,54,1,24,11,8,2,1,741,0,898,Senior,Manufacturing,326,1
10989,2008,57,6,22,32,5,1,3,7049,2,541,Entry,Manufacturing,213,1
10990,1987,35,4,19,24,10,3,3,4263,2,502,Senior,Technology,106,1
10991,1990,35,5,26,24,15,1,0,0,4,450,Senior,Manufacturing,385,1
10992,2020,56,0,26,3,10,2,0,0,3,190,Executive,Technology,455,0
10993,2016,51,6,25,3,13,0,2,1105,0,849,Mid,Finance,262,1
10994,1993,49,5,6,8,3,0,3,6830,5,790,Mid,Education,293,1
10995,2009,38,3,44,14,0,1,4,4197,5,967,Mid,Other,175,1
10996,2014,24,0,47,25,3,5,0,0,3,200,Senior,Other,468,1
10997,2000,37,8,22,14,2,2,0,0,2,321,Senior,Healthcare,106,1
10998,2016,67,3,27,25,6,4,3,3381,4,700,Executive,Other,85,1
10999,1984,51,1,17,27,10,0,3,3185,3,257,Mid,Technology,226,1
11000,1998,50,7,45,6,12,3,2,6679,2,154,Executive,Other,81,1
11001,1993,66,1,13,31,10,2,3,6306,2,943,Executive,Technology,328,1
11002,2005,36,4,11,11,9,2,1,864,5,486,Senior,Other,240,1
11003,1983,67,10,45,34,4,0,5,8246,2,830,Mid,Healthcare,1,1
11004,2004,46,5,5,31,11,4,4,4671,3,227,Entry,Education,250,1
11005,2024,59,10,6,8,2,3,5,557,1,516,Entry,Manufacturing,41,1
11006,2021,63,7,8,13,13,4,1,9184,4,640,Senior,Education,425,1
11007,2004,68,10,18,12,1,3,1,4291,2,510,Senior,Technology,80,1
11008,1997,59,0,36,32,12,0,5,447,3,917,Senior,Manufacturing,487,0
11009,2019,44,0,40,31,1,2,1,1821,5,73,Senior,Finance,403,0
11010,1987,46,3,6,18,4,3,0,0,0,364,Entry,Healthcare,261,1
11011,2018,63,4,44,29,12,2,5,91,5,23,Mid,Education,394,1
11012,2019,28,8,18,15,12,1,1,607,4,826,Executive,Manufacturing,196,1
11013,1993,43,10,24,11,7,1,0,0,0,462,Entry,Healthcare,247,1
11014,2011,38,6,29,9,7,0,3,285,0,480,Mid,Education,329,1
11015,2017,39,6,46,1,13,0,4,2921,5,945,Senior,Technology,470,1
11016,2012,62,7,12,17,11,5,4,101,3,790,Executive,Technology,480,1
11017,2002,31,4,32,12,4,0,1,3835,5,717,Mid,Technology,295,0
11018,1994,31,4,50,28,12,1,4,8169,1,657,Mid,Finance,383,1
11019,2012,28,0,25,23,15,3,0,0,3,88,Executive,Other,35,1
11020,2004,69,8,27,37,1,4,3,9870,3,533,Mid,Technology,102,1
11021,1996,59,5,36,11,12,0,1,7509,4,299,Mid,Technology,434,1
11022,2012,48,8,12,28,3,4,2,6716,3,43,Executive,Other,302,1
11023,1981,54,2,35,21,6,4,5,534,4,36,Executive,Technology,97,1
11024,1993,22,4,41,35,13,1,4,6666,2,518,Entry,Manufacturing,144,0
11025,2019,65,1,20,0,5,5,4,8207,4,473,Senior,Healthcare,281,1
11026,2019,55,9,44,39,9,3,1,8752,3,279,Senior,Finance,436,1
11027,2018,25,4,46,33,6,1,5,2925,2,460,Mid,Education,126,1
11028,1985,38,7,31,33,4,0,5,909,2,168,Senior,Other,303,1
11029,1985,25,10,44,32,1,1,4,9605,1,69,Entry,Other,282,1
11030,1982,64,1,45,3,7,1,4,5008,5,212,Mid,Other,301,1
11031,1986,47,7,22,37,13,1,2,118,3,582,Senior,Finance,66,1
11032,1987,25,3,39,29,11,0,5,3113,0,913,Senior,Healthcare,378,1
11033,2021,22,9,19,19,1,0,0,0,5,718,Mid,Technology,146,1
11034,1994,28,9,31,25,11,1,1,1491,3,71,Executive,Other,327,1
11035,2008,51,0,21,14,7,1,1,2096,0,827,Entry,Technology,80,1
11036,2012,30,4,44,6,15,4,2,7944,5,179,Mid,Education,252,1
11037,2009,56,0,6,6,14,3,2,2254,1,207,Mid,Other,241,0
11038,2018,29,6,35,28,6,4,0,0,3,176,Senior,Finance,64,1
11039,2006,45,7,41,22,2,5,3,6103,5,706,Executive,Finance,70,1
11040,2015,40,2,45,33,12,3,1,1233,1,300,Senior,Education,35,1
11041,2008,57,2,45,19,3,5,5,5258,0,904,Mid,Finance,66,1
11042,2017,64,6,38,14,12,3,4,9671,4,883,Mid,Finance,82,1
11043,2012,48,3,38,32,6,1,0,0,3,750,Senior,Finance,169,1
11044,2016,53,2,7,16,3,4,1,3349,2,153,Executive,Other,474,1
11045,2006,35,7,21,19,8,3,5,9732,2,153,Mid,Education,66,0
11046,2012,39,2,18,12,6,5,0,0,1,29,Entry,Other,97,1
11047,1983,49,6,18,23,0,3,3,3716,4,26,Executive,Education,324,0
11048,2001,50,1,50,36,0,0,5,6754,2,975,Mid,Healthcare,432,0
11049,1981,37,10,42,6,14,3,1,3743,2,239,Executive,Finance,292,1
11050,1989,56,10,39,7,3,1,4,1771,3,754,Executive,Healthcare,249,1
11051,1984,68,0,5,22,13,2,5,4454,2,643,Entry,Manufacturing,301,1
11052,1989,52,5,33,13,13,0,1,6770,0,690,Mid,Manufacturing,207,1
11053,2012,25,7,8,3,12,2,0,0,1,850,Executive,Finance,311,1
11054,2017,58,0,37,20,8,1,3,5273,5,97,Mid,Technology,374,1
11055,1992,38,9,21,9,12,2,5,8697,2,325,Mid,Manufacturing,62,1
11056,2010,60,8,32,21,3,3,0,0,3,236,Executive,Technology,77,1
11057,2015,69,2,30,29,12,2,0,0,5,846,Senior,Healthcare,29,1
11058,2024,67,2,12,29,4,4,2,9030,0,137,Executive,Finance,351,1
11059,2003,47,3,38,15,0,1,0,0,5,629,Senior,Healthcare,250,1
11060,1994,69,10,22,10,14,4,5,2676,2,617,Senior,Other,318,1
11061,2008,60,0,35,21,13,2,3,96,1,547,Senior,Healthcare,114,1
11062,1987,62,8,31,28,1,4,4,1963,1,45,Senior,Education,364,1
11063,1984,25,10,20,24,10,0,2,5401,1,615,Executive,Finance,331,1
11064,2008,51,2,14,13,3,2,0,0,2,389,Senior,Education,218,1
11065,1983,51,9,44,13,11,5,5,598,0,363,Mid,Healthcare,153,1
11066,1991,43,3,16,1,3,4,1,3963,4,359,Executive,Technology,495,1
11067,2024,32,0,26,12,10,3,2,8620,5,581,Entry,Finance,220,1
11068,1981,23,3,20,2,9,2,3,7293,1,206,Senior,Finance,22,1
11069,2006,65,0,16,29,5,5,1,1324,0,732,Executive,Manufacturing,368,1
11070,2010,33,4,15,17,12,0,3,8111,3,600,Senior,Technology,213,1
11071,2015,51,4,24,35,5,3,1,1767,3,978,Mid,Other,147,1
11072,2015,57,10,5,20,7,2,4,5164,0,973,Senior,Technology,357,1
11073,2005,39,6,31,18,11,3,3,9708,3,514,Executive,Healthcare,301,1
11074,2022,47,7,7,15,12,2,1,1339,3,945,Mid,Healthcare,207,1
11075,2006,28,3,16,27,8,2,3,9168,1,809,Senior,Healthcare,158,1
11076,1984,22,6,34,3,13,1,2,6466,2,365,Entry,Manufacturing,450,1
11077,1999,47,3,13,14,0,4,3,9806,2,973,Senior,Technology,404,1
11078,1990,44,2,41,0,0,2,5,9776,2,437,Senior,Education,306,1
11079,1989,47,5,5,15,14,0,3,5463,2,230,Mid,Technology,166,1
11080,2019,66,3,46,19,5,5,1,5490,0,422,Senior,Education,62,1
11081,2017,27,2,8,32,3,4,3,4061,1,468,Executive,Finance,324,1
11082,1985,27,8,19,16,10,1,4,7604,0,629,Executive,Education,275,1
11083,1987,65,4,31,4,3,4,0,0,5,310,Mid,Finance,374,1
11084,2002,29,6,12,4,0,4,2,218,5,394,Executive,Other,22,0
11085,2005,45,5,27,38,8,2,5,533,3,113,Entry,Other,223,1
11086,2022,43,9,19,12,11,0,1,7951,1,201,Senior,Healthcare,425,1
11087,1991,40,4,31,35,10,2,3,9687,4,462,Mid,Technology,200,1
11088,2005,58,6,35,29,2,0,3,9565,2,541,Executive,Healthcare,386,1
11089,1992,39,10,43,3,14,0,3,3823,5,363,Entry,Technology,282,1
11090,2019,52,5,12,22,4,3,2,64,5,246,Entry,Education,346,1
11091,1997,58,9,34,20,9,2,5,4341,3,592,Mid,Technology,457,1
11092,2004,51,1,46,20,0,1,0,0,2,245,Mid,Education,335,0
11093,2012,63,2,22,5,7,5,4,9916,2,183,Executive,Technology,407,1
11094,2019,54,1,8,23,2,4,5,2985,2,412,Senior,Finance,214,1
11095,2022,31,2,47,30,13,3,4,5594,5,272,Entry,Education,264,1
11096,1991,58,0,26,18,14,1,5,3913,4,544,Entry,Healthcare,385,1
11097,2023,33,7,7,37,0,5,1,9240,3,613,Mid,Healthcare,389,1
11098,2015,51,5,19,11,9,5,0,0,2,276,Entry,Healthcare,228,0
11099,1983,48,1,39,13,5,2,0,0,2,622,Mid,Healthcare,226,0
11100,1984,60,7,42,11,0,0,2,1004,1,498,Senior,Finance,326,1
11101,2016,30,5,37,14,14,2,5,2122,2,717,Mid,Finance,334,1
11102,1987,42,6,18,18,14,5,3,6696,1,777,Senior,Manufacturing,276,1
11103,2021,33,10,5,27,2,2,0,0,3,489,Executive,Manufacturing,229,1
11104,2007,50,0,30,39,4,3,5,471,3,214,Mid,Manufacturing,355,0
11105,2010,54,6,12,40,3,1,3,3405,3,102,Executive,Other,214,1
11106,1988,64,2,20,4,15,5,2,308,1,806,Senior,Manufacturing,156,1
11107,2008,36,10,42,4,6,3,5,7695,5,589,Entry,Technology,12,1
11108,1993,23,7,14,5,5,1,5,7707,5,174,Executive,Other,196,1
11109,2019,60,5,46,22,11,3,1,3047,4,853,Mid,Education,110,1
11110,2020,65,3,41,2,2,4,5,2017,4,51,Mid,Healthcare,102,1
11111,2001,39,10,30,36,15,0,1,4881,5,296,Executive,Technology,102,1
11112,1990,24,7,32,32,10,0,3,1478,5,987,Executive,Other,169,1
11113,2002,28,8,16,20,7,0,3,4197,2,174,Executive,Finance,108,1
11114,1980,64,9,24,19,7,4,0,0,3,968,Mid,Healthcare,375,1
11115,2016,39,1,18,0,13,5,2,4870,5,342,Executive,Education,125,1
11116,2000,65,5,50,38,1,5,1,3459,0,710,Executive,Education,234,1
11117,2005,59,4,39,16,15,4,0,0,5,599,Senior,Finance,384,1
11118,2015,58,4,33,28,6,0,4,5434,2,170,Executive,Healthcare,147,1
11119,2002,54,9,16,7,13,0,0,0,5,36,Executive,Manufacturing,170,1
11120,1980,65,10,22,25,0,1,3,3589,4,634,Mid,Healthcare,0,1
11121,2019,52,2,48,27,1,1,4,8339,4,200,Mid,Healthcare,482,1
11122,1994,32,7,6,33,7,2,0,0,3,63,Entry,Education,39,1
11123,2000,25,7,6,25,11,3,5,596,1,485,Mid,Finance,236,1
11124,1988,39,4,21,12,0,1,2,5073,2,454,Mid,Healthcare,6,1
11125,1988,25,7,14,36,1,1,1,1070,1,699,Mid,Technology,162,1
11126,1989,55,9,22,12,11,1,5,4250,4,726,Mid,Technology,435,1
11127,2005,50,7,26,37,0,1,4,4325,3,408,Executive,Finance,289,1
11128,2020,45,2,23,24,4,4,2,3371,4,886,Entry,Manufacturing,433,1
11129,2014,43,1,5,22,6,2,0,0,3,754,Mid,Other,324,1
11130,2004,23,8,28,21,5,1,5,9114,5,149,Executive,Healthcare,156,1
11131,2005,65,1,40,20,5,5,3,3318,0,501,Mid,Other,113,1
11132,1990,27,8,29,29,5,3,3,6711,1,938,Entry,Healthcare,111,1
11133,2017,63,3,40,10,7,1,2,7221,2,635,Senior,Education,474,1
11134,1981,46,1,35,3,4,4,3,9438,3,966,Senior,Healthcare,454,1
11135,1986,42,9,35,32,14,5,1,8957,5,709,Entry,Other,256,1
11136,1997,37,0,6,11,9,0,2,2612,5,547,Executive,Manufacturing,72,0
11137,2006,52,3,23,8,6,0,2,4562,0,813,Executive,Healthcare,494,0
11138,2013,35,8,16,31,2,2,3,443,5,277,Entry,Healthcare,441,1
11139,2006,60,8,14,10,8,0,2,5973,5,34,Senior,Education,192,1
11140,1996,49,3,35,36,9,1,0,0,0,624,Mid,Technology,474,0
11141,2022,53,8,49,23,2,4,4,2910,1,174,Senior,Technology,272,1
11142,2023,49,5,26,6,13,2,5,1801,5,32,Mid,Manufacturing,445,1
11143,2003,30,0,27,7,13,5,4,925,3,724,Entry,Finance,223,1
11144,2004,66,9,27,32,5,1,5,7851,2,714,Entry,Finance,360,1
11145,1986,43,5,19,24,2,0,3,5930,2,396,Entry,Education,93,1
11146,1985,53,8,30,0,0,3,1,8943,2,253,Senior,Other,206,1
11147,2003,26,1,7,2,0,1,1,9426,4,567,Entry,Other,169,0
11148,2012,44,5,27,39,2,3,3,2922,4,322,Senior,Healthcare,155,1
11149,2008,26,1,24,27,3,5,3,8854,3,12,Executive,Education,243,1
11150,2022,63,3,49,32,13,3,2,7555,5,49,Mid,Other,2,1
11151,2001,53,7,44,0,1,5,1,9776,5,759,Mid,Technology,219,0
11152,2005,31,6,43,37,8,2,4,919,2,232,Mid,Manufacturing,4,1
11153,2007,60,10,12,26,14,4,3,5004,0,952,Entry,Finance,193,1
11154,2000,36,8,22,37,10,0,4,4219,5,993,Mid,Healthcare,53,1
11155,1986,28,6,45,34,7,0,5,8259,2,539,Entry,Finance,421,1
11156,1996,50,0,10,9,11,1,4,4570,3,615,Senior,Technology,463,1
11157,1999,68,1,31,11,12,0,1,4453,2,865,Entry,Healthcare,299,1
11158,2020,24,5,40,9,15,2,5,9958,1,95,Mid,Technology,208,1
11159,1999,40,6,19,33,15,0,4,5575,2,342,Entry,Finance,75,1
11160,2001,31,2,41,23,2,1,2,1953,5,855,Entry,Finance,217,1
11161,2007,49,8,9,27,6,0,2,2568,5,192,Senior,Technology,440,0
11162,2019,50,6,43,21,3,4,1,7945,0,919,Entry,Healthcare,496,1
11163,1986,36,5,13,15,4,5,2,3708,3,510,Mid,Technology,117,0
11164,1980,56,5,11,12,3,3,3,4928,3,450,Entry,Healthcare,454,1
11165,2011,27,0,45,35,8,3,5,3399,0,124,Executive,Education,279,1
11166,1992,33,4,24,35,15,5,1,9545,3,80,Entry,Education,79,1
11167,2009,68,9,14,22,10,3,5,6570,2,6,Executive,Healthcare,465,1
11168,2002,59,2,30,13,6,4,4,442,3,329,Mid,Technology,186,0
11169,1998,34,6,8,31,12,2,3,600,2,82,Executive,Healthcare,7,0
11170,2011,50,9,42,2,3,1,1,4582,3,535,Executive,Finance,90,1
11171,2009,40,2,28,26,15,4,4,2786,5,904,Executive,Technology,345,1
11172,2008,24,4,18,18,12,1,4,2695,2,625,Executive,Other,350,1
11173,2024,29,6,45,21,7,2,4,2052,2,526,Executive,Healthcare,209,1
11174,2008,29,2,5,0,1,4,4,631,5,112,Entry,Finance,257,1
11175,2009,41,9,21,4,6,0,4,3442,0,439,Senior,Manufacturing,40,1
11176,1995,68,1,49,32,10,2,1,1754,0,889,Executive,Finance,214,1
11177,2019,25,5,28,18,0,3,2,7020,5,853,Mid,Other,183,1
11178,1998,42,7,31,35,7,4,4,9770,4,761,Mid,Healthcare,303,1
11179,1997,24,3,11,5,12,2,3,25,0,656,Entry,Technology,240,1
11180,1980,66,8,13,14,13,2,1,7946,2,18,Senior,Technology,105,1
11181,1993,29,7,47,35,11,4,0,0,2,8,Senior,Education,21,0
11182,1981,44,6,39,32,13,3,2,6553,3,831,Executive,Other,352,1
11183,2007,37,6,16,23,12,5,3,5759,3,184,Mid,Healthcare,244,1
11184,2009,34,2,25,26,14,3,4,7755,4,37,Mid,Finance,273,1
11185,2017,24,5,7,10,5,2,1,1129,2,722,Entry,Finance,78,1
11186,1983,69,4,19,22,11,1,1,4996,4,903,Executive,Other,424,1
11187,1980,30,0,25,32,4,5,4,4145,2,133,Mid,Healthcare,322,1
11188,1987,35,10,14,40,8,5,3,5641,0,944,Executive,Finance,303,1
11189,2008,34,2,37,28,8,2,1,8633,3,101,Senior,Manufacturing,377,1
11190,2018,28,0,50,30,2,4,5,5897,5,940,Executive,Other,22,1
11191,1982,36,3,10,0,8,4,2,7369,5,148,Executive,Education,110,1
11192,2011,28,9,6,33,12,4,3,3895,4,92,Entry,Technology,129,1
11193,1989,59,2,33,17,14,3,4,4797,1,801,Entry,Finance,361,0
11194,1989,55,10,44,17,12,0,3,1828,5,139,Senior,Manufacturing,259,1
11195,1998,62,3,37,5,8,4,5,9727,2,294,Senior,Healthcare,153,1
11196,2013,43,8,8,39,1,4,3,559,0,863,Executive,Finance,18,1
11197,2012,45,2,8,0,4,5,0,0,1,773,Mid,Other,48,0
11198,2002,58,5,33,29,10,1,4,9276,0,592,Executive,Healthcare,73,1
11199,2007,65,5,41,3,1,1,2,3914,0,543,Senior,Manufacturing,213,1
11200,2011,22,6,24,31,0,2,4,8430,2,187,Entry,Manufacturing,52,1
11201,1986,31,8,45,9,6,2,0,0,0,135,Entry,Technology,389,1
11202,2008,64,6,27,4,3,2,4,9663,4,165,Senior,Healthcare,189,1
11203,1987,37,0,49,8,4,4,4,6900,1,476,Executive,Education,128,1
11204,1980,67,7,22,4,3,1,2,5587,0,990,Mid,Technology,490,0
11205,1982,29,4,29,10,5,2,0,0,5,146,Entry,Healthcare,143,1
11206,2003,46,8,5,34,10,1,4,4612,5,244,Executive,Healthcare,247,1
11207,2002,33,9,19,26,1,4,5,3683,0,182,Mid,Manufacturing,179,1
11208,1987,46,4,38,3,7,5,4,8396,3,8,Senior,Other,6,1
11209,2016,38,4,24,9,3,4,1,7347,3,435,Executive,Manufacturing,343,1
11210,1982,47,1,41,38,7,2,4,3600,4,155,Mid,Healthcare,290,1
11211,2012,67,10,31,32,2,4,2,6643,5,829,Executive,Other,205,1
11212,2007,69,2,26,37,11,4,1,1213,3,687,Entry,Other,67,1
11213,1987,35,9,9,7,11,1,5,7347,0,113,Senior,Manufacturing,360,1
11214,2013,62,8,38,23,10,0,5,3091,5,754,Entry,Healthcare,142,1
11215,2014,57,6,43,38,15,3,5,1382,0,166,Entry,Healthcare,107,1
11216,2011,44,0,7,32,4,2,0,0,1,487,Executive,Other,184,1
11217,2003,64,2,21,40,11,0,5,9871,5,436,Senior,Technology,239,1
11218,1993,27,1,28,18,2,5,3,8198,3,222,Executive,Technology,150,1
11219,2011,68,0,28,1,11,2,2,3498,2,190,Mid,Education,210,1
11220,2022,26,8,7,10,14,0,0,0,3,786,Senior,Technology,77,1
11221,1995,64,7,49,34,15,4,1,5506,0,800,Entry,Finance,474,1
11222,1983,46,4,11,16,12,2,3,8455,1,575,Entry,Finance,227,1
11223,2016,39,10,29,2,6,0,0,0,3,793,Entry,Manufacturing,246,1
11224,2000,34,1,7,21,14,3,2,7655,1,172,Executive,Other,380,0
11225,1993,64,0,19,34,2,4,1,8124,3,256,Executive,Finance,101,1
11226,2010,35,6,33,20,14,2,2,4948,4,714,Executive,Technology,213,1
11227,1997,49,10,33,24,11,5,2,3865,0,449,Senior,Other,138,1
11228,1986,39,10,14,38,7,5,1,5460,0,500,Senior,Education,387,1
11229,1989,49,1,36,1,8,2,5,5448,2,930,Senior,Healthcare,185,0
11230,1986,48,0,27,0,12,0,4,4496,0,76,Senior,Education,479,1
11231,2012,53,1,43,6,11,2,2,4452,2,614,Mid,Technology,167,1
11232,2002,68,6,13,19,1,4,5,6898,0,225,Entry,Technology,488,1
11233,2000,30,6,41,5,2,1,1,2546,3,225,Executive,Technology,57,1
11234,1998,61,9,44,35,11,5,2,4929,3,738,Executive,Manufacturing,118,1
11235,1998,53,5,18,20,12,0,4,8310,4,607,Mid,Finance,87,1
11236,2015,41,4,8,34,6,3,1,7214,3,940,Entry,Technology,121,1
11237,2008,49,2,24,35,4,2,0,0,1,75,Entry,Healthcare,481,1
11238,1997,54,2,32,7,9,4,0,0,3,32,Mid,Finance,243,1
11239,1981,25,10,18,3,6,2,5,5514,2,593,Senior,Finance,66,1
11240,1980,67,8,48,15,1,3,0,0,5,68,Entry,Manufacturing,293,1
11241,1984,55,3,38,2,13,4,3,8721,4,850,Senior,Education,129,1
11242,1999,69,8,17,6,13,3,2,3674,5,414,Mid,Other,342,1
11243,1990,24,3,35,1,3,4,2,8494,5,730,Executive,Finance,39,1
11244,2021,47,1,37,0,0,1,1,4251,1,447,Executive,Finance,211,0
11245,1981,29,3,43,0,14,5,3,13,1,361,Executive,Technology,55,1
11246,1982,27,5,32,37,15,4,2,7187,0,869,Executive,Healthcare,199,0
11247,2002,37,5,29,6,4,3,1,2803,2,369,Entry,Technology,290,1
11248,1991,45,4,36,23,7,0,4,888,5,398,Senior,Healthcare,304,1
11249,1999,69,0,13,4,0,5,2,9388,3,813,Executive,Finance,106,1
11250,1984,60,2,32,20,6,1,5,4540,3,119,Executive,Healthcare,194,1
11251,2016,51,4,35,27,6,2,2,8090,0,47,Executive,Technology,351,1
11252,2017,66,5,21,17,6,1,4,2169,3,67,Mid,Technology,121,1
11253,2009,34,0,27,23,14,1,4,3651,1,338,Entry,Education,94,1
11254,1988,26,8,17,31,0,2,2,8017,3,84,Mid,Manufacturing,427,1
11255,2013,46,2,14,32,11,4,4,8240,5,893,Senior,Education,493,1
11256,2023,41,9,20,9,10,1,1,180,3,935,Executive,Finance,286,1
11257,2014,39,2,10,8,2,5,2,3878,1,376,Entry,Healthcare,124,1
11258,2001,68,10,15,32,10,1,2,9609,2,384,Entry,Technology,448,1
11259,2023,39,1,7,32,1,0,0,0,5,275,Entry,Technology,331,1
11260,2003,23,7,32,6,14,5,5,529,2,767,Mid,Technology,125,1
11261,1996,31,2,45,3,14,0,2,5771,1,917,Mid,Other,401,1
11262,1989,66,5,19,27,4,5,0,0,1,949,Mid,Technology,343,1
11263,2009,68,1,17,22,1,3,4,7940,5,204,Mid,Other,35,1
11264,2002,33,6,46,31,12,2,5,1286,4,744,Senior,Finance,445,1
11265,2011,68,3,49,15,15,5,5,2190,4,64,Executive,Manufacturing,412,1
11266,1996,34,8,21,9,13,5,4,8898,3,910,Executive,Education,216,1
11267,1996,68,9,11,13,4,4,1,8485,5,828,Mid,Other,406,1
11268,1993,32,8,32,38,4,4,0,0,5,78,Mid,Education,2,1
11269,1988,40,6,42,35,15,3,2,5628,3,525,Mid,Other,29,1
11270,2019,56,7,17,33,3,4,0,0,4,324,Senior,Technology,464,1
11271,1981,60,2,21,23,10,4,4,6560,3,377,Senior,Technology,254,1
11272,2024,47,10,19,17,6,0,4,660,2,816,Entry,Healthcare,44,1
11273,2004,67,4,40,15,9,4,1,3178,2,901,Executive,Technology,176,1
11274,2018,35,1,32,40,5,4,5,3389,0,680,Mid,Education,221,1
11275,1988,66,9,19,36,15,3,5,3063,4,670,Entry,Healthcare,112,0
11276,2001,65,6,50,40,1,3,4,6401,2,627,Executive,Healthcare,121,1
11277,2022,45,7,15,24,14,1,0,0,0,345,Entry,Technology,274,1
11278,1983,62,8,35,7,3,4,5,2840,1,703,Senior,Healthcare,447,1
11279,2005,22,10,8,23,12,4,2,6309,5,856,Senior,Manufacturing,388,1
11280,2008,64,10,39,19,15,5,2,7192,2,434,Entry,Technology,231,1
11281,2024,43,6,38,29,13,4,0,0,0,954,Entry,Manufacturing,311,1
11282,2013,44,9,31,19,10,0,1,6146,3,694,Executive,Technology,417,0
11283,2002,40,9,14,17,6,5,2,6561,5,884,Mid,Other,248,1
11284,2016,39,7,34,3,8,4,0,0,0,377,Executive,Manufacturing,328,1
11285,1990,33,8,49,35,8,0,0,0,2,944,Executive,Technology,102,1
11286,1985,49,5,24,5,11,1,4,2927,3,742,Senior,Education,175,1
11287,1997,49,9,33,2,2,5,5,2393,3,679,Senior,Other,235,1
11288,2000,54,1,33,17,0,2,4,8922,0,14,Entry,Other,281,0
11289,2021,40,1,27,39,8,4,5,896,0,453,Senior,Other,244,1
11290,2015,49,3,25,17,15,5,1,6867,2,192,Executive,Technology,132,1
11291,2020,58,8,47,22,7,3,1,6345,3,232,Entry,Education,343,1
11292,2017,47,6,14,34,6,5,1,2368,4,262,Entry,Finance,158,1
11293,2013,56,1,45,5,5,3,0,0,0,445,Senior,Other,279,1
11294,1996,55,7,16,25,13,4,0,0,4,53,Mid,Finance,340,1
11295,2016,56,10,34,20,14,0,4,2380,4,691,Senior,Technology,21,1
11296,2004,61,6,37,23,9,3,2,14,3,946,Entry,Other,101,1
11297,2017,37,8,22,14,6,5,5,9545,2,3,Entry,Education,149,1
11298,1991,59,7,18,26,10,5,5,3135,4,256,Mid,Education,468,1
11299,2002,34,2,26,31,8,3,1,2277,2,360,Executive,Other,56,0
11300,2021,44,0,25,11,5,1,5,8202,0,833,Entry,Healthcare,157,1
11301,2001,43,1,5,4,14,1,3,1656,3,239,Mid,Healthcare,368,1
11302,2000,37,1,47,6,13,1,1,9439,1,481,Executive,Other,302,1
11303,2006,49,3,19,21,13,3,5,1660,3,674,Senior,Manufacturing,457,1
11304,2010,69,5,40,26,15,3,4,1763,1,460,Mid,Healthcare,194,1
11305,1985,56,3,26,14,9,5,5,8733,5,848,Executive,Technology,166,1
11306,2006,66,8,36,38,2,4,0,0,0,137,Entry,Healthcare,476,1
11307,2019,67,3,50,34,12,4,4,7865,2,450,Entry,Healthcare,344,1
11308,2013,29,5,37,25,13,0,4,5838,0,323,Mid,Technology,193,1
11309,1991,65,5,45,22,2,3,4,6910,3,472,Senior,Technology,460,1
11310,2024,43,9,43,12,3,4,3,9372,1,740,Mid,Manufacturing,346,1
11311,1986,42,10,27,25,9,4,3,2617,5,613,Entry,Education,412,1
11312,1989,47,9,47,2,12,1,5,2754,1,476,Executive,Healthcare,397,1
11313,2024,61,0,6,28,13,1,1,9120,3,192,Senior,Other,259,1
11314,1996,42,7,6,1,14,1,5,8101,3,306,Executive,Other,199,0
11315,2005,46,2,42,27,13,2,5,1426,0,541,Mid,Finance,4,1
11316,2000,62,5,33,22,9,4,5,8067,4,806,Mid,Education,299,1
11317,2007,22,2,50,35,7,1,0,0,1,758,Executive,Technology,90,1
11318,1981,27,10,7,5,9,1,4,6222,3,905,Executive,Other,23,1
11319,2022,44,1,43,10,8,3,2,7808,0,220,Executive,Healthcare,235,1
11320,1980,44,4,11,37,13,5,1,2061,4,171,Mid,Manufacturing,234,1
11321,2015,64,0,40,33,7,1,1,2563,2,159,Executive,Finance,225,0
11322,2005,64,8,33,16,10,3,4,2803,3,171,Entry,Education,27,1
11323,2008,44,10,41,2,9,0,1,6209,4,62,Executive,Healthcare,151,1
11324,2000,53,6,40,33,1,1,4,2293,2,572,Entry,Technology,383,1
11325,1990,51,2,27,21,3,5,1,1625,5,64,Entry,Education,245,1
11326,2019,34,3,49,28,3,3,5,5809,2,168,Executive,Finance,4,0
11327,1990,64,5,20,28,11,5,0,0,0,80,Senior,Technology,12,1
11328,2015,39,2,35,4,1,1,1,7399,1,758,Senior,Finance,465,1
11329,2018,44,6,38,9,12,0,1,2400,3,267,Senior,Healthcare,54,1
11330,2019,36,5,5,9,7,1,2,9903,4,379,Entry,Education,464,1
11331,2014,54,8,22,8,2,3,0,0,5,769,Senior,Manufacturing,285,1
11332,2013,42,4,44,20,1,0,5,5829,5,72,Senior,Healthcare,101,1
11333,2003,60,3,47,12,6,0,0,0,2,331,Executive,Other,338,0
11334,2001,44,2,19,9,14,0,0,0,5,187,Mid,Healthcare,213,1
11335,1984,48,9,21,37,0,2,1,5530,1,24,Entry,Manufacturing,432,1
11336,2012,66,0,48,10,14,3,3,5202,2,227,Mid,Manufacturing,112,1
11337,2015,65,2,14,3,15,2,1,5430,3,117,Entry,Other,337,0
11338,1999,39,2,24,30,15,5,4,3497,3,444,Entry,Other,89,1
11339,1998,45,6,10,33,5,0,2,5496,5,107,Senior,Technology,270,1
11340,2014,68,6,12,34,12,2,0,0,0,241,Executive,Finance,246,1
11341,2022,61,0,49,38,12,1,4,3394,3,610,Mid,Healthcare,475,0
11342,1996,63,2,38,38,2,2,5,9395,3,533,Mid,Technology,29,1
11343,2024,28,7,36,32,12,4,4,773,3,480,Senior,Other,27,1
11344,2022,69,8,46,7,2,5,3,7793,1,502,Mid,Technology,467,1
11345,2013,41,6,8,31,14,0,0,0,4,497,Mid,Healthcare,387,0
11346,1988,48,6,48,32,4,0,1,9595,4,55,Entry,Finance,67,0
11347,2005,27,10,43,7,13,5,0,0,5,148,Executive,Manufacturing,356,1
11348,1981,48,7,24,13,2,5,2,3061,3,310,Executive,Healthcare,142,1
11349,1988,30,5,28,33,11,3,0,0,4,551,Mid,Finance,33,1
11350,1988,66,10,28,7,3,1,4,1403,5,946,Mid,Manufacturing,458,1
11351,2019,52,2,30,6,12,5,4,3320,3,661,Entry,Education,470,1
11352,1996,42,0,29,12,12,5,1,7239,4,923,Senior,Healthcare,354,0
11353,1980,47,6,40,20,14,3,1,6649,4,120,Entry,Other,426,1
11354,2004,61,0,11,31,2,5,1,7420,5,771,Senior,Healthcare,226,1
11355,2022,69,0,14,10,15,2,5,7139,2,25,Senior,Other,202,1
11356,2019,66,8,16,13,6,4,2,869,5,982,Entry,Finance,60,1
11357,2021,34,9,5,10,15,4,5,6442,1,111,Executive,Technology,190,1
11358,2004,44,6,29,1,2,4,5,9275,2,510,Entry,Technology,1,1
11359,2018,41,10,20,33,13,5,5,973,2,880,Senior,Finance,117,1
11360,2014,58,3,9,16,9,4,0,0,4,955,Executive,Healthcare,307,1
11361,1982,49,5,23,13,3,1,3,9994,0,22,Executive,Healthcare,51,0
11362,2016,38,0,8,24,1,2,0,0,0,680,Entry,Other,14,1
11363,2023,49,6,10,26,1,4,1,5147,1,825,Executive,Healthcare,423,1
11364,2023,62,5,30,7,8,0,2,3443,3,263,Executive,Education,283,1
11365,2009,23,3,43,16,10,5,5,5684,4,115,Entry,Other,478,1
11366,2017,46,6,43,4,0,2,0,0,1,479,Mid,Technology,95,1
11367,2013,62,2,13,11,15,1,4,2023,2,306,Executive,Education,97,1
11368,1991,27,0,49,37,0,4,5,6740,4,230,Entry,Healthcare,54,0
11369,1998,32,3,18,17,15,1,0,0,2,700,Entry,Technology,433,1
11370,2016,59,2,13,25,9,5,4,438,1,491,Mid,Other,277,1
11371,2023,27,0,19,30,0,4,0,0,0,768,Executive,Healthcare,412,0
11372,1996,66,1,41,36,13,0,0,0,1,119,Senior,Other,244,0
11373,1989,32,10,24,5,2,2,5,7835,5,285,Senior,Healthcare,327,1
11374,1991,35,4,12,40,1,0,0,0,4,987,Executive,Finance,469,1
11375,1995,23,7,36,14,2,4,1,3350,4,784,Executive,Technology,395,1
11376,2003,61,0,25,25,13,3,4,987,3,406,Entry,Healthcare,470,1
11377,1998,24,3,45,11,4,2,2,2529,0,357,Entry,Manufacturing,37,1
11378,1987,56,3,23,40,8,1,3,4612,4,889,Senior,Manufacturing,119,1
11379,2010,54,4,33,13,1,4,5,3845,0,151,Executive,Other,257,1
11380,2000,45,6,35,0,15,0,4,5756,4,597,Entry,Healthcare,139,1
11381,1996,40,7,10,16,11,5,1,8105,0,324,Senior,Finance,182,1
11382,2002,39,5,8,32,10,3,4,1326,5,856,Senior,Other,212,1
11383,2016,45,0,47,28,14,5,2,8219,1,947,Mid,Healthcare,125,1
11384,1995,66,6,33,30,13,4,5,6924,0,838,Executive,Manufacturing,139,1
11385,1985,56,2,46,7,0,1,4,4593,2,245,Mid,Technology,108,1
11386,1987,22,5,7,29,10,0,1,6662,5,825,Entry,Finance,478,1
11387,2004,57,7,5,12,5,2,5,193,1,917,Entry,Healthcare,8,1
11388,1997,46,6,48,15,2,3,1,8783,4,314,Senior,Manufacturing,462,1
11389,2004,66,9,19,1,12,4,5,2489,4,939,Entry,Technology,31,1
11390,1991,64,5,25,17,6,4,3,6401,3,804,Mid,Manufacturing,234,1
11391,1994,55,8,50,34,5,4,2,8304,5,161,Executive,Other,72,1
11392,2005,46,8,35,18,10,4,3,9509,2,611,Senior,Finance,471,1
11393,2020,37,0,11,12,15,0,0,0,5,368,Senior,Other,135,1
11394,2024,55,0,21,3,6,2,1,2061,3,184,Entry,Education,253,1
11395,2005,50,0,23,18,12,1,3,9882,5,952,Senior,Healthcare,115,1
11396,2011,40,7,43,24,12,3,1,6283,1,935,Senior,Other,155,1
11397,1989,44,9,7,37,4,4,5,9586,3,275,Executive,Technology,439,1
11398,1995,40,6,34,30,0,5,1,6840,1,996,Senior,Finance,81,1
11399,1986,46,2,39,35,13,4,0,0,3,528,Executive,Finance,106,1
11400,1996,37,1,33,3,2,2,1,5461,0,435,Mid,Education,228,0
11401,2002,30,3,18,38,2,2,5,7599,1,259,Senior,Education,291,1
11402,2005,22,2,39,6,6,0,5,3883,1,958,Mid,Healthcare,116,0
11403,2000,63,6,32,15,14,0,3,3251,0,244,Executive,Other,420,0
11404,2001,40,9,34,4,13,5,2,5053,0,817,Senior,Healthcare,287,1
11405,1986,54,7,30,22,12,5,4,3014,2,337,Entry,Other,212,1
11406,1993,55,5,11,35,2,0,3,1128,0,987,Entry,Other,166,1
11407,1994,37,2,43,31,10,3,0,0,3,49,Senior,Finance,48,0
11408,1986,65,5,35,23,4,5,4,6472,0,271,Executive,Other,220,1
11409,1988,61,1,9,24,3,0,1,7416,0,234,Entry,Healthcare,401,1
11410,1987,39,6,39,27,3,4,3,1696,1,583,Mid,Healthcare,278,0
11411,2002,55,10,18,18,12,0,4,8324,1,828,Executive,Education,288,1
11412,2008,46,9,40,6,6,3,3,7407,5,555,Executive,Finance,367,1
11413,1997,66,6,31,40,0,0,1,7245,0,913,Senior,Manufacturing,456,0
11414,2010,27,3,28,16,6,0,5,4665,2,305,Mid,Manufacturing,491,1
11415,2009,42,7,44,1,14,4,3,4220,1,476,Executive,Technology,178,1
11416,2018,27,3,33,15,15,5,0,0,3,487,Senior,Education,170,1
11417,2014,53,6,49,38,7,4,4,6170,5,79,Mid,Technology,485,1
11418,1997,62,3,26,17,2,4,4,311,3,285,Executive,Finance,3,1
11419,2021,69,4,12,38,14,0,4,9977,0,560,Entry,Manufacturing,335,1
11420,2018,64,6,19,0,2,4,3,5434,0,97,Mid,Manufacturing,194,1
11421,1996,60,9,9,2,3,2,1,401,2,477,Executive,Manufacturing,455,0
11422,1993,52,2,8,20,14,1,3,5554,0,916,Mid,Technology,463,0
11423,2010,63,9,15,29,12,1,3,1596,5,405,Entry,Healthcare,380,1
11424,2003,31,4,22,10,5,4,5,121,4,942,Executive,Technology,257,0
11425,2014,51,10,46,21,13,5,4,750,4,536,Entry,Manufacturing,44,1
11426,2023,39,2,34,24,6,3,1,105,0,725,Senior,Education,466,1
11427,2024,45,4,19,2,0,4,2,6934,5,567,Senior,Education,343,1
11428,2013,30,2,10,29,14,5,1,9251,4,254,Executive,Other,207,1
11429,1982,52,10,20,23,12,4,3,3238,3,959,Executive,Technology,114,1
11430,2016,36,9,44,35,3,0,0,0,5,667,Mid,Other,423,1
11431,2022,25,10,13,22,11,5,1,8267,5,486,Executive,Other,129,1
11432,2019,61,6,47,7,6,3,4,6865,0,672,Senior,Technology,159,1
11433,2005,30,0,38,3,15,4,0,0,3,193,Executive,Other,0,1
11434,2002,66,8,31,38,10,2,2,3282,3,515,Mid,Finance,496,1
11435,2023,30,8,17,30,1,5,2,2275,4,463,Senior,Technology,273,0
11436,2018,47,4,40,28,0,1,0,0,2,779,Executive,Other,486,1
11437,1994,25,8,31,35,0,5,2,8644,3,912,Entry,Other,447,1
11438,1983,38,9,13,12,9,2,0,0,4,503,Entry,Technology,159,1
11439,2008,37,5,9,40,13,2,3,4582,2,35,Entry,Manufacturing,264,1
11440,2001,36,4,26,8,13,2,0,0,5,15,Entry,Other,310,0
11441,2004,56,2,35,20,5,3,3,1497,4,998,Mid,Healthcare,322,0
11442,1992,26,10,7,2,11,3,4,2838,4,918,Entry,Manufacturing,247,1
11443,1997,26,10,34,24,4,5,4,6036,0,967,Entry,Healthcare,23,1
11444,2012,41,7,25,24,0,3,2,5066,5,888,Executive,Manufacturing,376,1
11445,1995,36,3,39,11,9,1,5,489,5,648,Entry,Manufacturing,266,0
11446,2024,39,9,10,28,2,0,5,6374,1,589,Entry,Finance,155,1
11447,2021,68,2,32,10,14,5,0,0,2,822,Executive,Other,271,1
11448,2023,23,5,36,10,10,4,3,2749,4,72,Senior,Healthcare,92,1
11449,1981,50,7,46,25,6,4,4,9295,3,319,Mid,Manufacturing,360,1
11450,2014,34,8,41,13,11,5,4,7812,3,942,Mid,Manufacturing,11,1
11451,2021,25,5,29,15,8,0,4,9791,1,244,Senior,Healthcare,237,1
11452,2013,63,4,36,9,12,4,2,7464,2,857,Executive,Finance,120,0
11453,2009,66,10,39,30,8,5,4,7777,0,739,Senior,Healthcare,451,0
11454,1992,31,1,26,30,14,5,5,8417,2,194,Mid,Finance,89,1
11455,1992,52,1,28,35,5,2,1,6286,3,757,Mid,Finance,387,0
11456,1997,62,8,43,9,2,1,2,9906,3,905,Senior,Education,74,1
11457,2011,29,1,34,25,0,4,0,0,0,88,Entry,Finance,321,0
11458,2011,24,1,36,19,2,1,1,5848,0,771,Mid,Education,30,1
11459,2014,69,2,35,8,9,5,2,7656,3,797,Senior,Other,439,1
11460,2018,67,2,27,14,1,0,2,2345,4,138,Entry,Technology,433,0
11461,2008,30,3,44,8,10,5,3,5549,4,562,Entry,Finance,194,1
11462,2008,51,6,37,6,4,4,1,6680,0,658,Executive,Healthcare,88,0
11463,2023,32,8,29,25,7,1,1,8770,5,753,Senior,Education,97,1
11464,1995,56,1,40,23,4,2,5,1698,4,396,Mid,Technology,128,1
11465,2023,58,3,28,11,15,2,1,6984,0,952,Executive,Other,452,1
11466,1989,63,8,35,19,0,5,4,6037,2,483,Mid,Technology,294,1
11467,2009,34,1,43,13,2,0,5,5256,2,386,Entry,Finance,435,1
11468,2004,57,9,50,21,11,3,4,6551,2,367,Senior,Healthcare,94,1
11469,2018,34,10,17,15,4,4,5,278,0,845,Entry,Finance,163,1
11470,1999,33,0,14,28,6,5,0,0,0,457,Entry,Manufacturing,450,0
11471,1984,58,9,27,31,4,2,5,9132,4,421,Entry,Technology,229,1
11472,1980,31,7,22,18,13,2,0,0,4,231,Senior,Manufacturing,139,1
11473,2009,30,8,36,34,9,0,5,4536,4,538,Executive,Manufacturing,316,1
11474,1982,28,6,37,31,4,2,0,0,1,343,Mid,Education,463,0
11475,2024,23,7,40,19,6,4,4,5939,0,719,Entry,Manufacturing,327,1
11476,1993,44,3,32,39,12,0,5,1783,5,137,Mid,Technology,394,1
11477,2009,60,3,20,19,14,1,3,6630,2,373,Mid,Technology,108,1
11478,1983,61,1,20,7,7,0,5,3226,2,436,Executive,Healthcare,13,0
11479,1997,60,7,22,34,13,4,0,0,1,154,Senior,Finance,474,0
11480,2016,42,10,12,12,7,4,2,2819,1,518,Mid,Healthcare,465,1
11481,2004,44,1,46,40,6,1,4,3970,2,114,Executive,Healthcare,437,1
11482,1980,50,8,20,5,12,5,3,424,0,91,Mid,Finance,391,1
11483,1994,35,3,15,15,13,0,2,2105,2,345,Entry,Technology,160,1
11484,1988,47,0,10,4,2,4,2,2470,2,593,Executive,Education,131,0
11485,1994,26,3,5,33,10,4,4,5894,5,524,Senior,Manufacturing,112,1
11486,2003,52,2,16,5,1,1,5,3794,1,583,Senior,Education,285,1
11487,1983,46,5,42,32,0,3,1,2891,1,90,Entry,Manufacturing,339,1
11488,1991,52,6,32,14,5,0,3,9875,4,699,Entry,Finance,93,1
11489,2016,41,7,49,14,12,4,5,3147,1,397,Mid,Finance,346,1
11490,2016,65,1,21,13,8,2,4,4051,5,104,Executive,Healthcare,88,1
11491,2022,38,5,5,38,2,1,1,3651,5,811,Executive,Other,309,1
11492,1985,66,5,36,4,4,3,4,7901,2,965,Executive,Other,133,1
11493,2018,23,9,12,25,8,3,4,1174,5,595,Executive,Finance,260,1
11494,2003,46,4,44,16,13,1,2,2949,4,539,Mid,Manufacturing,205,0
11495,1990,34,9,47,15,13,3,5,8628,2,278,Executive,Other,306,1
11496,1992,60,9,50,34,8,4,4,6116,0,11,Executive,Education,397,1
11497,2013,49,6,28,37,6,3,5,234,0,919,Senior,Education,33,1
11498,2004,63,2,14,22,13,0,1,7912,1,306,Senior,Education,168,0
11499,1986,27,3,43,12,3,2,2,4770,4,363,Mid,Other,344,1
11500,1983,24,9,43,32,10,4,1,5128,5,661,Entry,Education,422,1
11501,1987,56,8,14,28,1,1,1,4856,3,317,Senior,Healthcare,145,1
11502,1999,39,3,40,33,1,2,2,8159,0,537,Entry,Other,19,0
11503,2008,32,2,29,33,3,5,5,2474,5,213,Mid,Education,106,1
11504,2024,41,1,14,26,0,4,1,226,0,313,Senior,Manufacturing,135,1
11505,1989,26,4,23,14,13,2,0,0,0,454,Senior,Healthcare,25,1
11506,2022,40,3,50,8,3,3,5,4801,0,398,Mid,Healthcare,245,1
11507,2013,43,7,49,25,11,5,4,5357,1,751,Executive,Other,340,1
11508,2005,40,6,19,2,13,1,2,7548,4,221,Mid,Healthcare,154,1
11509,2020,68,5,20,35,10,1,2,3995,0,579,Entry,Finance,415,1
11510,1982,37,10,6,4,5,0,5,1410,5,261,Entry,Healthcare,41,1
11511,1985,45,1,33,19,15,3,0,0,5,495,Executive,Manufacturing,177,1
11512,1984,62,2,8,19,5,0,0,0,1,622,Mid,Other,80,1
11513,1984,25,9,33,4,6,0,0,0,4,129,Mid,Other,176,1
11514,2002,36,8,35,9,4,3,0,0,4,158,Executive,Education,192,1
11515,1988,46,8,21,15,8,4,3,1868,3,791,Mid,Finance,190,1
11516,2014,65,4,14,24,1,5,2,2097,2,290,Senior,Education,282,1
11517,1999,56,2,31,24,1,0,1,1813,0,814,Mid,Technology,245,0
11518,2021,35,1,45,29,3,2,2,9779,1,542,Senior,Finance,99,1
11519,2014,40,7,19,13,14,5,2,8734,4,88,Mid,Manufacturing,458,1
11520,1997,59,5,48,21,3,4,2,2374,3,967,Senior,Finance,488,1
11521,1996,57,9,35,27,3,3,0,0,2,331,Entry,Healthcare,488,1
11522,2003,28,10,25,29,0,1,0,0,4,629,Executive,Finance,34,0
11523,1982,51,6,45,18,3,4,3,9461,4,505,Entry,Healthcare,293,1
11524,2011,40,0,50,37,11,0,5,8793,0,129,Senior,Education,293,1
11525,2014,46,0,49,19,4,2,2,3614,2,206,Executive,Finance,41,1
11526,2017,37,9,30,34,8,5,4,2149,2,359,Entry,Finance,169,1
11527,1992,68,1,42,21,2,3,5,3301,1,58,Entry,Manufacturing,432,1
11528,2004,61,9,40,14,14,1,3,8579,3,95,Senior,Technology,494,1
11529,1988,29,2,21,10,2,5,0,0,5,830,Mid,Finance,56,1
11530,1983,39,0,7,33,13,2,2,9794,1,245,Mid,Education,355,1
11531,1993,49,4,18,23,4,1,0,0,3,458,Senior,Healthcare,53,0
11532,2016,37,2,17,5,9,3,5,2696,1,144,Entry,Education,393,1
11533,2013,40,0,45,16,5,5,1,4151,3,309,Mid,Other,187,1
11534,1990,63,7,31,27,2,4,0,0,5,636,Mid,Other,295,0
11535,2020,38,10,5,30,0,0,0,0,0,916,Entry,Manufacturing,384,0
11536,1982,66,5,21,35,9,3,3,5845,3,533,Senior,Other,375,1
11537,2007,34,8,38,8,7,2,1,5758,5,380,Senior,Finance,85,1
11538,2008,28,2,18,9,11,4,5,3655,1,352,Mid,Technology,63,1
11539,1988,48,8,21,20,0,5,4,6359,2,883,Senior,Technology,80,1
11540,1982,31,8,7,33,1,1,4,8505,4,950,Entry,Finance,267,1
11541,2004,55,0,38,30,2,4,4,2280,5,284,Senior,Technology,491,1
11542,2013,57,2,44,28,5,4,2,2622,5,718,Executive,Education,184,1
11543,1991,46,5,29,10,3,2,4,9079,5,916,Senior,Healthcare,460,1
11544,2021,27,7,6,32,3,0,2,4342,3,501,Senior,Finance,344,1
11545,1988,45,3,38,0,14,4,5,2489,3,257,Senior,Other,25,1
11546,1994,39,4,30,20,8,4,5,1922,2,809,Executive,Healthcare,237,1
11547,2019,44,8,35,22,5,0,0,0,0,51,Entry,Technology,295,1
11548,2004,27,5,13,8,11,0,4,8115,1,549,Senior,Manufacturing,365,1
11549,1984,50,6,34,0,1,1,3,8049,0,898,Mid,Healthcare,486,1
11550,1990,46,6,24,20,6,5,5,4029,3,664,Senior,Manufacturing,368,1
11551,2013,38,3,25,21,14,1,1,3063,3,844,Executive,Education,298,0
11552,2003,67,3,33,3,12,0,1,8352,5,215,Executive,Manufacturing,224,1
11553,1994,45,3,29,0,2,3,5,9675,5,445,Mid,Healthcare,327,1
11554,2017,32,10,42,9,8,0,0,0,0,222,Executive,Healthcare,396,1
11555,1987,47,4,48,14,5,1,1,1737,1,654,Executive,Finance,89,0
11556,1984,55,4,29,35,15,2,1,4220,3,965,Executive,Other,439,1
11557,2005,49,7,13,28,7,2,0,0,3,104,Entry,Manufacturing,16,0
11558,1997,24,8,43,4,12,5,0,0,0,521,Executive,Education,87,1
11559,1985,32,1,48,28,15,4,0,0,4,968,Senior,Finance,23,1
11560,2016,59,10,30,26,12,2,3,2454,5,753,Mid,Finance,331,1
11561,1992,35,6,41,24,0,1,0,0,2,1000,Senior,Education,222,1
11562,2007,47,0,20,15,1,2,0,0,3,887,Senior,Finance,57,1
11563,1984,69,0,41,15,5,3,0,0,1,382,Mid,Education,463,1
11564,1992,42,3,16,35,2,0,5,8150,4,113,Entry,Technology,489,0
11565,1996,60,9,28,24,0,0,4,6292,0,744,Entry,Finance,188,1
11566,2019,51,6,30,40,5,1,5,9398,0,68,Executive,Healthcare,463,1
11567,2024,29,1,24,0,4,4,4,8696,1,364,Entry,Technology,221,1
11568,2011,41,10,13,4,12,0,3,9595,5,43,Entry,Finance,411,1
11569,2008,69,1,27,40,8,2,3,9959,5,680,Executive,Education,450,1
11570,1982,53,0,43,19,5,3,1,3733,4,210,Entry,Technology,352,1
11571,2019,43,9,33,4,4,4,5,8892,1,275,Entry,Other,50,1
11572,2013,28,1,35,35,0,4,4,5113,3,992,Executive,Technology,87,1
11573,2019,30,6,23,28,14,4,3,3005,4,106,Senior,Healthcare,221,1
11574,2006,66,8,24,33,0,0,3,4790,2,932,Senior,Finance,487,1
11575,1992,22,5,27,17,10,5,5,10,2,478,Mid,Finance,495,1
11576,2024,50,9,47,1,0,4,1,5221,1,678,Entry,Education,347,1
11577,2012,29,1,31,15,6,1,0,0,2,204,Executive,Technology,366,0
11578,1985,25,9,34,28,5,2,2,9164,1,118,Executive,Healthcare,166,1
11579,2003,56,9,25,32,13,5,1,7334,3,485,Entry,Education,193,1
11580,1998,24,8,48,15,15,3,2,5164,5,108,Entry,Other,460,1
11581,1995,66,6,39,34,4,2,1,9033,3,453,Executive,Education,100,1
11582,2019,61,10,11,16,15,1,1,6860,1,238,Executive,Healthcare,201,1
11583,2007,28,0,26,3,3,1,0,0,3,7,Executive,Finance,423,0
11584,2012,48,8,14,3,10,5,3,284,2,511,Mid,Healthcare,12,1
11585,2020,22,1,27,24,13,2,4,6543,3,42,Senior,Finance,146,1
11586,1992,48,3,19,32,12,0,1,5570,2,393,Executive,Manufacturing,261,1
11587,2022,37,8,34,13,12,1,0,0,5,808,Senior,Technology,145,1
11588,2024,59,3,38,23,10,4,2,7611,5,131,Entry,Healthcare,487,1
11589,2004,28,2,17,10,7,3,5,2435,2,717,Senior,Other,8,1
11590,2021,65,0,8,24,10,3,5,7523,0,899,Senior,Other,80,1
11591,2015,44,6,22,27,7,1,3,1029,3,791,Senior,Education,67,1
11592,2006,62,5,27,6,4,4,5,6584,3,750,Entry,Finance,309,1
11593,2017,32,9,37,35,14,2,1,8091,1,788,Senior,Technology,125,1
11594,1986,63,3,38,9,3,3,2,4451,1,393,Senior,Other,49,0
11595,1984,54,5,38,35,14,4,1,2966,4,557,Mid,Technology,69,1
11596,2022,57,5,40,30,1,4,5,7755,2,984,Entry,Healthcare,138,1
11597,2024,58,3,39,18,6,0,4,553,5,197,Senior,Education,438,1
11598,2010,62,5,21,17,4,1,5,267,5,463,Entry,Other,373,1
11599,2002,38,9,32,5,2,4,4,7135,0,120,Executive,Healthcare,169,1
11600,2021,56,10,18,27,8,2,5,1240,2,299,Senior,Education,89,1
11601,1989,69,7,38,6,8,3,3,4159,3,219,Entry,Manufacturing,138,1
11602,2011,26,2,15,37,10,0,2,2489,4,867,Senior,Healthcare,71,1
11603,2022,69,3,17,11,14,2,4,7858,2,800,Senior,Finance,244,1
11604,2009,53,9,37,40,10,3,0,0,4,93,Executive,Healthcare,66,1
11605,2018,24,0,6,33,9,1,3,8661,2,291,Mid,Healthcare,129,1
11606,2010,68,3,38,24,13,2,1,3287,3,152,Entry,Other,209,0
11607,1997,56,10,33,16,15,3,5,2019,3,524,Senior,Manufacturing,193,1
11608,2015,35,9,41,32,10,0,2,9781,2,934,Executive,Other,25,1
11609,1981,69,9,8,22,15,3,2,5313,5,718,Executive,Manufacturing,331,1
11610,1993,52,8,16,8,7,4,5,4317,5,766,Mid,Other,292,1
11611,1992,52,7,30,5,0,0,0,0,0,421,Mid,Healthcare,217,1
11612,2008,38,10,32,1,11,2,4,9611,3,157,Executive,Education,35,1
11613,1991,45,3,7,37,2,5,5,9072,1,269,Executive,Manufacturing,15,1
11614,2018,44,6,24,8,1,1,2,838,0,817,Entry,Manufacturing,77,1
11615,1981,39,9,14,2,15,0,0,0,2,579,Entry,Education,321,1
11616,2011,35,2,22,15,3,0,0,0,0,256,Executive,Technology,20,0
11617,1992,36,8,31,24,1,0,1,4827,1,700,Executive,Manufacturing,134,1
11618,2006,36,9,35,23,11,3,0,0,3,514,Mid,Manufacturing,244,1
11619,2020,27,3,31,28,10,4,3,3503,3,236,Entry,Education,394,1
11620,1996,48,1,46,39,7,5,2,7824,5,945,Executive,Education,183,1
11621,2019,36,9,5,25,0,1,3,2075,3,444,Entry,Healthcare,171,1
11622,2010,57,4,10,37,3,1,0,0,5,931,Entry,Healthcare,53,1
11623,2013,29,1,15,34,4,4,0,0,1,643,Executive,Technology,92,1
11624,2003,36,9,38,22,13,3,3,8575,0,170,Executive,Technology,440,1
11625,2024,24,5,43,3,9,3,1,2808,2,269,Senior,Technology,313,0
11626,2014,68,10,24,13,3,4,0,0,2,600,Entry,Finance,292,1
11627,1985,34,9,25,38,7,4,3,9288,0,614,Entry,Education,375,1
11628,1998,62,0,25,6,1,2,3,6521,3,636,Mid,Manufacturing,175,0
11629,2009,55,5,22,7,8,3,2,6355,5,66,Mid,Education,189,1
11630,1986,45,3,25,18,1,0,1,3719,2,774,Mid,Education,245,0
11631,1989,61,2,23,1,1,1,4,4771,3,7,Entry,Technology,294,1
11632,2020,53,1,8,0,12,3,3,2696,4,555,Executive,Education,475,1
11633,2011,53,6,17,37,1,4,2,5796,4,447,Executive,Finance,191,1
11634,2013,51,8,22,12,11,0,4,808,2,134,Executive,Other,103,0
11635,2007,34,2,33,23,15,2,2,3293,0,759,Entry,Manufacturing,67,0
11636,1994,22,5,29,31,9,5,2,9497,0,815,Executive,Other,323,1
11637,2009,55,8,17,29,7,2,5,3459,0,829,Mid,Technology,154,1
11638,2016,36,1,31,5,2,0,1,2419,3,24,Executive,Healthcare,453,1
11639,2008,65,6,23,37,9,0,0,0,4,464,Executive,Other,225,1
11640,2001,35,4,5,32,10,4,1,7571,3,985,Mid,Manufacturing,232,1
11641,1983,50,4,42,22,13,5,4,6363,1,373,Senior,Other,103,1
11642,1999,55,10,23,9,9,4,5,9388,1,195,Senior,Healthcare,465,1
11643,2011,39,6,5,14,14,1,1,4567,2,703,Senior,Healthcare,315,1
11644,2015,28,8,44,22,13,5,0,0,1,880,Entry,Education,427,1
11645,1983,50,3,21,35,7,5,1,6751,0,401,Entry,Manufacturing,239,1
11646,2006,52,8,25,0,6,1,1,9717,2,121,Mid,Finance,413,1
11647,1996,46,10,26,7,9,2,1,6237,4,771,Senior,Education,480,1
11648,1991,59,9,19,2,3,0,3,9791,5,912,Entry,Healthcare,441,1
11649,2001,35,8,43,13,6,2,3,9236,4,558,Executive,Other,211,1
11650,1996,29,3,43,16,10,4,1,5319,1,885,Senior,Manufacturing,125,1
11651,1989,48,2,36,33,7,3,0,0,1,208,Senior,Education,122,1
11652,1980,23,1,8,5,5,4,0,0,4,300,Entry,Manufacturing,35,1
11653,2001,38,8,48,4,5,3,0,0,1,600,Senior,Other,237,0
11654,2005,58,1,49,40,2,0,0,0,1,953,Mid,Technology,241,1
11655,1997,35,5,36,39,4,0,5,8803,3,514,Mid,Finance,132,1
11656,1993,46,4,8,28,9,5,5,6992,5,907,Entry,Finance,379,1
11657,2008,51,4,5,34,1,0,2,3316,5,986,Senior,Finance,226,0
11658,1991,50,3,37,17,11,1,1,1598,4,656,Mid,Healthcare,402,0
11659,2015,41,5,11,39,4,1,1,4949,4,885,Senior,Healthcare,395,1
11660,2014,42,4,13,29,4,3,2,6572,1,533,Mid,Finance,89,1
11661,1991,43,10,5,14,6,2,0,0,0,38,Mid,Manufacturing,254,1
11662,1986,56,3,20,14,15,5,4,4166,3,806,Senior,Technology,443,1
11663,2008,58,8,22,15,3,2,4,645,0,618,Entry,Healthcare,82,1
11664,1990,37,5,10,32,13,3,2,5884,1,611,Entry,Other,499,1
11665,2012,64,10,6,9,10,1,4,6668,4,783,Entry,Education,138,1
11666,1985,38,9,13,18,5,4,3,89,0,740,Senior,Education,308,0
11667,1994,37,9,8,36,8,5,1,9015,5,946,Senior,Healthcare,19,1
11668,2011,23,9,49,2,3,3,4,550,2,885,Senior,Finance,328,1
11669,1990,25,2,27,35,10,2,5,8251,0,796,Entry,Manufacturing,83,1
11670,2002,42,9,47,3,13,3,5,5224,4,205,Senior,Technology,26,1
11671,2005,60,5,49,10,5,3,3,5581,5,582,Entry,Education,57,1
11672,2013,55,0,47,40,12,0,1,4178,1,680,Mid,Healthcare,378,1
11673,2013,51,4,12,32,11,1,3,9435,0,696,Entry,Manufacturing,388,1
11674,2008,27,9,43,27,8,5,1,3479,1,411,Entry,Finance,329,0
11675,1983,38,5,29,31,9,0,1,9137,3,332,Executive,Technology,392,1
11676,1996,60,10,20,15,11,1,4,9832,2,207,Executive,Technology,216,1
11677,2014,46,7,39,8,15,3,5,6091,4,404,Entry,Education,332,1
11678,1992,26,10,21,10,0,1,2,2633,4,387,Executive,Education,380,1
11679,2020,26,8,22,5,7,2,4,6790,1,486,Senior,Other,124,1
11680,2018,41,10,31,26,0,5,0,0,2,381,Executive,Healthcare,287,1
11681,1994,37,2,19,11,15,0,3,889,5,866,Executive,Technology,199,1
11682,2008,62,1,21,21,3,5,0,0,4,883,Executive,Finance,437,0
11683,2008,58,3,47,39,2,3,1,8704,0,270,Entry,Finance,428,1
11684,1990,61,7,9,36,3,2,4,7246,4,436,Mid,Healthcare,282,1
11685,2011,30,10,20,20,13,1,0,0,0,857,Mid,Technology,213,1
11686,1981,26,7,19,32,6,1,0,0,4,429,Mid,Education,155,1
11687,1993,63,2,46,16,12,2,5,2230,0,646,Mid,Other,17,1
11688,1999,23,3,50,28,13,1,0,0,3,657,Mid,Finance,342,1
11689,2001,30,2,38,39,8,0,5,7375,1,344,Mid,Manufacturing,104,1
11690,1990,64,9,23,9,8,4,5,6197,5,996,Entry,Healthcare,158,0
11691,2006,57,1,12,17,9,1,1,2283,5,148,Senior,Finance,40,1
11692,1982,43,3,14,12,0,3,5,4984,3,627,Senior,Manufacturing,289,1
11693,1996,43,5,9,26,14,1,1,611,5,391,Mid,Manufacturing,6,1
11694,2023,43,10,30,9,9,5,5,8629,0,186,Executive,Finance,4,1
11695,2007,55,10,26,31,0,3,5,9651,5,19,Executive,Healthcare,20,1
11696,2008,50,4,48,40,8,1,1,6837,1,337,Entry,Manufacturing,133,1
11697,2000,59,2,27,2,3,1,0,0,2,372,Mid,Manufacturing,428,0
11698,1995,67,1,17,21,11,3,3,7275,0,978,Mid,Technology,119,1
11699,2016,54,8,13,26,12,0,4,8715,5,755,Executive,Other,241,1
11700,1999,39,0,24,2,13,4,4,3577,4,66,Mid,Other,418,1
11701,1985,28,8,32,32,2,4,1,6486,4,438,Mid,Other,105,1
11702,1998,22,0,48,1,12,0,0,0,2,61,Executive,Technology,342,1
11703,1984,54,6,41,10,8,1,3,1023,3,485,Senior,Other,130,1
11704,1982,22,5,28,9,4,4,2,9771,0,785,Senior,Technology,416,1
11705,1980,45,6,48,38,11,0,1,8513,4,858,Entry,Manufacturing,37,1
11706,2017,25,2,37,32,5,0,2,7235,1,974,Executive,Manufacturing,86,1
11707,1994,25,2,24,6,0,4,4,3757,2,621,Entry,Healthcare,335,1
11708,2013,39,10,34,14,15,3,4,8068,3,567,Mid,Education,472,1
11709,2014,48,0,48,25,0,2,3,8641,3,84,Executive,Technology,112,1
11710,2004,64,3,13,10,12,3,3,1284,1,405,Senior,Other,250,1
11711,2003,53,1,49,37,13,1,2,1660,5,775,Mid,Education,399,1
11712,1991,54,9,21,26,15,3,4,5353,1,394,Senior,Technology,344,1
11713,1997,49,7,40,38,6,5,3,903,5,618,Senior,Other,361,1
11714,1994,63,2,18,6,9,2,3,9369,2,523,Entry,Technology,70,1
11715,2023,62,6,23,0,14,2,4,8521,1,175,Executive,Other,263,1
11716,1995,57,6,11,9,7,0,4,8828,4,358,Executive,Healthcare,386,1
11717,2006,27,8,7,20,15,5,0,0,3,830,Executive,Healthcare,68,1
11718,1987,37,5,37,14,10,1,5,412,5,538,Entry,Finance,383,1
11719,2004,55,0,48,29,7,0,3,6639,1,290,Senior,Technology,254,1
11720,1996,44,7,36,29,13,3,2,3833,0,129,Entry,Technology,274,1
11721,2008,63,0,15,7,12,3,1,2415,1,738,Executive,Technology,390,0
11722,1987,45,2,46,23,6,4,1,2586,5,478,Mid,Healthcare,497,1
11723,1994,34,10,6,18,12,0,4,5571,3,647,Executive,Other,85,1
11724,2006,39,4,30,2,10,5,5,9756,4,531,Executive,Technology,217,1
11725,1986,34,7,8,14,8,0,2,8672,1,263,Senior,Finance,49,1
11726,1982,58,8,21,35,0,0,0,0,4,958,Executive,Manufacturing,472,1
11727,2008,64,6,21,5,1,0,3,6280,0,835,Executive,Finance,133,1
11728,2023,60,8,32,17,12,2,0,0,5,670,Senior,Other,388,1
11729,2003,63,10,34,37,2,4,2,2519,3,502,Executive,Manufacturing,229,1
11730,1982,38,2,44,18,12,1,0,0,2,159,Executive,Healthcare,60,1
11731,1999,36,4,27,29,11,1,4,8846,3,908,Senior,Other,251,1
11732,1994,39,9,50,12,12,1,1,180,5,853,Mid,Education,229,1
11733,2004,44,7,28,38,4,2,4,4125,2,537,Senior,Other,469,1
11734,2009,51,0,33,11,3,4,3,3019,2,80,Executive,Healthcare,350,1
11735,1993,55,7,8,33,3,5,4,764,3,412,Entry,Education,57,1
11736,1986,25,6,42,11,14,4,2,4135,5,474,Mid,Manufacturing,405,1
11737,1996,24,0,33,23,7,2,2,5038,2,887,Senior,Education,184,0
11738,2023,28,9,23,3,7,5,3,6799,5,981,Mid,Manufacturing,202,1
11739,1999,39,9,31,35,10,0,3,3390,4,17,Mid,Other,31,1
11740,2015,63,5,33,13,6,3,1,9974,0,68,Entry,Education,144,1
11741,1988,28,0,40,16,0,0,0,0,1,907,Entry,Manufacturing,441,1
11742,2017,61,1,39,2,9,1,1,2456,5,129,Entry,Other,168,1
11743,2001,27,4,10,37,14,0,4,5681,5,937,Executive,Education,21,1
11744,1981,43,1,27,22,3,2,0,0,2,646,Senior,Manufacturing,335,1
11745,2003,22,9,43,12,0,1,3,6997,5,814,Executive,Finance,297,1
11746,1987,25,0,50,8,15,3,2,9374,5,890,Senior,Technology,78,1
11747,1990,67,5,48,20,10,5,4,4132,2,729,Executive,Finance,135,1
11748,1992,64,7,12,40,13,5,1,2453,3,309,Executive,Healthcare,301,1
11749,1996,50,7,6,7,4,1,5,538,5,486,Entry,Education,175,1
11750,1987,42,7,17,16,2,0,5,2303,4,14,Executive,Other,370,1
11751,2000,47,10,44,15,2,4,3,6421,1,495,Entry,Manufacturing,386,0
11752,1997,35,5,25,15,3,4,0,0,5,185,Senior,Finance,76,1
11753,2009,30,10,35,27,1,5,5,9232,2,416,Entry,Finance,29,1
11754,1997,68,2,40,15,6,4,0,0,4,706,Mid,Other,283,1
11755,2010,33,0,42,13,11,1,2,2172,1,702,Mid,Manufacturing,328,1
11756,2017,63,1,31,37,12,4,3,1335,3,745,Executive,Education,459,1
11757,2011,27,4,40,19,3,2,3,2259,5,431,Mid,Other,152,1
11758,1990,41,9,27,40,4,5,4,6615,2,65,Senior,Healthcare,420,1
11759,2024,45,4,25,33,11,3,4,5534,3,80,Executive,Healthcare,212,1
11760,2004,48,9,17,28,13,4,0,0,5,960,Entry,Other,178,1
11761,2012,59,0,41,2,15,2,5,810,3,35,Executive,Healthcare,294,0
11762,2017,29,0,30,9,1,2,5,4984,2,746,Executive,Manufacturing,486,1
11763,2020,22,8,44,19,5,1,1,7348,4,16,Mid,Finance,82,1
11764,1987,45,1,11,1,8,5,0,0,4,513,Executive,Other,199,1
11765,1990,68,6,50,26,15,1,5,3713,3,32,Senior,Healthcare,485,1
11766,2001,28,9,43,31,7,3,4,3704,3,348,Executive,Finance,322,1
11767,2003,40,3,26,9,7,3,4,1210,5,379,Entry,Other,469,1
11768,2020,43,6,43,39,1,0,4,3745,0,507,Entry,Healthcare,128,1
11769,1996,56,7,27,16,14,3,0,0,1,645,Mid,Healthcare,293,1
11770,1991,51,4,34,32,3,5,3,1491,5,938,Executive,Other,435,1
11771,2011,50,0,22,5,7,5,1,7301,3,867,Entry,Education,190,0
11772,1994,43,3,46,38,10,1,1,6460,3,855,Executive,Manufacturing,51,1
11773,1995,32,9,22,17,0,2,4,3048,1,266,Executive,Education,82,0
11774,2001,41,2,50,8,7,0,2,4919,2,516,Entry,Finance,340,0
11775,2007,50,9,14,7,2,3,0,0,4,797,Executive,Finance,187,1
11776,1999,62,4,43,24,7,2,5,6110,2,905,Mid,Other,12,1
11777,2012,63,9,34,30,5,1,5,1817,1,484,Mid,Manufacturing,218,1
11778,1989,55,9,30,3,6,4,3,6613,1,346,Entry,Healthcare,16,1
11779,2019,22,5,11,19,1,0,4,4319,0,602,Senior,Manufacturing,241,1
11780,2011,52,1,11,27,14,5,2,1275,5,663,Senior,Healthcare,339,1
11781,2012,51,6,9,39,0,2,4,7231,5,442,Executive,Technology,157,1
11782,1981,69,2,5,0,5,1,2,2877,5,377,Mid,Technology,165,0
11783,2012,39,0,50,39,11,1,1,4014,5,629,Entry,Manufacturing,138,1
11784,2012,38,9,22,22,2,0,2,4087,0,962,Mid,Technology,410,0
11785,2020,59,2,17,12,3,0,1,1147,4,572,Senior,Technology,293,1
11786,1992,35,8,29,15,12,3,1,237,5,357,Senior,Finance,27,1
11787,2009,44,9,44,25,14,3,0,0,3,537,Executive,Healthcare,409,1
11788,2012,46,10,12,30,8,5,2,7609,1,620,Entry,Other,358,1
11789,1992,36,10,14,0,2,5,3,4595,0,879,Executive,Technology,160,1
11790,2005,67,5,36,16,1,0,3,9737,2,806,Mid,Education,415,1
11791,2001,43,10,21,15,15,0,2,3983,5,209,Mid,Finance,181,1
11792,2018,24,5,42,36,1,2,0,0,0,770,Senior,Healthcare,408,0
11793,1981,40,3,19,9,1,3,3,5606,2,805,Executive,Finance,279,1
11794,2017,65,7,19,37,5,1,4,9178,0,41,Mid,Education,423,1
11795,2018,55,4,44,30,1,3,3,1623,2,815,Mid,Other,154,1
11796,2005,56,6,24,9,10,3,0,0,0,984,Mid,Healthcare,301,1
11797,1994,22,8,19,33,15,0,1,722,0,12,Entry,Manufacturing,213,1
11798,2013,42,4,39,5,6,0,1,1095,5,600,Senior,Manufacturing,339,0
11799,2021,50,10,10,27,6,3,1,3827,4,599,Executive,Finance,352,1
11800,2023,27,4,34,27,6,4,0,0,3,823,Mid,Other,68,1
11801,2019,58,3,12,12,13,4,1,995,1,488,Entry,Manufacturing,476,1
11802,1990,22,5,35,40,12,5,1,5681,3,186,Mid,Healthcare,324,1
11803,1982,22,1,36,11,1,3,0,0,4,62,Mid,Education,493,1
11804,1985,48,2,49,39,6,4,4,992,5,335,Senior,Education,294,1
11805,1988,42,0,19,1,9,5,3,2783,2,554,Entry,Manufacturing,208,1
11806,1985,37,1,22,7,7,5,0,0,3,744,Mid,Technology,156,1
11807,1988,65,1,17,8,7,3,0,0,1,745,Senior,Technology,74,1
11808,2018,61,7,28,7,13,5,2,9968,5,74,Entry,Other,341,1
11809,2010,47,7,44,2,1,0,1,5961,1,764,Mid,Technology,286,0
11810,2011,37,1,18,8,4,0,5,4768,2,824,Executive,Manufacturing,230,1
11811,2020,49,5,32,12,13,0,4,5760,1,148,Senior,Manufacturing,64,1
11812,1991,22,4,15,8,5,1,5,5204,4,990,Mid,Manufacturing,270,1
11813,1987,57,2,10,30,8,0,2,7552,3,693,Mid,Healthcare,82,1
11814,1987,31,4,29,24,5,0,4,8246,1,206,Entry,Technology,73,1
11815,2007,64,4,5,7,9,3,1,84,3,692,Executive,Finance,264,1
11816,1999,38,4,29,30,5,4,5,5976,0,684,Senior,Other,268,1
11817,1986,44,2,6,30,9,4,1,8147,3,240,Entry,Healthcare,375,1
11818,1990,28,2,36,16,9,0,1,7084,2,675,Mid,Other,300,1
11819,1999,65,3,17,18,14,0,3,2779,4,574,Senior,Other,89,1
11820,1995,28,6,37,2,5,0,4,6055,5,893,Mid,Healthcare,389,0
11821,1983,65,1,36,29,8,5,4,2669,1,234,Mid,Manufacturing,359,1
11822,1985,36,9,28,9,9,3,2,1008,5,124,Executive,Manufacturing,299,1
11823,2001,55,3,31,28,6,3,0,0,4,256,Mid,Healthcare,1,1
11824,2005,67,3,8,39,0,3,1,3686,3,91,Senior,Manufacturing,412,1
11825,1982,66,0,28,17,0,4,1,6768,1,736,Mid,Technology,175,1
11826,2020,25,9,27,11,13,1,5,2199,4,706,Senior,Healthcare,124,1
11827,2021,35,7,33,22,3,4,2,9551,2,886,Executive,Other,267,1
11828,1993,35,0,38,10,14,3,4,909,0,206,Mid,Healthcare,214,1
11829,1990,37,7,25,8,11,2,3,3439,0,416,Entry,Healthcare,369,1
11830,1997,28,6,34,23,1,1,4,5882,2,287,Senior,Manufacturing,66,1
11831,1991,53,8,30,24,2,0,3,2913,5,214,Mid,Healthcare,177,1
11832,2002,40,7,24,24,11,5,3,4695,0,697,Entry,Finance,266,1
11833,1991,23,4,20,8,6,4,4,1006,2,637,Senior,Finance,4,1
11834,1992,31,7,7,11,13,5,5,7114,3,793,Entry,Technology,300,1
11835,2004,38,10,41,10,6,1,1,1143,5,766,Mid,Healthcare,201,1
11836,2024,58,9,44,37,13,2,3,7552,5,511,Executive,Healthcare,116,1
11837,1998,33,2,48,27,11,1,5,1224,2,572,Executive,Other,430,1
11838,2015,27,9,29,7,2,4,2,4495,0,367,Entry,Manufacturing,389,1
11839,2024,43,6,27,9,12,3,2,8259,3,400,Mid,Other,335,1
11840,1987,53,3,48,24,1,0,3,9206,5,200,Mid,Education,478,1
11841,2008,62,4,5,35,14,3,1,181,2,580,Senior,Other,470,1
11842,2011,41,8,37,8,12,3,3,6332,2,284,Mid,Education,349,1
11843,2023,22,6,19,40,12,4,2,4946,5,62,Executive,Healthcare,231,1
11844,1997,68,3,21,7,0,3,2,7450,5,645,Mid,Technology,83,1
11845,1985,27,5,38,2,8,3,4,2945,3,750,Senior,Finance,88,1
11846,1997,40,9,21,17,9,4,1,8846,5,763,Senior,Healthcare,226,1
11847,1998,39,10,45,34,2,4,4,3686,1,360,Mid,Healthcare,452,1
11848,2001,27,6,48,16,8,2,5,2288,0,186,Mid,Technology,446,1
11849,2016,66,9,8,35,14,3,5,2831,5,482,Senior,Technology,110,1
11850,2011,54,8,17,27,14,1,5,8913,1,370,Senior,Education,322,1
11851,2020,44,3,8,14,3,0,0,0,3,20,Entry,Healthcare,430,1
11852,1982,44,9,11,18,14,5,5,9392,3,940,Executive,Healthcare,417,1
11853,2007,47,2,50,21,9,0,3,8501,4,940,Executive,Manufacturing,11,1
11854,1989,34,7,13,5,5,4,4,1025,4,854,Entry,Finance,26,1
11855,2014,28,0,27,6,12,5,5,4412,3,802,Entry,Manufacturing,452,1
11856,2008,36,8,37,8,6,4,1,5902,4,307,Executive,Manufacturing,104,1
11857,1994,65,0,37,19,9,2,5,9724,2,45,Senior,Finance,85,1
11858,2012,48,1,24,36,13,3,3,3643,1,193,Executive,Healthcare,451,0
11859,1986,47,7,8,10,5,4,3,8559,3,56,Senior,Education,372,1
11860,1991,54,8,5,1,0,4,3,4650,2,553,Executive,Finance,155,1
11861,2009,36,6,46,21,5,0,3,1249,0,456,Senior,Technology,198,1
11862,2000,57,2,38,35,10,3,3,2983,0,332,Executive,Healthcare,495,1
11863,2010,66,6,31,4,13,2,1,4575,4,746,Entry,Finance,428,1
11864,2003,48,5,25,6,5,4,0,0,4,865,Mid,Finance,481,1
11865,1999,26,1,28,5,4,4,2,9131,2,15,Mid,Other,385,1
11866,2016,23,2,19,21,2,4,0,0,0,644,Mid,Finance,136,1
11867,1983,54,10,39,9,9,0,2,4023,5,512,Senior,Education,462,1
11868,2007,37,9,29,39,2,4,4,7969,3,743,Mid,Manufacturing,30,1
11869,2023,44,9,13,19,10,4,3,589,5,149,Executive,Manufacturing,163,1
11870,1999,59,4,21,27,9,0,4,1782,1,815,Mid,Other,112,1
11871,2003,37,9,25,22,12,4,4,4568,4,633,Senior,Finance,360,1
11872,2011,35,3,17,34,6,3,2,9399,2,793,Senior,Finance,270,1
11873,2020,50,1,7,0,7,3,1,4412,5,801,Senior,Manufacturing,352,1
11874,2015,47,3,8,28,13,0,3,9038,4,881,Executive,Education,445,1
11875,2013,56,7,8,8,2,3,5,4680,2,825,Senior,Healthcare,286,1
11876,2015,36,4,47,8,2,5,4,8990,0,212,Executive,Manufacturing,410,1
11877,1981,24,4,32,21,6,5,0,0,4,390,Senior,Finance,257,1
11878,1994,44,9,11,1,9,5,3,4827,5,280,Entry,Education,200,1
11879,2013,50,2,30,15,11,2,1,5067,2,952,Senior,Education,298,0
11880,2015,55,7,15,39,6,4,3,2994,2,651,Mid,Other,370,1
11881,1985,54,5,28,5,10,2,5,3129,5,670,Mid,Finance,378,1
11882,2018,62,1,47,12,8,3,5,6167,4,538,Entry,Technology,0,1
11883,2021,62,1,14,32,13,0,4,1313,1,341,Senior,Education,210,1
11884,1991,44,8,41,18,5,5,0,0,3,673,Mid,Manufacturing,264,1
11885,1982,28,6,17,14,14,0,4,9239,0,629,Mid,Technology,187,1
11886,2024,24,9,48,32,12,2,1,9279,5,336,Executive,Other,385,1
11887,1997,53,8,46,9,6,3,2,7934,5,74,Executive,Healthcare,356,1
11888,2019,52,5,43,0,10,4,5,5358,4,92,Senior,Manufacturing,240,1
11889,2000,39,4,23,11,9,3,0,0,4,545,Entry,Other,441,1
11890,1994,64,0,23,28,0,5,5,7609,1,114,Senior,Other,192,1
11891,2012,28,5,16,16,6,3,1,1398,0,420,Executive,Other,109,1
11892,2014,62,5,26,3,1,0,1,2733,4,953,Executive,Finance,395,1
11893,2005,22,2,41,28,6,1,5,4067,1,112,Senior,Technology,438,1
11894,1987,35,2,34,6,2,5,4,2357,5,367,Senior,Other,473,1
11895,2015,53,2,50,12,8,4,5,3238,3,59,Senior,Other,393,1
11896,2009,27,2,16,4,12,5,4,9964,2,281,Senior,Other,498,1
11897,2002,60,6,33,5,4,5,5,7989,3,236,Entry,Manufacturing,110,1
11898,2021,31,9,25,33,6,4,4,7210,3,637,Mid,Other,64,0
11899,2023,28,10,15,6,7,5,2,787,3,940,Senior,Education,64,1
11900,1993,47,1,41,27,12,0,3,8234,3,44,Mid,Finance,316,1
11901,1993,55,9,22,9,15,3,3,5784,2,799,Executive,Technology,234,1
11902,1981,51,9,48,3,15,0,4,4643,5,740,Mid,Education,94,1
11903,2016,57,1,31,2,11,3,4,4321,0,196,Senior,Other,458,0
11904,1984,42,2,41,24,1,1,2,4728,0,723,Mid,Finance,196,1
11905,2017,38,9,16,22,10,5,3,5640,5,498,Senior,Finance,290,1
11906,2024,54,6,27,26,0,1,2,3410,1,582,Senior,Technology,394,1
11907,2020,31,2,38,13,6,2,1,1358,1,746,Executive,Technology,195,0
11908,1993,68,6,42,37,14,3,5,9396,4,790,Senior,Technology,37,1
11909,2018,63,8,27,31,5,0,3,537,3,448,Executive,Manufacturing,369,1
11910,2004,33,10,29,22,5,0,4,3868,3,678,Entry,Finance,38,1
11911,1999,37,9,8,39,1,5,0,0,2,194,Senior,Other,148,1
11912,1981,62,10,34,36,2,0,1,4525,3,684,Executive,Healthcare,375,1
11913,2018,53,3,34,2,3,2,5,3583,2,194,Executive,Education,163,1
11914,1985,36,6,17,34,2,4,0,0,4,574,Senior,Technology,365,1
11915,1996,48,8,46,12,1,0,2,1350,1,581,Mid,Finance,219,1
11916,2004,49,7,18,33,2,5,5,9136,1,734,Executive,Other,455,1
11917,2007,38,7,12,23,13,1,2,3856,4,309,Entry,Education,275,0
11918,1981,67,8,28,0,5,0,2,2625,4,794,Mid,Healthcare,42,1
11919,2014,23,4,22,11,8,0,4,4307,5,860,Mid,Education,237,1
11920,2016,57,4,39,7,3,0,2,9042,3,590,Senior,Healthcare,404,1
11921,1984,28,2,29,18,5,5,0,0,1,547,Executive,Other,162,1
11922,1980,34,4,21,8,0,4,1,9187,0,388,Entry,Technology,319,1
11923,2019,36,7,36,27,11,0,4,6714,4,706,Executive,Manufacturing,106,1
11924,1991,46,4,28,13,5,4,1,7197,1,434,Entry,Healthcare,287,1
11925,2015,44,3,11,26,11,4,2,6006,1,728,Executive,Technology,291,1
11926,2024,43,7,17,17,15,2,3,8541,2,799,Senior,Education,104,1
11927,2002,47,6,31,40,2,1,5,1537,1,660,Entry,Other,68,1
11928,2010,54,5,9,5,8,0,4,2728,4,495,Senior,Education,108,1
11929,1990,32,4,40,32,3,0,2,7381,3,784,Executive,Education,179,1
11930,1989,31,4,30,36,6,0,4,4346,1,200,Entry,Other,131,1
11931,1982,46,9,46,24,3,4,3,2366,0,665,Entry,Other,6,1
11932,1993,58,1,49,12,10,3,0,0,4,533,Executive,Manufacturing,481,0
11933,1995,69,3,35,22,5,1,0,0,3,296,Senior,Finance,339,1
11934,1989,64,7,14,35,13,5,5,3875,5,493,Entry,Healthcare,498,1
11935,2008,59,7,50,32,6,0,0,0,3,826,Entry,Other,454,1
11936,1989,62,10,30,20,1,3,3,3601,4,726,Entry,Finance,499,1
11937,1991,66,0,26,33,9,3,1,4174,5,330,Executive,Education,407,1
11938,2009,45,1,16,35,5,3,3,923,3,633,Mid,Manufacturing,148,1
11939,2020,61,4,36,16,7,1,3,618,0,777,Executive,Technology,184,1
11940,1980,67,8,31,9,14,3,2,4400,1,854,Senior,Manufacturing,456,1
11941,1984,54,9,37,22,12,5,0,0,4,260,Mid,Other,402,1
11942,1999,38,10,24,1,12,0,4,3303,1,54,Entry,Finance,467,1
11943,1987,45,10,43,34,14,5,5,9239,1,281,Entry,Education,155,1
11944,2022,58,6,45,13,11,0,1,9890,3,771,Mid,Healthcare,415,1
11945,1991,23,9,44,40,5,2,4,5580,4,874,Entry,Manufacturing,289,1
11946,1980,53,4,17,1,1,4,2,7600,1,794,Entry,Finance,244,1
11947,1999,45,0,18,18,3,3,2,8122,2,741,Executive,Finance,271,1
11948,2007,30,5,48,15,0,5,1,82,0,993,Executive,Technology,37,1
11949,2022,25,7,44,24,14,4,4,92,5,637,Senior,Healthcare,114,1
11950,2016,38,6,26,0,6,4,1,6760,3,441,Entry,Finance,497,0
11951,2016,38,1,22,1,7,4,1,7375,4,258,Senior,Healthcare,336,1
11952,1991,69,4,33,26,9,4,0,0,4,561,Senior,Education,458,1
11953,2016,51,10,47,1,1,4,4,6724,3,735,Mid,Other,118,0
11954,2023,61,3,20,29,9,0,0,0,1,892,Mid,Manufacturing,131,1
11955,2007,32,8,50,9,14,1,0,0,3,793,Entry,Finance,55,1
11956,1994,42,9,39,18,4,3,5,5489,4,145,Mid,Education,423,1
11957,1985,42,0,38,15,10,3,0,0,2,390,Senior,Technology,119,1
11958,2023,39,5,7,12,7,0,3,8983,1,372,Executive,Healthcare,49,1
11959,1999,50,2,8,7,10,5,2,475,5,44,Mid,Other,364,0
11960,1993,45,10,9,30,7,0,2,8695,3,396,Senior,Education,372,1
11961,1981,31,8,14,24,14,4,3,230,4,261,Mid,Healthcare,423,1
11962,1988,66,4,33,38,4,1,1,7021,5,930,Entry,Other,361,0
11963,2016,38,5,36,20,7,3,4,9778,4,478,Mid,Healthcare,81,1
11964,1999,39,10,35,37,13,5,4,9966,4,745,Executive,Finance,369,1
11965,2005,63,8,6,40,5,2,4,6833,2,564,Entry,Healthcare,48,1
11966,2008,69,8,16,28,14,0,0,0,1,484,Mid,Education,47,1
11967,1980,41,7,31,5,14,2,4,3970,3,746,Executive,Technology,133,1
11968,2014,58,8,9,17,4,3,4,4838,1,707,Senior,Finance,237,1
11969,1985,66,3,41,34,12,0,4,383,4,937,Mid,Manufacturing,479,1
11970,2016,39,5,31,26,13,3,2,760,2,515,Mid,Technology,381,1
11971,1984,38,4,27,4,10,0,3,5243,5,571,Senior,Education,388,0
11972,2012,30,4,37,6,3,5,5,3952,2,684,Senior,Finance,334,1
11973,1993,35,3,8,9,4,3,1,942,4,583,Mid,Other,172,1
11974,1991,50,1,25,9,11,2,3,2695,1,485,Executive,Other,399,1
11975,2021,52,5,28,27,3,1,4,1296,5,586,Senior,Healthcare,367,1
11976,1999,25,8,48,35,0,5,1,2147,1,833,Senior,Technology,144,1
11977,2003,39,0,35,9,2,5,1,6874,2,465,Executive,Finance,186,0
11978,2022,41,6,48,34,7,0,3,9831,5,465,Mid,Manufacturing,119,1
11979,2013,68,5,28,34,6,2,3,4396,0,21,Entry,Manufacturing,183,1
11980,2004,64,2,14,36,11,3,3,608,2,395,Mid,Manufacturing,356,1
11981,2008,65,0,6,19,14,2,5,881,5,208,Mid,Other,362,1
11982,2018,30,3,35,12,6,5,3,7316,2,562,Entry,Finance,78,1
11983,2010,34,8,29,10,10,0,5,4891,3,144,Mid,Technology,162,1
11984,2022,36,1,8,18,2,2,0,0,2,419,Mid,Healthcare,7,1
11985,2002,48,2,15,27,8,3,2,7505,0,348,Senior,Technology,98,1
11986,2023,36,1,21,37,15,4,5,1994,5,304,Executive,Healthcare,316,1
11987,2017,49,1,48,3,14,5,2,1323,5,783,Mid,Technology,355,1
11988,1999,58,9,6,36,5,1,4,7768,2,1000,Entry,Technology,26,1
11989,2002,40,10,10,18,7,1,0,0,1,970,Entry,Finance,461,1
11990,2024,47,10,13,36,7,5,1,6903,3,43,Senior,Manufacturing,374,1
11991,1995,47,7,9,13,2,4,3,688,3,106,Mid,Manufacturing,470,1
11992,2021,46,2,24,30,3,0,4,4068,2,149,Mid,Manufacturing,275,1
11993,1987,47,6,33,27,13,2,1,9434,3,605,Mid,Manufacturing,312,1
11994,2000,47,7,25,35,5,2,2,3447,3,263,Mid,Technology,453,1
11995,1980,67,2,13,37,1,4,1,7897,2,109,Entry,Manufacturing,471,1
11996,1987,49,1,32,18,11,4,3,7255,0,17,Entry,Technology,278,1
11997,2008,39,7,12,0,11,3,3,8075,5,749,Senior,Healthcare,355,1
11998,2011,53,2,35,22,10,3,5,8632,2,335,Mid,Education,203,1
11999,2017,24,6,24,27,11,1,5,9416,1,238,Entry,Education,385,1
12000,1984,23,0,31,3,15,0,2,2462,4,885,Mid,Healthcare,410,1
12001,2001,54,5,12,40,6,0,3,5123,0,723,Executive,Technology,159,1
12002,2013,63,8,25,17,1,4,0,0,2,742,Executive,Manufacturing,476,1
12003,1980,40,2,32,38,10,1,4,6149,0,327,Entry,Finance,177,1
12004,2005,38,6,27,24,4,1,2,1752,4,861,Executive,Technology,191,1
12005,2022,65,5,10,17,11,3,2,4629,3,293,Executive,Technology,493,1
12006,1989,54,7,7,5,3,2,1,5916,3,412,Entry,Healthcare,39,1
12007,2009,33,2,9,18,8,0,2,4546,4,460,Senior,Healthcare,359,0
12008,1997,24,2,13,11,12,1,4,3359,3,80,Executive,Finance,235,1
12009,1996,64,3,11,24,12,3,0,0,0,254,Mid,Manufacturing,32,1
12010,2005,47,2,8,34,14,3,1,7604,3,743,Executive,Education,28,1
12011,1987,56,8,43,0,1,3,4,4014,4,362,Senior,Other,32,1
12012,2019,29,10,9,4,6,2,5,899,4,720,Senior,Manufacturing,99,1
12013,1991,57,3,15,0,12,1,2,1189,5,456,Senior,Manufacturing,144,0
12014,2006,28,5,19,7,6,4,3,652,4,897,Senior,Other,329,1
12015,1987,67,7,38,38,15,4,5,7996,1,442,Senior,Other,64,1
12016,2004,67,10,17,17,6,3,3,982,0,809,Executive,Technology,121,1
12017,1983,57,7,11,8,0,3,4,575,4,885,Executive,Finance,42,1
12018,2012,37,4,44,4,7,2,0,0,5,983,Executive,Technology,446,0
12019,1980,45,4,10,3,1,3,3,4307,0,532,Executive,Healthcare,372,0
12020,1998,22,5,43,28,14,5,4,8480,5,237,Senior,Other,208,1
12021,2010,46,9,34,0,14,1,1,6753,1,897,Senior,Education,489,1
12022,1995,31,6,26,29,4,3,2,7740,0,260,Mid,Finance,475,1
12023,1993,37,9,29,0,1,3,0,0,2,272,Executive,Finance,229,1
12024,1984,37,6,32,2,15,1,0,0,1,279,Senior,Manufacturing,126,0
12025,2020,29,3,24,21,12,0,1,4369,1,903,Mid,Technology,355,1
12026,2005,50,5,43,7,4,5,0,0,3,925,Mid,Manufacturing,185,0
12027,2007,60,6,7,17,6,5,4,3595,4,945,Entry,Manufacturing,236,1
12028,1981,49,4,9,24,5,4,0,0,1,149,Executive,Finance,90,1
12029,1985,27,4,5,19,12,3,0,0,0,826,Senior,Education,42,1
12030,1988,37,1,19,30,14,1,0,0,2,151,Executive,Healthcare,420,0
12031,2012,41,6,30,29,11,4,4,1153,0,793,Mid,Manufacturing,45,1
12032,2020,37,5,7,15,4,2,5,3370,0,572,Executive,Other,24,1
12033,2004,28,10,44,1,3,0,2,8288,2,647,Entry,Education,353,1
12034,1992,62,0,45,16,7,3,3,276,5,11,Entry,Other,194,1
12035,1988,35,3,46,9,10,0,5,5404,3,13,Senior,Manufacturing,348,1
12036,1992,64,2,38,6,13,3,0,0,4,510,Senior,Education,98,1
12037,2010,47,2,9,8,7,3,1,8523,1,541,Senior,Technology,490,0
12038,2020,47,6,35,16,0,3,1,4198,4,950,Senior,Other,255,1
12039,1990,35,10,17,8,9,0,4,3696,3,866,Executive,Healthcare,360,1
12040,1983,28,9,47,8,1,5,2,3202,5,444,Executive,Finance,434,1
12041,2013,54,3,5,36,2,2,0,0,2,317,Mid,Technology,329,1
12042,2017,47,7,26,23,12,5,4,306,4,798,Mid,Manufacturing,372,1
12043,1983,66,10,19,38,0,1,3,883,0,731,Senior,Manufacturing,293,1
12044,2017,41,8,30,10,10,1,2,6663,1,237,Executive,Healthcare,245,1
12045,1998,24,2,22,7,2,5,2,6189,1,538,Senior,Other,165,1
12046,1985,25,4,13,24,9,2,4,4289,5,995,Mid,Other,256,0
12047,2013,47,3,5,1,11,2,5,3589,3,768,Executive,Healthcare,309,1
12048,1997,32,9,47,9,7,3,1,3641,3,808,Senior,Healthcare,448,1
12049,1992,23,5,13,23,15,3,5,7336,2,653,Entry,Manufacturing,351,1
12050,2020,35,10,27,15,3,1,2,5108,3,761,Mid,Manufacturing,277,0
12051,2002,65,9,47,18,12,3,1,2162,4,73,Entry,Finance,188,1
12052,1998,51,3,49,30,12,3,2,6709,1,433,Entry,Healthcare,185,0
12053,2024,33,7,6,10,6,2,2,5167,2,297,Executive,Education,181,1
12054,1990,47,2,18,5,6,0,2,3141,3,710,Entry,Finance,274,1
12055,1980,65,10,42,5,15,5,3,6131,0,295,Entry,Education,226,1
12056,2003,54,4,44,31,10,4,1,4603,1,13,Senior,Technology,453,1
12057,1986,34,0,22,38,4,4,3,154,2,611,Executive,Healthcare,33,0
12058,2004,35,5,20,12,11,3,1,3630,1,602,Senior,Finance,206,1
12059,2000,45,10,33,2,15,3,3,8652,4,394,Senior,Other,43,1
12060,1994,55,4,48,40,0,5,3,1396,5,190,Senior,Finance,372,1
12061,1980,65,7,15,34,9,4,3,8982,3,873,Executive,Technology,489,1
12062,1991,47,8,10,37,3,2,4,6797,5,816,Mid,Technology,498,1
12063,1986,42,7,7,16,6,4,3,6594,3,420,Executive,Technology,244,1
12064,1994,49,7,18,2,13,4,5,3709,3,105,Senior,Finance,253,1
12065,2000,69,2,6,33,4,4,5,1867,0,393,Mid,Manufacturing,108,1
12066,1998,57,3,36,11,1,3,2,9880,4,437,Entry,Education,322,1
12067,2008,61,10,35,23,13,3,0,0,0,6,Mid,Other,113,1
12068,2004,23,3,15,5,7,5,3,7263,4,80,Executive,Other,435,1
12069,2012,63,10,26,10,1,4,0,0,4,764,Senior,Education,484,1
12070,2011,30,4,7,26,10,3,0,0,4,651,Entry,Other,277,0
12071,2014,44,8,35,23,7,5,2,456,3,484,Entry,Technology,236,1
12072,2023,36,8,37,17,12,4,0,0,3,356,Senior,Other,28,1
12073,2017,34,9,28,26,10,2,0,0,3,310,Entry,Manufacturing,397,1
12074,2005,44,0,5,40,15,3,5,3529,0,931,Entry,Manufacturing,221,1
12075,1990,38,7,48,20,1,0,0,0,2,505,Entry,Technology,317,1
12076,2014,69,0,19,33,10,5,1,4968,5,518,Executive,Healthcare,270,1
12077,1987,23,1,41,32,15,3,3,8541,4,663,Mid,Finance,241,1
12078,1993,41,6,31,17,15,2,3,4547,0,801,Executive,Healthcare,476,1
12079,1989,41,7,42,2,4,2,0,0,3,637,Entry,Manufacturing,397,1
12080,1981,67,0,31,23,3,3,2,108,5,448,Executive,Technology,370,1
12081,1988,24,2,48,0,0,1,1,7751,3,284,Entry,Finance,450,1
12082,1982,33,6,16,5,13,5,2,1231,2,281,Executive,Education,405,1
12083,2000,61,8,7,18,11,4,2,576,3,73,Mid,Other,96,1
12084,2005,23,7,34,21,7,4,0,0,4,960,Senior,Manufacturing,342,1
12085,1987,57,7,36,7,9,2,4,7566,1,44,Mid,Finance,380,1
12086,1981,35,8,27,4,15,3,0,0,5,528,Executive,Finance,375,1
12087,1985,37,9,6,8,11,1,5,6721,3,744,Executive,Healthcare,262,1
12088,2007,40,2,11,20,2,5,4,370,2,675,Mid,Education,339,1
12089,2008,55,7,38,27,12,0,1,6054,5,456,Executive,Healthcare,6,1
12090,2005,65,0,36,3,3,4,4,97,1,998,Senior,Healthcare,272,1
12091,2004,67,7,43,23,3,5,0,0,5,574,Senior,Healthcare,287,1
12092,1991,27,6,36,7,4,5,0,0,4,406,Mid,Healthcare,380,1
12093,1984,34,7,47,16,2,1,2,9687,4,92,Entry,Manufacturing,334,1
12094,2013,57,0,47,33,8,5,0,0,4,321,Senior,Education,204,1
12095,2016,43,5,18,19,3,4,5,3446,2,465,Executive,Healthcare,183,1
12096,1994,39,6,7,15,13,3,0,0,1,603,Entry,Manufacturing,317,1
12097,2023,33,10,50,9,9,4,3,4811,4,884,Senior,Other,57,1
12098,2015,51,4,36,33,14,0,3,7827,3,553,Entry,Manufacturing,110,1
12099,1994,61,4,47,9,10,3,2,2691,1,752,Executive,Finance,185,1
12100,2022,28,6,40,29,15,2,4,972,4,326,Mid,Finance,130,1
12101,2002,53,10,21,29,10,1,4,9704,1,766,Mid,Technology,88,1
12102,1985,69,2,7,24,3,4,3,7806,5,842,Executive,Manufacturing,496,0
12103,2023,40,5,14,40,5,3,5,2923,3,582,Mid,Technology,479,1
12104,2022,27,6,44,6,14,5,1,5001,0,810,Executive,Manufacturing,335,1
12105,2024,41,0,22,19,7,3,5,808,4,727,Mid,Healthcare,117,1
12106,2000,48,1,7,16,12,4,3,7476,3,822,Senior,Healthcare,256,0
12107,2002,64,3,43,2,6,2,5,5963,2,567,Mid,Technology,109,1
12108,2022,58,7,14,39,3,4,1,5935,5,590,Entry,Healthcare,66,1
12109,1995,69,10,13,35,3,2,4,4230,4,414,Mid,Healthcare,147,1
12110,1994,28,9,50,25,4,5,3,327,0,498,Mid,Finance,219,1
12111,2004,26,5,50,9,9,4,0,0,5,850,Mid,Healthcare,213,1
12112,2015,32,0,15,33,4,3,1,123,3,439,Mid,Finance,483,1
12113,1990,36,9,37,13,11,0,1,753,5,632,Senior,Education,61,1
12114,1994,24,4,40,7,0,0,1,8114,3,713,Executive,Manufacturing,55,0
12115,1983,26,6,30,26,12,5,4,1606,1,431,Senior,Finance,488,1
12116,2000,44,5,31,9,7,3,5,6525,4,947,Senior,Other,436,1
12117,1992,58,8,42,14,9,0,2,3578,0,327,Entry,Other,448,1
12118,2001,30,7,26,36,12,5,0,0,2,256,Executive,Finance,311,0
12119,1998,36,3,30,21,4,2,3,7208,1,641,Executive,Finance,333,1
12120,2013,24,10,26,30,2,3,5,9660,4,860,Entry,Other,428,1
12121,1993,50,4,9,1,2,2,1,2845,0,553,Executive,Manufacturing,334,1
12122,1983,27,6,39,30,3,3,4,2938,1,73,Mid,Manufacturing,95,1
12123,2006,38,7,6,13,15,2,1,6319,0,233,Executive,Manufacturing,145,1
12124,2008,47,4,39,9,11,2,5,2427,5,520,Entry,Other,47,1
12125,2007,42,8,13,29,6,0,3,8356,0,881,Entry,Healthcare,293,1
12126,2014,29,9,22,35,15,3,0,0,1,542,Entry,Finance,277,1
12127,1987,42,3,47,39,4,4,1,8156,1,607,Entry,Manufacturing,463,1
12128,1995,32,3,16,14,0,0,4,6907,4,257,Senior,Education,202,0
12129,2021,59,7,7,13,13,2,4,7732,1,791,Executive,Other,198,1
12130,2015,29,0,22,30,11,2,2,5886,5,228,Senior,Manufacturing,328,1
12131,2009,63,7,42,28,12,4,4,9392,4,244,Entry,Technology,384,1
12132,1997,45,4,11,26,4,4,2,5168,0,426,Entry,Technology,425,0
12133,1981,56,10,37,20,13,2,0,0,1,709,Senior,Finance,380,1
12134,1992,35,0,10,8,4,4,3,8810,4,455,Mid,Finance,123,1
12135,1983,35,3,22,19,5,1,2,2712,4,743,Executive,Finance,199,1
12136,2005,31,1,49,34,13,0,1,4954,2,472,Senior,Healthcare,74,1
12137,2004,33,3,26,14,6,3,5,3723,4,810,Executive,Other,452,1
12138,2009,59,7,43,23,4,4,1,1686,4,562,Entry,Technology,156,1
12139,1990,65,4,13,15,14,4,3,7440,2,728,Entry,Technology,133,1
12140,1986,67,0,39,35,12,1,4,1606,3,173,Entry,Finance,311,1
12141,2010,55,6,27,10,10,3,5,9545,5,74,Executive,Other,119,1
12142,2023,62,0,16,7,13,1,1,4239,1,98,Executive,Technology,11,1
12143,1989,31,8,28,2,1,3,5,8810,2,512,Senior,Technology,234,1
12144,2018,38,2,44,18,13,0,2,5103,4,123,Entry,Healthcare,294,1
12145,1992,38,2,13,40,1,4,3,8545,4,116,Senior,Education,454,1
12146,2010,24,5,17,2,12,0,1,280,1,342,Mid,Finance,107,1
12147,1986,52,9,44,35,3,3,4,4932,5,706,Entry,Education,395,1
12148,2021,22,5,46,24,0,4,5,3550,0,232,Entry,Education,32,0
12149,2021,33,10,21,35,6,1,4,1959,2,128,Mid,Healthcare,119,1
12150,2015,60,10,11,10,12,2,5,389,3,373,Senior,Technology,255,1
12151,1999,25,5,21,15,0,1,1,5183,1,574,Executive,Finance,82,1
12152,1983,63,0,28,16,2,2,3,3867,1,235,Entry,Manufacturing,180,1
12153,1986,34,4,6,23,9,1,0,0,2,843,Executive,Education,227,0
12154,1980,55,5,39,16,6,3,1,2053,4,741,Entry,Other,274,1
12155,2023,63,7,32,19,10,0,4,5008,4,189,Entry,Education,185,1
12156,2024,42,0,23,21,11,2,0,0,3,700,Executive,Healthcare,340,1
12157,2021,43,4,37,5,11,3,3,6316,2,167,Entry,Education,210,0
12158,1992,25,2,25,6,5,0,4,2166,1,606,Mid,Education,248,1
12159,2001,39,1,14,13,14,0,3,8106,2,668,Senior,Education,383,1
12160,2000,26,10,50,10,14,4,5,6272,0,290,Mid,Healthcare,42,1
12161,2001,40,7,49,11,6,4,1,186,1,859,Senior,Technology,72,1
12162,2007,23,6,13,4,4,4,3,5182,3,340,Mid,Other,428,1
12163,1988,33,9,42,4,15,2,4,9489,3,394,Mid,Education,341,1
12164,2005,38,6,10,19,7,2,1,2645,1,473,Senior,Finance,18,1
12165,1988,31,4,46,14,5,0,4,1216,4,138,Entry,Other,164,1
12166,1994,55,8,39,25,11,2,4,4627,1,190,Executive,Education,266,1
12167,1989,27,4,22,32,3,0,0,0,1,964,Executive,Education,439,1
12168,2003,29,1,23,29,13,3,2,6703,0,567,Executive,Finance,127,1
12169,2021,32,2,9,23,10,1,3,227,1,518,Entry,Healthcare,408,1
12170,1987,33,3,29,22,0,0,3,2613,5,50,Mid,Manufacturing,354,0
12171,2003,30,4,15,8,1,0,0,0,5,990,Mid,Finance,452,1
12172,1995,23,2,14,2,11,3,5,7311,2,550,Mid,Manufacturing,300,1
12173,2005,29,6,21,35,5,4,3,6958,2,297,Entry,Technology,317,1
12174,2006,32,4,40,6,3,5,0,0,3,71,Senior,Technology,350,1
12175,2016,57,4,30,21,2,4,3,2272,4,255,Entry,Education,141,1
12176,1983,31,5,35,13,6,4,3,6038,3,308,Executive,Other,460,1
12177,2003,42,6,36,28,6,0,4,3018,0,90,Mid,Education,33,1
12178,1998,41,9,25,15,15,0,0,0,1,148,Entry,Healthcare,97,1
12179,2015,69,9,22,33,1,2,5,2157,3,29,Entry,Manufacturing,209,1
12180,2018,29,7,22,9,7,2,3,1796,1,461,Entry,Technology,315,1
12181,1989,57,8,5,6,14,1,5,3244,3,634,Senior,Technology,319,1
12182,2004,50,10,18,24,14,1,2,8046,1,384,Mid,Education,197,1
12183,1997,63,3,12,26,10,5,0,0,3,748,Entry,Education,434,1
12184,1998,33,4,6,14,15,2,0,0,5,791,Entry,Healthcare,255,1
12185,2015,35,4,19,31,0,0,0,0,5,636,Executive,Education,41,1
12186,1989,69,7,38,27,10,3,4,7421,5,645,Mid,Other,404,1
12187,2012,42,8,40,8,9,2,0,0,2,517,Entry,Education,103,1
12188,1984,43,6,5,6,6,0,4,1457,0,894,Entry,Other,388,1
12189,2014,42,4,25,15,15,2,2,3546,3,372,Entry,Other,321,0
12190,2023,65,2,46,25,9,4,1,7361,2,196,Entry,Healthcare,453,1
12191,2013,51,0,5,34,11,2,4,3664,4,189,Mid,Education,369,1
12192,2012,60,10,36,16,0,5,3,9781,3,802,Entry,Other,188,1
12193,2000,41,8,24,22,12,4,0,0,1,895,Senior,Other,391,1
12194,1996,45,4,40,7,11,0,1,95,0,747,Entry,Education,321,0
12195,2001,44,8,43,1,14,4,4,3932,2,78,Senior,Education,342,1
12196,2016,28,9,34,30,13,2,5,9551,2,546,Mid,Manufacturing,61,1
12197,1994,30,3,11,31,2,4,5,6912,0,815,Entry,Technology,403,1
12198,2014,22,4,26,28,15,5,3,6140,3,881,Executive,Finance,387,1
12199,2007,47,3,49,2,15,3,1,1739,1,872,Senior,Technology,142,1
12200,1986,59,1,14,7,2,4,2,1352,4,71,Senior,Manufacturing,221,1
12201,2011,59,0,12,1,9,5,4,4924,3,42,Entry,Finance,439,1
12202,1990,65,7,31,30,13,4,5,5757,0,802,Executive,Technology,19,1
12203,1989,43,3,14,36,1,1,5,1542,3,132,Executive,Healthcare,279,1
12204,1988,65,4,18,19,13,3,4,5244,3,798,Entry,Manufacturing,264,0
12205,1993,31,5,50,28,9,0,5,830,0,105,Mid,Healthcare,247,1
12206,1992,27,7,15,16,12,5,2,1605,0,670,Mid,Healthcare,115,1
12207,2004,38,10,10,9,4,4,5,4645,4,356,Entry,Technology,404,1
12208,1981,59,7,25,40,3,3,4,7937,0,7,Mid,Other,485,1
12209,2014,45,6,37,21,12,0,0,0,0,773,Executive,Finance,254,1
12210,1986,31,3,23,5,5,3,5,6516,0,342,Mid,Other,296,1
12211,2000,29,5,43,33,1,5,4,221,2,436,Mid,Education,12,1
12212,1997,42,3,28,30,13,1,0,0,0,79,Mid,Education,388,1
12213,1982,27,6,22,11,3,5,5,8722,0,555,Entry,Manufacturing,447,1
12214,2021,42,10,39,11,11,5,5,6493,0,688,Entry,Healthcare,45,1
12215,2018,60,0,47,15,6,0,4,9573,4,391,Senior,Manufacturing,333,1
12216,2020,45,4,41,24,0,0,3,4117,3,575,Mid,Technology,241,1
12217,1990,54,9,23,21,12,4,3,5408,0,899,Entry,Healthcare,70,1
12218,2018,39,9,28,26,10,2,1,753,0,287,Executive,Education,453,1
12219,2003,49,3,38,23,2,5,3,1188,4,820,Senior,Technology,58,1
12220,1998,53,10,26,11,0,0,2,7108,3,112,Executive,Technology,203,1
12221,1983,33,6,8,17,1,5,1,7487,4,962,Mid,Other,493,1
12222,2005,69,8,14,15,8,5,3,8600,5,830,Executive,Manufacturing,50,1
12223,2017,63,4,6,3,9,0,0,0,1,881,Senior,Manufacturing,15,1
12224,2021,48,3,12,11,15,1,4,5145,1,719,Mid,Other,50,1
12225,2011,31,8,37,32,4,1,3,6677,1,955,Entry,Finance,223,1
12226,2018,67,4,42,21,12,5,0,0,0,225,Executive,Education,127,1
12227,2024,63,8,47,17,3,1,1,4171,4,332,Executive,Education,169,0
12228,2015,53,7,32,32,11,5,4,8175,0,416,Senior,Manufacturing,266,1
12229,2019,63,3,14,26,3,4,3,365,1,277,Entry,Education,67,1
12230,2016,47,10,49,18,7,0,1,1514,3,894,Mid,Education,120,1
12231,2012,46,10,5,13,11,5,3,4936,3,798,Mid,Technology,476,1
12232,2015,32,6,38,24,2,1,1,2934,5,791,Mid,Other,179,1
12233,1982,44,4,7,33,14,1,3,9775,4,2,Senior,Other,225,1
12234,1988,55,9,13,23,11,3,0,0,5,544,Executive,Healthcare,456,1
12235,1987,61,3,9,37,15,3,2,1369,3,477,Executive,Healthcare,393,1
12236,2012,44,4,46,22,11,1,0,0,1,409,Executive,Finance,327,1
12237,1985,50,4,14,4,3,4,4,8890,5,993,Executive,Healthcare,190,1
12238,2020,52,10,16,35,1,2,3,8116,5,306,Senior,Other,419,1
12239,2018,28,8,22,23,5,5,2,8323,5,213,Senior,Education,479,1
12240,1983,61,8,25,35,11,3,2,5364,4,29,Entry,Other,300,1
12241,1992,54,5,25,4,15,5,4,90,4,418,Senior,Technology,250,1
12242,1981,42,3,5,38,8,3,4,471,1,536,Executive,Other,5,1
12243,1984,23,1,7,5,11,0,2,6084,1,27,Mid,Healthcare,261,0
12244,2023,39,2,9,35,3,0,4,9457,1,608,Entry,Education,90,1
12245,2006,68,1,29,3,10,1,4,4482,5,86,Mid,Other,193,1
12246,2011,54,4,12,9,5,0,3,5126,1,25,Mid,Education,328,1
12247,2000,58,5,21,0,3,0,0,0,4,119,Executive,Manufacturing,63,0
12248,1987,55,10,13,20,13,2,5,597,3,712,Senior,Other,293,1
12249,2017,41,4,36,39,1,4,1,9099,1,391,Senior,Manufacturing,452,1
12250,1987,56,1,10,38,12,1,2,7618,2,356,Senior,Healthcare,225,1
12251,1982,39,4,44,36,13,2,1,1354,4,352,Executive,Manufacturing,444,1
12252,2023,67,8,25,2,5,1,2,7877,0,14,Executive,Education,333,1
12253,1982,45,3,11,30,11,4,2,2389,3,304,Mid,Education,457,1
12254,2001,29,9,11,26,6,1,0,0,4,253,Entry,Manufacturing,62,1
12255,1985,51,1,43,16,3,5,2,463,1,622,Senior,Technology,366,1
12256,1981,65,2,31,22,11,5,2,1072,5,519,Senior,Manufacturing,496,1
12257,2002,31,2,12,12,10,5,0,0,2,950,Entry,Technology,70,1
12258,2023,44,8,13,26,6,0,4,473,0,852,Mid,Manufacturing,19,1
12259,1981,32,3,32,19,12,4,5,4983,3,639,Mid,Education,458,1
12260,2017,23,0,19,12,10,2,1,938,1,185,Entry,Other,332,1
12261,1996,47,0,6,23,7,2,2,1310,4,386,Senior,Education,244,1
12262,2014,57,6,11,40,10,3,0,0,4,904,Executive,Manufacturing,63,1
12263,2013,54,6,22,2,2,2,2,2340,3,499,Executive,Finance,464,1
12264,2002,68,1,26,9,14,5,0,0,2,13,Entry,Technology,292,1
12265,2009,34,8,14,0,1,5,1,4056,5,229,Senior,Finance,363,1
12266,1987,61,8,37,12,4,3,3,1086,1,90,Entry,Education,419,1
12267,2001,46,4,11,13,1,0,4,7697,3,403,Mid,Technology,224,1
12268,2023,25,2,7,32,9,2,3,7104,3,504,Mid,Other,265,1
12269,2015,63,2,18,1,4,4,0,0,4,3,Executive,Manufacturing,161,1
12270,1984,40,2,48,1,9,3,2,259,3,663,Mid,Technology,44,1
12271,1992,39,5,50,38,14,2,4,1656,0,218,Mid,Technology,318,1
12272,2008,58,3,40,40,12,0,1,6290,0,587,Entry,Healthcare,268,1
12273,2010,51,7,17,30,5,4,5,5913,1,795,Entry,Other,24,1
12274,1995,40,10,20,3,7,4,4,7973,3,866,Senior,Technology,382,1
12275,2021,44,10,20,33,5,0,2,591,4,215,Entry,Other,299,1
12276,2009,37,10,9,18,3,2,3,5867,5,158,Senior,Education,224,0
12277,1995,22,4,29,36,2,1,0,0,1,762,Executive,Other,73,0
12278,1991,33,0,42,8,15,2,3,5577,2,578,Entry,Finance,115,0
12279,1996,45,8,42,23,13,3,4,228,4,733,Entry,Finance,151,1
12280,1995,55,0,42,12,13,3,5,9560,2,703,Entry,Other,68,1
12281,1991,29,5,43,29,1,2,2,1624,1,730,Executive,Manufacturing,201,1
12282,1987,39,0,45,18,12,5,0,0,0,372,Entry,Healthcare,486,0
12283,1999,69,2,30,40,0,3,2,3979,4,16,Mid,Finance,302,1
12284,1982,26,9,17,9,1,1,2,739,5,901,Entry,Finance,90,1
12285,1995,47,4,48,13,1,5,5,6521,4,494,Senior,Technology,49,1
12286,2009,51,9,30,39,14,1,4,3174,1,618,Mid,Other,371,1
12287,2024,34,6,5,19,4,4,3,5049,4,465,Entry,Education,419,1
12288,2002,40,9,12,3,8,3,2,2647,4,443,Entry,Other,288,1
12289,2007,50,7,8,37,0,5,2,6436,1,738,Executive,Other,91,1
12290,2019,24,8,25,38,3,2,2,5386,3,986,Senior,Education,359,1
12291,1984,47,5,26,4,9,5,0,0,1,80,Mid,Manufacturing,234,1
12292,1999,61,10,41,31,6,4,2,6594,4,778,Mid,Education,386,1
12293,2019,33,8,7,5,10,1,2,7480,5,165,Executive,Finance,414,1
12294,2023,23,7,23,13,13,4,4,1185,5,356,Mid,Technology,315,1
12295,1980,32,8,5,5,9,0,2,589,1,233,Mid,Education,28,1
12296,2009,65,9,33,13,2,3,5,4217,4,161,Senior,Healthcare,171,1
12297,2000,49,3,27,11,7,2,5,7648,2,174,Entry,Healthcare,172,1
12298,1999,39,8,37,26,2,1,2,1135,2,671,Entry,Healthcare,371,1
12299,1985,34,6,45,25,15,4,5,3420,0,362,Mid,Education,497,1
12300,2001,58,4,27,11,7,2,4,1,1,375,Senior,Technology,235,1
12301,1997,43,4,9,7,12,3,0,0,1,696,Executive,Education,41,1
12302,1987,33,0,11,9,1,2,5,7882,2,173,Entry,Finance,148,1
12303,2018,23,1,10,15,4,3,5,8062,2,237,Mid,Education,287,1
12304,2011,58,9,26,25,3,3,3,3553,2,162,Mid,Other,411,1
12305,2012,28,2,17,7,10,3,4,6069,5,987,Senior,Healthcare,212,1
12306,1995,47,7,16,40,8,4,5,9163,5,917,Senior,Healthcare,174,1
12307,1991,47,5,8,28,2,3,0,0,0,911,Senior,Other,98,1
12308,2017,45,9,12,19,11,2,3,4204,0,237,Mid,Technology,477,1
12309,2013,33,10,41,16,10,0,2,8471,3,617,Senior,Manufacturing,119,1
12310,1993,37,4,35,18,4,2,4,5784,5,629,Mid,Healthcare,302,1
12311,2015,44,0,41,16,15,4,5,1698,1,231,Entry,Healthcare,16,1
12312,2012,61,10,49,38,9,3,2,2884,0,587,Mid,Manufacturing,28,1
12313,2002,30,8,30,0,8,0,4,3579,4,516,Mid,Education,47,1
12314,2024,53,2,47,28,12,4,3,7195,1,729,Entry,Healthcare,385,1
12315,1981,36,2,12,13,5,1,5,2251,3,793,Senior,Technology,288,1
12316,2020,58,1,44,16,15,1,0,0,2,844,Senior,Education,127,0
12317,2000,34,3,37,12,1,1,4,2356,3,919,Mid,Education,446,1
12318,1981,26,1,49,28,0,0,0,0,1,235,Mid,Healthcare,67,1
12319,2006,32,8,33,33,11,2,2,9200,2,322,Entry,Education,496,1
12320,1988,31,9,9,26,10,0,2,5708,3,543,Senior,Education,38,1
12321,1980,34,6,32,32,0,0,3,2078,3,406,Entry,Technology,472,1
12322,1990,62,7,44,28,6,0,3,4195,1,176,Mid,Education,132,1
12323,1982,67,2,21,36,13,1,1,2714,0,499,Mid,Other,118,1
12324,2002,36,5,27,38,11,5,1,6947,4,996,Entry,Healthcare,323,1
12325,2005,63,9,49,18,1,2,3,1338,3,118,Entry,Healthcare,51,1
12326,1983,28,5,13,23,6,5,5,3689,4,189,Executive,Other,435,1
12327,1997,61,0,6,13,0,5,2,6614,5,613,Executive,Other,412,1
12328,1985,49,5,36,36,3,0,0,0,5,364,Senior,Other,420,1
12329,2014,53,2,35,4,9,2,3,733,1,485,Entry,Manufacturing,135,1
12330,2001,56,10,11,23,14,5,5,7839,1,972,Senior,Finance,403,1
12331,2022,36,2,34,33,14,3,0,0,0,78,Executive,Manufacturing,246,0
12332,1994,69,2,7,30,12,0,1,1753,2,321,Senior,Technology,168,1
12333,2001,57,9,13,29,10,0,0,0,4,138,Executive,Technology,69,1
12334,2016,42,10,14,8,3,0,3,5857,3,335,Entry,Healthcare,35,1
12335,2021,27,10,50,26,14,3,2,1024,2,401,Entry,Finance,287,1
12336,1991,22,9,30,27,4,3,3,9674,5,225,Senior,Manufacturing,4,1
12337,2021,25,10,5,25,13,1,4,5764,5,265,Entry,Finance,359,0
12338,2017,32,7,34,17,15,4,5,5209,4,332,Senior,Healthcare,147,1
12339,1997,65,4,42,35,13,2,5,3554,4,223,Senior,Education,236,1
12340,2024,47,3,19,7,9,4,5,9971,2,571,Executive,Healthcare,67,1
12341,2014,58,8,29,17,14,0,4,6216,2,775,Mid,Healthcare,230,1
12342,2009,44,8,10,19,14,5,4,4818,0,966,Senior,Finance,149,1
12343,2003,50,0,22,31,0,0,2,4566,3,559,Executive,Technology,480,1
12344,2021,42,1,5,28,6,5,5,5325,3,592,Executive,Education,414,1
12345,2009,69,7,7,17,10,1,3,6894,3,808,Executive,Education,424,1
12346,1993,66,4,21,6,1,4,4,7082,5,986,Mid,Technology,220,1
12347,1985,66,6,12,0,11,0,3,3368,5,890,Entry,Finance,260,1
12348,1982,48,0,44,27,14,4,1,2629,2,519,Senior,Finance,265,1
12349,1995,60,9,21,32,15,1,5,6942,0,860,Senior,Technology,458,1
12350,1986,61,4,29,3,10,4,4,8720,1,248,Entry,Manufacturing,113,1
12351,1993,34,10,45,19,14,5,4,4232,0,755,Entry,Finance,164,1
12352,1988,44,2,16,35,12,2,2,6661,5,676,Executive,Technology,55,1
12353,1994,37,9,33,30,10,1,3,7877,2,858,Executive,Manufacturing,341,1
12354,2000,51,1,29,37,12,4,2,9663,0,420,Entry,Healthcare,407,1
12355,2014,25,1,40,27,1,0,2,6275,2,831,Senior,Education,468,1
12356,1981,61,8,29,2,7,3,3,9559,4,186,Entry,Technology,355,0
12357,2006,37,3,33,5,14,3,1,1719,4,248,Entry,Finance,249,1
12358,1981,52,3,15,22,8,1,3,9233,1,126,Mid,Education,242,1
12359,2014,63,6,8,6,5,3,1,3487,5,87,Mid,Manufacturing,399,1
12360,1997,46,9,18,35,10,2,2,8175,4,44,Executive,Education,1,1
12361,1993,65,9,50,0,0,1,1,5844,1,911,Executive,Other,142,1
12362,1999,33,1,42,5,0,0,5,8751,3,793,Senior,Technology,168,1
12363,1997,47,2,21,23,13,0,1,9756,2,245,Entry,Healthcare,62,1
12364,1989,58,2,6,36,10,1,1,6475,3,926,Entry,Manufacturing,432,1
12365,2004,69,5,12,35,6,3,4,5869,3,410,Mid,Manufacturing,153,1
12366,1981,54,2,40,23,7,3,4,6462,1,217,Senior,Manufacturing,349,1
12367,2004,49,10,14,37,2,0,2,1800,2,426,Entry,Education,254,1
12368,2012,30,4,11,28,8,2,3,5075,1,14,Senior,Healthcare,65,1
12369,2015,33,3,40,36,3,5,1,4262,0,767,Mid,Technology,373,1
12370,2010,26,2,20,31,3,3,5,146,3,825,Entry,Technology,284,1
12371,1993,49,7,18,24,2,2,4,3828,2,688,Mid,Education,453,1
12372,1980,56,9,20,9,7,3,3,2117,3,334,Mid,Other,187,1
12373,1995,26,2,29,34,8,5,5,5447,0,726,Mid,Technology,192,1
12374,1982,55,5,45,24,0,1,1,5014,5,536,Entry,Technology,295,1
12375,2014,67,6,8,26,1,4,3,5947,0,491,Senior,Healthcare,10,1
12376,2020,55,6,33,31,0,0,5,318,5,835,Entry,Education,179,1
12377,1985,34,1,10,11,13,1,0,0,2,291,Mid,Education,381,1
12378,2004,60,2,5,3,3,3,5,254,2,116,Executive,Manufacturing,342,1
12379,1992,63,9,43,25,9,5,5,9528,0,591,Senior,Technology,89,1
12380,2013,66,9,5,2,6,0,1,5057,3,686,Executive,Finance,222,0
12381,1987,69,3,44,16,13,4,3,8526,4,743,Mid,Other,334,1
12382,2000,35,6,7,8,6,4,1,4393,3,826,Entry,Healthcare,456,1
12383,2013,32,1,5,28,11,5,1,1044,4,468,Senior,Healthcare,447,1
12384,1983,63,2,5,0,5,5,0,0,1,947,Executive,Other,225,1
12385,2004,59,6,43,17,12,3,5,2519,2,551,Entry,Other,102,1
12386,1994,25,6,25,40,10,0,3,961,0,682,Senior,Finance,336,1
12387,1983,54,9,49,19,15,3,2,3749,1,628,Mid,Manufacturing,354,0
12388,2024,28,2,34,40,4,4,4,4565,3,695,Mid,Finance,355,1
12389,1991,62,0,36,33,10,1,1,7516,4,592,Mid,Other,386,0
12390,2011,29,2,37,27,3,1,1,2814,5,386,Entry,Other,231,1
12391,2011,58,4,26,34,11,2,1,589,2,582,Entry,Finance,266,0
12392,2007,31,6,34,15,12,4,1,1988,4,651,Mid,Manufacturing,283,1
12393,1992,64,3,50,20,15,4,4,3865,3,192,Mid,Finance,189,1
12394,2010,36,10,8,12,13,3,2,2989,3,682,Senior,Manufacturing,47,1
12395,1993,59,10,27,34,7,2,0,0,0,100,Executive,Other,283,1
12396,1999,36,0,48,31,6,5,2,4541,1,69,Senior,Other,301,1
12397,1997,26,5,29,37,10,2,4,1960,2,173,Executive,Other,447,1
12398,2008,50,1,16,5,10,0,3,8846,0,443,Entry,Technology,54,0
12399,1985,40,2,21,37,9,3,0,0,4,700,Senior,Manufacturing,338,0
12400,2011,31,3,19,37,0,5,0,0,1,432,Entry,Other,118,1
12401,2008,33,5,14,12,5,5,3,9547,2,214,Entry,Education,1,0
12402,2022,25,5,39,38,13,1,5,5029,4,536,Executive,Education,223,1
12403,1981,52,6,33,12,1,0,1,9650,2,600,Executive,Finance,235,1
12404,2002,39,4,16,11,3,2,4,7386,2,642,Senior,Education,202,1
12405,1998,37,6,5,32,4,1,3,4756,5,707,Senior,Manufacturing,143,1
12406,2010,61,1,5,27,7,4,2,6375,5,318,Senior,Technology,10,1
12407,1984,57,0,14,2,5,3,2,4695,1,285,Executive,Manufacturing,258,1
12408,1998,46,9,22,17,10,2,5,919,5,224,Mid,Healthcare,438,1
12409,2013,44,7,6,25,1,4,3,9938,4,348,Mid,Finance,297,1
12410,1989,33,0,12,39,4,5,4,1758,5,387,Executive,Other,156,0
12411,2004,55,1,26,1,14,2,5,1831,0,845,Senior,Technology,196,1
12412,1981,57,10,26,3,4,1,5,9363,0,340,Mid,Finance,91,1
12413,1990,58,9,30,27,5,0,5,3278,0,838,Entry,Healthcare,414,1
12414,2010,24,5,30,27,0,1,0,0,2,660,Mid,Education,332,0
12415,1994,30,0,13,24,7,3,0,0,3,503,Mid,Healthcare,152,1
12416,1988,39,9,25,25,2,3,1,3810,1,70,Executive,Education,375,1
12417,2002,64,2,35,1,4,2,4,1440,0,128,Executive,Finance,133,1
12418,1998,56,6,47,33,6,1,2,1719,1,443,Mid,Finance,443,1
12419,1988,55,7,10,29,2,0,2,5672,5,289,Entry,Other,115,1
12420,2014,62,3,18,20,13,5,1,555,2,598,Entry,Other,66,0
12421,2000,35,2,37,36,9,3,2,9425,1,386,Senior,Finance,149,1
12422,1988,25,0,11,22,14,0,5,2297,0,17,Mid,Other,255,1
12423,2007,50,8,28,32,12,4,1,1535,0,554,Mid,Manufacturing,40,1
12424,1986,62,9,13,1,14,2,1,6282,2,75,Entry,Technology,180,1
12425,1995,66,5,15,26,5,0,3,5085,2,845,Executive,Manufacturing,187,1
12426,1995,36,5,27,21,4,2,0,0,4,552,Mid,Healthcare,38,1
12427,2012,49,8,6,33,6,4,4,1961,2,987,Entry,Technology,310,1
12428,1983,63,0,19,15,9,0,4,8142,3,873,Mid,Finance,479,1
12429,1983,37,5,39,19,14,0,0,0,3,364,Executive,Finance,413,0
12430,2018,33,4,40,25,10,5,5,979,0,279,Senior,Finance,326,1
12431,2019,26,10,32,15,2,4,4,272,5,279,Executive,Education,216,1
12432,1996,55,5,43,5,12,1,2,7257,2,770,Executive,Healthcare,129,1
12433,2016,63,10,48,22,13,0,2,5144,3,442,Entry,Manufacturing,263,1
12434,2018,22,7,8,36,1,5,4,4633,3,953,Entry,Other,113,1
12435,2008,60,4,14,7,3,0,3,8110,4,328,Executive,Healthcare,62,1
12436,2015,53,1,10,5,2,5,4,1688,5,535,Entry,Education,442,1
12437,2017,47,1,34,36,14,3,1,1595,5,507,Executive,Education,96,1
12438,2018,38,9,50,21,3,1,5,3242,2,449,Executive,Healthcare,411,1
12439,2016,69,4,39,5,6,0,1,4683,4,374,Mid,Education,329,0
12440,2014,48,2,47,31,4,4,0,0,5,295,Executive,Other,421,1
12441,1986,45,9,14,16,3,2,5,5839,5,475,Senior,Technology,17,0
12442,2006,56,2,36,37,13,4,5,5786,1,838,Entry,Finance,445,1
12443,2007,67,7,46,16,14,1,2,9907,4,392,Senior,Manufacturing,204,1
12444,2001,63,6,46,36,5,3,5,5129,5,108,Entry,Education,212,1
12445,1993,60,0,7,22,6,3,3,9393,1,358,Executive,Manufacturing,96,1
12446,1986,47,4,30,12,11,3,4,2845,1,955,Senior,Finance,278,1
12447,2016,59,8,19,31,13,5,1,8448,5,934,Mid,Other,448,1
12448,2001,44,3,21,21,10,4,2,6138,2,288,Executive,Healthcare,235,1
12449,1984,43,0,31,6,4,2,2,309,1,417,Executive,Other,379,0
12450,1981,25,7,22,21,11,2,3,5334,1,317,Executive,Finance,167,1
12451,2006,30,4,23,20,6,5,3,7197,4,340,Mid,Manufacturing,59,1
12452,2000,25,1,16,5,2,0,3,9280,2,316,Senior,Technology,84,0
12453,2017,28,0,28,13,6,5,3,1176,2,348,Executive,Healthcare,260,1
12454,1994,44,2,9,15,11,2,1,6183,1,26,Senior,Education,354,1
12455,2000,23,8,28,2,14,2,3,3097,4,637,Executive,Technology,401,1
12456,1989,45,0,31,8,2,0,2,1724,4,400,Executive,Finance,165,0
12457,2002,61,3,34,20,13,4,2,2628,4,315,Executive,Manufacturing,227,1
12458,2018,52,7,19,29,5,4,5,6144,4,681,Mid,Manufacturing,366,1
12459,1984,68,7,42,29,15,1,4,1350,0,558,Executive,Manufacturing,412,1
12460,1980,52,9,48,31,7,4,2,7725,5,367,Senior,Finance,409,1
12461,1992,68,10,38,22,12,3,2,619,1,342,Executive,Healthcare,59,1
12462,2000,61,10,31,2,14,3,1,2548,1,692,Senior,Education,163,1
12463,2005,69,7,24,0,5,1,5,9570,1,364,Senior,Technology,229,1
12464,2024,64,9,45,2,9,2,2,5243,2,916,Entry,Finance,369,1
12465,2000,55,7,36,36,10,1,0,0,2,903,Senior,Manufacturing,81,1
12466,1997,45,3,8,6,2,0,2,5543,4,72,Entry,Education,156,0
12467,2016,47,7,9,2,11,1,4,9729,5,121,Mid,Manufacturing,414,1
12468,2024,37,8,12,35,4,1,4,5853,2,864,Executive,Finance,190,1
12469,2011,68,6,26,2,8,5,5,3772,3,185,Mid,Manufacturing,361,1
12470,2015,34,1,46,3,7,3,5,2533,1,835,Mid,Finance,396,1
12471,1996,36,8,11,30,15,0,3,8669,1,318,Senior,Manufacturing,243,0
12472,2014,48,10,26,1,5,5,1,1894,0,954,Executive,Finance,373,1
12473,1990,25,7,50,13,15,0,4,9824,0,593,Executive,Manufacturing,241,1
12474,2000,37,4,34,36,8,1,0,0,3,991,Mid,Education,221,1
12475,2005,51,2,41,30,1,5,0,0,0,541,Entry,Education,454,1
12476,1983,65,6,20,1,12,5,3,1565,5,792,Entry,Manufacturing,378,1
12477,2013,51,1,19,30,10,0,1,4125,4,632,Senior,Manufacturing,167,1
12478,1997,57,2,9,21,8,0,1,4268,4,352,Entry,Finance,120,1
12479,2019,24,8,7,9,9,4,5,2839,1,354,Entry,Finance,453,1
12480,2014,43,3,27,29,12,0,2,467,4,105,Mid,Finance,1,1
12481,2020,43,3,14,32,9,5,0,0,0,823,Entry,Healthcare,117,1
12482,2008,33,2,9,18,5,2,0,0,3,417,Executive,Manufacturing,135,0
12483,2008,42,4,27,24,15,0,0,0,5,945,Mid,Other,329,1
12484,2017,25,2,19,0,8,3,0,0,4,641,Mid,Manufacturing,126,1
12485,2021,52,8,22,31,11,4,4,2743,1,204,Entry,Manufacturing,240,1
12486,2000,65,2,29,24,3,3,1,5642,1,564,Executive,Manufacturing,373,1
12487,2021,52,1,12,40,4,3,2,9611,5,381,Executive,Finance,107,1
12488,1992,44,4,35,16,1,2,4,1026,0,296,Entry,Finance,298,0
12489,2020,41,5,25,13,2,4,1,4631,4,278,Executive,Healthcare,432,0
12490,1996,36,0,6,12,0,1,3,8792,0,188,Senior,Finance,111,0
12491,1988,44,10,26,37,3,5,0,0,1,726,Senior,Other,405,1
12492,2020,49,5,12,38,11,5,2,987,3,542,Entry,Manufacturing,457,1
12493,1980,37,9,27,1,1,0,1,8797,4,449,Mid,Manufacturing,499,1
12494,1981,58,2,36,31,11,5,3,7238,3,257,Mid,Technology,162,1
12495,2008,42,3,12,31,14,2,0,0,5,452,Executive,Finance,274,1
12496,2012,36,5,8,39,15,5,3,8330,4,571,Senior,Technology,387,1
12497,1989,38,7,34,5,1,2,3,5650,1,77,Mid,Manufacturing,18,1
12498,2019,58,8,23,24,0,1,4,4225,4,22,Executive,Finance,232,0
12499,2000,34,5,27,2,9,2,3,4496,1,502,Senior,Manufacturing,19,1
12500,2007,40,6,22,17,11,1,4,9436,2,184,Mid,Technology,240,1
12501,1990,51,4,33,37,1,1,5,8833,1,546,Executive,Technology,259,1
12502,2013,66,8,27,2,3,1,4,436,1,512,Entry,Education,48,1
12503,1987,39,3,37,4,5,2,3,1423,5,616,Entry,Education,153,1
12504,2001,35,9,22,23,12,1,1,9328,4,687,Mid,Finance,2,1
12505,1987,57,10,48,33,11,2,3,3721,3,48,Executive,Finance,307,1
12506,1994,57,5,37,38,6,4,3,5674,1,167,Senior,Finance,477,1
12507,1996,41,4,11,23,6,1,1,8249,4,829,Entry,Finance,383,1
12508,2002,40,0,32,35,6,2,0,0,1,782,Senior,Finance,291,1
12509,2003,66,4,5,27,14,2,2,8891,0,669,Executive,Finance,168,1
12510,2024,65,4,43,33,3,2,5,1145,0,20,Entry,Other,197,1
12511,1998,28,8,38,15,11,0,0,0,0,391,Mid,Finance,178,1
12512,1984,65,0,43,35,4,0,3,9300,0,902,Entry,Technology,102,1
12513,2011,25,4,23,6,13,1,0,0,3,104,Mid,Technology,218,1
12514,2023,55,6,35,17,15,5,2,6499,5,289,Senior,Technology,15,1
12515,1980,23,10,17,5,10,4,0,0,1,632,Entry,Other,46,1
12516,2002,26,5,28,27,11,5,2,8299,0,703,Executive,Manufacturing,335,1
12517,2016,31,5,9,38,2,1,0,0,4,425,Senior,Healthcare,45,1
12518,1987,53,6,27,33,0,3,4,4945,0,228,Senior,Manufacturing,99,1
12519,1992,63,5,23,40,13,3,3,1992,2,180,Mid,Finance,182,1
12520,1987,62,4,5,28,7,4,2,4122,2,351,Executive,Healthcare,353,1
12521,2002,34,9,37,3,9,4,5,805,5,224,Senior,Technology,486,1
12522,2022,60,4,37,13,10,4,3,1992,3,965,Entry,Technology,215,1
12523,1980,26,8,36,4,6,0,4,7496,2,233,Mid,Education,379,0
12524,2024,31,7,32,24,13,0,0,0,4,265,Executive,Finance,422,1
12525,2003,31,9,41,38,8,3,3,4010,0,857,Mid,Finance,133,1
12526,2014,59,3,45,7,13,4,0,0,2,313,Mid,Education,339,1
12527,2003,48,3,16,14,9,2,0,0,2,498,Senior,Manufacturing,316,1
12528,1996,42,9,13,18,3,5,3,5315,3,876,Entry,Education,8,1
12529,1984,29,4,15,10,11,3,2,3320,2,217,Entry,Other,496,1
12530,1999,22,2,37,19,14,4,2,7549,0,210,Executive,Finance,212,1
12531,2000,49,7,23,35,11,2,3,2505,5,98,Executive,Other,138,1
12532,2019,60,6,46,17,4,4,2,7828,5,620,Entry,Other,495,1
12533,2010,35,4,38,13,4,1,1,7885,5,387,Mid,Other,221,1
12534,2015,42,9,11,37,12,2,0,0,1,344,Mid,Technology,320,1
12535,1990,51,2,35,24,6,5,3,7248,0,252,Entry,Education,90,1
12536,1994,42,4,6,15,12,1,5,7868,2,903,Senior,Healthcare,377,1
12537,1998,30,2,23,17,8,0,4,6349,2,523,Mid,Technology,314,1
12538,1986,38,9,42,0,7,3,3,6963,2,117,Entry,Manufacturing,111,1
12539,2007,26,4,36,39,6,4,3,3062,3,599,Senior,Technology,112,1
12540,2022,52,0,14,0,13,3,0,0,4,855,Mid,Manufacturing,197,1
12541,1984,61,5,45,0,0,5,4,4990,0,208,Executive,Technology,373,1
12542,1984,59,9,12,20,11,4,0,0,5,408,Mid,Finance,490,1
12543,2009,64,3,30,24,9,1,5,7037,2,480,Mid,Other,262,1
12544,2011,40,3,34,26,12,2,2,6910,1,922,Entry,Manufacturing,367,1
12545,1987,57,7,15,9,5,2,3,2003,3,641,Mid,Manufacturing,377,1
12546,1989,54,1,45,11,9,4,0,0,4,328,Mid,Education,316,1
12547,2017,34,3,24,27,14,1,5,5745,2,182,Senior,Technology,312,1
12548,2011,35,1,24,31,14,4,5,1540,5,953,Entry,Manufacturing,341,1
12549,2007,54,0,13,32,8,4,1,8641,0,416,Senior,Manufacturing,161,1
12550,1996,50,9,12,7,12,4,3,3547,1,82,Executive,Technology,83,0
12551,2010,64,2,19,25,6,2,5,9288,5,253,Mid,Technology,44,1
12552,1987,57,7,38,40,0,5,2,9051,3,944,Entry,Healthcare,44,1
12553,2019,65,5,28,1,8,4,0,0,0,4,Executive,Education,270,1
12554,2004,31,6,37,34,2,2,0,0,0,302,Entry,Manufacturing,494,1
12555,1988,52,1,45,33,13,0,1,2019,3,979,Mid,Technology,392,1
12556,1981,27,5,45,5,8,1,2,9072,0,535,Entry,Manufacturing,209,1
12557,1994,22,7,49,30,3,0,5,4161,1,632,Entry,Healthcare,173,1
12558,1982,28,7,44,22,14,4,1,229,1,606,Senior,Healthcare,246,1
12559,2015,48,3,31,11,8,2,5,9113,0,427,Entry,Manufacturing,173,1
12560,1983,42,5,25,27,12,1,5,7710,2,963,Entry,Education,35,1
12561,1993,49,4,9,14,14,3,3,1832,0,735,Senior,Finance,301,1
12562,2020,37,8,39,18,7,1,4,8242,2,750,Mid,Manufacturing,297,1
12563,2020,67,7,25,11,15,1,5,3678,0,226,Executive,Healthcare,157,1
12564,2004,44,1,8,1,6,4,0,0,5,653,Senior,Education,138,0
12565,1989,41,6,20,10,3,0,5,4482,4,931,Mid,Other,373,1
12566,2000,59,6,35,36,8,0,1,8944,1,562,Mid,Technology,32,1
12567,2015,46,10,30,37,3,3,5,5887,0,389,Executive,Other,250,1
12568,1991,49,0,39,24,0,4,0,0,1,656,Mid,Education,381,0
12569,2006,26,0,10,20,5,1,0,0,3,849,Senior,Education,365,1
12570,2019,42,3,37,35,3,5,1,6040,4,839,Mid,Manufacturing,423,1
12571,1981,39,4,25,8,9,0,0,0,2,818,Executive,Education,325,1
12572,1992,68,3,20,11,2,0,2,2993,3,563,Executive,Technology,170,1
12573,2011,27,6,43,9,11,2,2,3340,4,11,Senior,Other,109,1
12574,2010,50,2,38,4,4,1,4,2343,3,336,Senior,Manufacturing,166,1
12575,1995,40,6,46,32,15,4,2,7188,1,606,Mid,Healthcare,124,0
12576,2011,54,7,19,4,2,0,1,1238,5,882,Executive,Technology,213,0
12577,2011,22,5,10,15,10,4,5,6856,4,128,Executive,Manufacturing,294,1
12578,2013,66,5,6,36,8,1,2,5660,3,10,Mid,Manufacturing,180,1
12579,1990,24,7,28,36,11,1,4,4339,2,489,Executive,Finance,82,1
12580,1989,63,7,32,28,5,0,3,8374,4,271,Senior,Technology,469,1
12581,1994,42,6,5,17,14,3,3,8735,4,356,Senior,Education,414,1
12582,1996,56,5,5,28,2,4,1,2826,3,880,Mid,Technology,361,1
12583,2019,62,5,32,5,4,4,4,7091,5,91,Mid,Technology,318,1
12584,1997,61,9,40,17,7,2,2,92,0,8,Mid,Finance,24,1
12585,1988,24,10,24,31,13,1,4,2415,2,886,Senior,Education,245,1
12586,2004,46,5,12,30,15,1,0,0,2,122,Senior,Other,40,1
12587,2019,66,7,5,10,7,0,4,8126,3,775,Executive,Finance,433,1
12588,1993,59,0,30,25,5,0,2,4533,5,280,Senior,Finance,58,1
12589,2004,66,4,47,27,4,0,1,6516,1,457,Mid,Finance,176,1
12590,2001,41,2,29,26,14,2,0,0,1,935,Entry,Technology,29,1
12591,2009,65,7,14,18,4,3,4,3032,0,450,Entry,Other,44,1
12592,1999,66,10,16,26,0,0,3,3289,0,630,Entry,Finance,451,0
12593,2000,55,5,45,19,15,0,2,4438,3,406,Entry,Healthcare,308,1
12594,2023,42,1,11,2,1,5,1,6867,5,701,Entry,Education,153,1
12595,2011,69,6,16,15,14,0,5,3234,1,790,Senior,Other,454,1
12596,2000,44,6,44,38,11,2,2,5997,2,811,Mid,Education,39,1
12597,2014,27,4,21,28,10,4,4,6301,5,55,Mid,Other,495,1
12598,2011,34,7,9,14,3,3,1,1133,1,707,Executive,Finance,139,1
12599,2009,44,4,18,29,5,4,3,2062,5,378,Mid,Other,256,0
12600,2018,30,0,38,39,10,5,0,0,3,501,Executive,Technology,69,0
12601,1991,38,8,21,0,6,1,4,3471,1,22,Mid,Other,384,1
12602,2020,23,3,39,28,0,1,1,468,4,776,Executive,Manufacturing,135,1
12603,1997,40,1,5,29,15,0,0,0,3,244,Executive,Manufacturing,235,0
12604,2000,40,3,40,39,7,5,1,9070,4,771,Mid,Technology,111,1
12605,1992,28,8,19,31,11,4,5,6098,5,417,Entry,Finance,32,1
12606,2000,63,1,23,9,0,2,4,3807,3,230,Mid,Finance,195,1
12607,1987,63,3,46,26,8,3,1,4736,2,209,Mid,Healthcare,370,1
12608,2019,41,1,9,7,14,4,3,4957,3,161,Entry,Manufacturing,177,0
12609,1986,30,4,23,35,3,5,1,3345,3,376,Mid,Manufacturing,359,1
12610,2002,38,2,47,34,11,5,4,588,3,865,Executive,Education,133,1
12611,2023,48,9,43,35,14,4,1,3883,3,169,Entry,Finance,492,1
12612,2011,68,1,9,35,6,3,0,0,0,898,Entry,Technology,443,0
12613,1990,23,8,16,24,10,4,0,0,4,338,Senior,Finance,190,1
12614,2001,57,4,23,19,13,4,5,457,3,801,Executive,Finance,435,0
12615,2001,40,9,16,16,5,3,2,1884,3,473,Executive,Healthcare,386,0
12616,2022,38,4,40,22,14,2,5,3121,5,226,Mid,Other,334,1
12617,2004,26,0,16,24,12,5,2,7642,0,872,Mid,Other,453,1
12618,2001,60,5,22,30,8,3,3,5611,1,362,Executive,Technology,5,1
12619,2007,39,6,47,5,15,0,0,0,5,478,Executive,Healthcare,292,0
12620,2008,28,0,38,34,13,0,2,9595,5,554,Executive,Healthcare,178,0
12621,1992,38,8,37,3,1,0,1,3703,0,474,Mid,Healthcare,282,0
12622,1997,60,7,22,39,14,0,3,4482,0,194,Executive,Other,105,1
12623,1981,57,7,33,19,14,1,4,1981,0,932,Executive,Healthcare,488,1
12624,2008,61,6,49,40,10,2,2,9984,5,11,Entry,Finance,429,1
12625,2000,66,4,9,0,6,1,5,4466,5,494,Executive,Other,245,1
12626,1994,25,2,29,25,10,4,2,2231,3,982,Senior,Other,324,1
12627,2006,59,8,28,33,4,4,5,8963,0,976,Mid,Education,378,1
12628,2010,46,6,33,9,12,3,5,5781,0,783,Entry,Finance,230,1
12629,1994,26,10,42,22,6,0,0,0,5,61,Executive,Healthcare,400,0
12630,2002,51,9,37,23,0,3,3,8413,5,528,Executive,Healthcare,214,1
12631,2003,33,9,14,12,10,4,5,9383,0,270,Entry,Education,272,1
12632,2023,25,7,41,28,10,0,0,0,3,537,Entry,Manufacturing,104,1
12633,1992,45,5,37,26,9,5,0,0,2,556,Entry,Technology,373,0
12634,2001,50,10,27,30,8,2,5,1598,2,897,Senior,Healthcare,22,1
12635,2022,30,4,15,9,0,4,3,4262,1,656,Senior,Healthcare,294,1
12636,2016,25,7,28,30,13,5,1,1542,3,64,Entry,Finance,160,1
12637,2012,45,2,28,38,4,3,2,8333,5,861,Executive,Healthcare,193,1
12638,1982,35,6,11,9,13,5,0,0,0,479,Mid,Healthcare,265,0
12639,1998,26,1,25,23,7,3,2,4406,0,797,Senior,Technology,82,1
12640,2002,39,2,24,32,0,4,3,5490,0,489,Mid,Finance,167,1
12641,2008,63,1,14,13,6,1,1,3706,2,67,Mid,Manufacturing,328,1
12642,2009,40,4,29,34,1,2,4,1209,5,361,Senior,Healthcare,142,1
12643,2018,33,6,40,33,6,5,1,4978,0,811,Mid,Healthcare,42,1
12644,2023,39,10,19,16,6,5,3,3224,0,607,Executive,Manufacturing,343,1
12645,2004,38,9,48,20,8,4,1,4856,2,571,Senior,Education,11,1
12646,2016,51,10,44,31,5,4,4,7793,0,994,Senior,Manufacturing,21,1
12647,1987,45,10,44,2,3,3,0,0,1,768,Mid,Manufacturing,17,1
12648,2021,32,10,10,14,6,0,1,6853,5,18,Mid,Finance,449,1
12649,1995,56,9,41,7,6,0,5,9551,4,544,Entry,Other,61,1
12650,1987,44,0,6,31,3,0,5,1538,1,978,Senior,Manufacturing,188,1
12651,1980,38,9,16,37,1,3,3,148,3,931,Mid,Finance,443,1
12652,2023,22,8,8,25,12,0,1,8065,1,90,Executive,Other,78,1
12653,1984,36,0,27,29,10,4,4,7699,1,972,Senior,Manufacturing,489,1
12654,1982,53,0,17,8,8,1,3,1425,2,986,Entry,Healthcare,166,1
12655,1980,30,9,21,31,13,1,1,1717,3,237,Executive,Healthcare,456,1
12656,1983,36,7,35,10,7,1,3,9546,5,461,Entry,Other,149,1
12657,2019,49,5,20,21,4,0,5,2635,5,23,Entry,Education,464,1
12658,2014,45,5,45,33,13,1,4,2363,1,226,Executive,Other,397,1
12659,2011,56,8,30,40,4,5,0,0,4,850,Entry,Manufacturing,222,1
12660,2021,43,3,32,17,0,0,4,5628,1,380,Entry,Technology,104,1
12661,2013,48,7,5,18,10,5,0,0,0,920,Entry,Manufacturing,253,1
12662,2022,40,3,16,17,8,4,2,1451,2,906,Entry,Other,6,1
12663,2004,66,1,41,36,10,5,5,8641,0,776,Entry,Technology,494,1
12664,1989,33,10,24,17,13,4,5,1835,3,5,Senior,Other,162,1
12665,2000,41,7,6,11,9,3,5,9635,3,569,Mid,Manufacturing,289,1
12666,2018,22,6,40,3,10,3,4,5851,2,611,Senior,Finance,194,1
12667,2006,42,3,19,26,7,5,0,0,1,633,Senior,Healthcare,318,1
12668,2006,66,8,42,4,4,2,2,3935,3,356,Mid,Technology,129,1
12669,1981,22,8,26,5,9,4,2,6830,4,156,Mid,Technology,108,1
12670,2020,31,7,48,12,5,0,2,3709,2,200,Executive,Manufacturing,218,1
12671,1992,68,0,36,22,11,2,3,1289,0,224,Entry,Healthcare,428,1
12672,1988,53,6,24,24,9,4,4,503,4,982,Mid,Education,318,1
12673,2015,60,4,40,3,10,0,4,7951,5,462,Executive,Technology,129,1
12674,2001,43,6,37,31,15,4,5,5051,2,778,Executive,Healthcare,243,1
12675,2021,39,8,19,14,9,4,4,3097,4,662,Senior,Healthcare,437,1
12676,2005,69,1,50,25,15,0,4,2147,2,921,Executive,Technology,306,1
12677,1991,67,10,7,10,7,4,3,9657,0,256,Entry,Finance,296,1
12678,1996,53,3,33,8,5,4,4,4520,1,989,Senior,Other,388,1
12679,1993,48,3,31,10,9,4,0,0,2,592,Mid,Finance,84,1
12680,1993,49,1,9,1,13,3,2,3716,3,430,Senior,Manufacturing,254,1
12681,2013,39,2,35,26,3,1,3,8842,0,877,Senior,Other,326,0
12682,1999,60,10,26,25,2,4,3,1210,0,424,Entry,Other,408,1
12683,1990,50,7,39,7,6,0,5,2187,4,406,Entry,Manufacturing,236,1
12684,1995,39,8,11,20,12,5,4,8058,3,611,Senior,Healthcare,0,1
12685,2010,65,5,10,20,1,4,2,3820,4,104,Mid,Technology,264,1
12686,1985,29,9,30,7,6,3,0,0,5,251,Entry,Finance,193,1
12687,1998,52,1,5,0,0,3,2,2843,0,644,Senior,Healthcare,450,1
12688,2016,55,1,23,37,12,5,1,3450,2,98,Entry,Finance,363,1
12689,1983,28,6,11,12,9,4,2,3518,5,177,Entry,Technology,356,1
12690,1983,57,7,40,8,4,2,0,0,3,264,Executive,Finance,121,0
12691,1999,39,7,16,27,14,5,0,0,0,131,Mid,Education,363,1
12692,1989,59,5,24,5,8,1,0,0,3,198,Senior,Manufacturing,3,1
12693,2003,30,9,27,22,12,0,3,1144,5,704,Senior,Other,148,1
12694,2014,30,7,29,35,14,0,3,3126,2,719,Executive,Finance,60,1
12695,2005,67,0,34,16,12,0,1,7660,1,56,Senior,Technology,281,1
12696,2016,29,8,33,8,0,0,2,17,4,891,Senior,Technology,116,1
12697,2017,56,0,35,11,7,3,4,5999,4,408,Executive,Education,171,1
12698,2000,39,2,22,21,8,1,5,1656,5,953,Executive,Technology,420,1
12699,2019,26,8,45,11,8,4,1,1596,0,261,Senior,Education,333,1
12700,2018,35,10,23,5,7,4,4,9137,0,741,Executive,Healthcare,237,1
12701,2000,49,4,8,8,15,2,4,1287,2,653,Entry,Finance,137,1
12702,1989,51,8,5,36,3,4,1,267,0,574,Entry,Technology,217,1
12703,2017,25,8,45,2,13,1,2,434,0,117,Entry,Manufacturing,457,1
12704,1983,60,5,19,33,13,4,5,2035,0,484,Entry,Finance,484,0
12705,2024,41,10,12,7,6,3,4,2497,3,970,Executive,Education,81,1
12706,1999,46,0,19,9,0,5,3,6440,3,320,Mid,Finance,218,1
12707,1996,49,9,19,40,6,4,3,6037,1,307,Mid,Finance,336,1
12708,1986,33,6,43,8,5,0,1,7806,3,489,Senior,Technology,201,1
12709,1983,23,5,26,13,4,0,5,3208,4,320,Mid,Manufacturing,74,1
12710,2008,64,8,22,36,0,5,5,1613,5,756,Entry,Healthcare,46,1
12711,1993,35,6,20,26,7,0,4,8910,1,892,Executive,Manufacturing,343,1
12712,1982,43,10,6,40,9,0,1,7164,0,355,Entry,Other,338,1
12713,2003,52,3,40,31,0,3,5,2231,4,647,Entry,Education,235,0
12714,2016,44,6,24,3,15,3,5,6463,1,607,Executive,Other,463,1
12715,1995,69,1,20,1,0,3,3,8932,5,736,Entry,Manufacturing,150,1
12716,1983,41,5,7,32,13,4,1,5695,1,519,Entry,Manufacturing,375,1
12717,2003,59,5,34,20,14,5,4,8996,4,525,Executive,Education,122,1
12718,2013,25,1,6,0,2,0,4,4512,1,23,Executive,Manufacturing,459,1
12719,2009,36,3,39,10,12,2,3,7960,4,191,Senior,Healthcare,245,1
12720,1997,45,7,30,0,7,5,0,0,1,752,Senior,Finance,253,0
12721,1998,46,7,9,10,15,2,0,0,1,1000,Entry,Healthcare,53,1
12722,2010,22,7,6,6,7,0,5,9918,1,348,Senior,Other,186,1
12723,1998,28,7,24,1,13,1,2,6023,4,24,Mid,Finance,402,1
12724,1998,52,0,38,14,14,5,3,5904,1,389,Mid,Finance,280,1
12725,2001,33,1,38,7,6,4,2,3512,5,640,Entry,Manufacturing,66,1
12726,2003,63,3,24,25,4,2,5,9290,5,598,Senior,Finance,140,1
12727,2024,26,8,29,39,14,5,3,8103,3,744,Entry,Education,20,1
12728,1991,65,2,24,34,7,5,4,1844,3,800,Senior,Healthcare,21,1
12729,2009,63,5,29,40,1,3,3,3924,3,909,Executive,Finance,174,1
12730,2017,59,6,18,40,7,1,1,4881,3,958,Executive,Manufacturing,190,0
12731,2010,33,7,48,20,11,3,2,534,3,567,Executive,Manufacturing,284,1
12732,2015,60,6,47,37,10,1,3,7577,5,189,Executive,Manufacturing,304,1
12733,1998,39,2,47,7,1,1,2,5730,0,27,Entry,Technology,362,0
12734,2024,23,5,43,31,9,4,5,8476,1,540,Entry,Healthcare,280,1
12735,2015,31,4,16,7,15,5,3,7987,5,490,Entry,Manufacturing,406,1
12736,2009,36,9,9,9,4,3,0,0,5,487,Mid,Education,331,0
12737,2012,51,3,6,22,10,3,2,8695,2,790,Executive,Manufacturing,304,0
12738,1997,65,0,20,3,12,2,4,4141,0,171,Executive,Technology,406,1
12739,2007,38,6,34,37,3,5,4,7936,4,37,Executive,Healthcare,260,1
12740,1990,25,7,47,29,14,0,3,8728,0,944,Senior,Finance,156,1
12741,2024,28,1,42,40,12,0,4,8253,2,298,Senior,Healthcare,260,1
12742,2012,62,6,49,22,0,2,4,5861,5,265,Mid,Finance,38,1
12743,1996,52,5,46,4,4,1,2,5201,0,26,Mid,Finance,482,0
12744,1985,60,4,28,20,6,2,3,2383,1,647,Senior,Manufacturing,418,1
12745,1983,55,3,34,5,0,2,2,8402,3,747,Senior,Other,336,1
12746,1999,27,1,41,16,1,3,3,2447,1,756,Entry,Education,29,1
12747,2006,59,9,43,24,11,2,4,4804,0,451,Entry,Education,439,1
12748,1994,66,5,15,23,14,1,3,3269,5,468,Senior,Other,257,1
12749,1985,55,4,18,21,13,0,5,8568,5,84,Executive,Manufacturing,270,1
12750,1993,65,1,27,12,8,4,3,9377,2,925,Senior,Technology,50,1
12751,1990,36,9,20,16,11,5,1,6964,4,12,Entry,Finance,278,1
12752,2018,35,6,25,13,4,2,3,7062,1,569,Mid,Other,233,1
12753,1988,27,5,8,33,13,5,1,3498,2,258,Senior,Education,25,1
12754,2005,58,10,37,25,12,2,2,2847,4,979,Senior,Healthcare,10,1
12755,1995,53,8,18,18,6,5,1,7658,3,99,Executive,Technology,383,1
12756,1984,24,10,23,25,1,3,2,7446,1,615,Mid,Manufacturing,23,1
12757,1989,24,9,9,2,6,3,3,8083,5,260,Executive,Technology,392,1
12758,1982,43,4,40,1,15,5,2,8978,1,277,Mid,Education,461,1
12759,1992,43,8,35,27,6,2,4,732,5,953,Executive,Other,215,1
12760,2022,31,8,49,1,6,2,5,5063,5,65,Mid,Manufacturing,326,1
12761,2009,24,0,22,21,4,1,3,7313,3,600,Senior,Education,137,1
12762,2024,33,4,48,6,8,0,1,7236,3,807,Senior,Finance,224,1
12763,1985,50,8,35,3,1,0,5,2699,0,599,Senior,Technology,352,1
12764,1996,69,6,34,37,3,4,0,0,4,377,Entry,Other,109,1
12765,2024,38,5,25,38,1,0,5,3664,2,516,Mid,Finance,474,1
12766,1998,28,5,34,19,7,4,3,9270,3,655,Mid,Healthcare,327,0
12767,2021,34,10,45,5,11,3,5,7811,0,116,Executive,Finance,205,1
12768,2014,23,6,8,8,10,4,5,8153,4,782,Entry,Technology,70,1
12769,2005,25,0,9,30,0,4,4,4619,4,498,Executive,Healthcare,209,1
12770,1984,31,3,45,25,15,0,2,2193,1,204,Entry,Education,184,1
12771,2008,60,0,49,35,8,2,5,4563,0,586,Executive,Other,89,1
12772,2016,45,5,14,25,11,3,1,9776,0,79,Entry,Healthcare,246,1
12773,1999,38,3,31,27,12,1,1,3006,1,17,Executive,Technology,382,1
12774,2000,27,0,20,4,13,4,4,4044,2,728,Executive,Manufacturing,232,1
12775,1989,40,8,34,9,4,4,5,1210,3,942,Entry,Healthcare,378,1
12776,1984,26,3,17,17,10,5,5,1986,5,613,Mid,Education,398,1
12777,2015,53,5,40,14,11,4,4,3170,1,999,Executive,Healthcare,32,1
12778,1985,31,6,25,32,2,2,3,7473,3,643,Entry,Other,394,1
12779,2005,30,7,49,4,11,1,0,0,5,820,Entry,Finance,146,1
12780,1983,48,10,44,36,10,5,0,0,0,57,Mid,Manufacturing,169,1
12781,2018,34,8,49,39,3,0,2,9369,1,111,Mid,Technology,465,1
12782,2018,40,8,19,21,0,3,1,918,5,596,Mid,Manufacturing,213,1
12783,2014,42,7,24,21,15,2,3,9311,2,842,Mid,Finance,313,1
12784,1980,45,9,24,21,2,1,1,8897,3,825,Executive,Manufacturing,227,1
12785,2003,59,10,49,14,10,3,3,6054,3,627,Executive,Finance,145,1
12786,2015,25,2,9,16,7,0,4,4929,3,314,Senior,Other,145,1
12787,1985,45,1,36,27,11,3,2,2861,0,161,Executive,Healthcare,21,1
12788,2020,56,4,10,21,1,5,4,4494,5,797,Senior,Technology,88,1
12789,2023,24,0,34,20,1,4,1,1807,3,949,Senior,Finance,373,1
12790,2010,25,2,30,16,8,4,2,9591,4,323,Executive,Finance,179,0
12791,1999,58,0,41,4,4,2,5,2649,3,717,Senior,Healthcare,299,1
12792,2003,61,2,17,17,4,3,3,4423,0,330,Mid,Finance,414,0
12793,2004,69,3,33,16,0,4,3,1295,1,579,Senior,Technology,264,1
12794,2015,56,6,9,3,12,2,2,9812,3,921,Executive,Education,49,1
12795,2000,52,4,29,6,15,2,4,2442,3,898,Entry,Manufacturing,229,1
12796,2009,65,4,17,24,5,5,2,7639,1,759,Executive,Other,374,1
12797,2003,46,0,28,36,7,2,4,2595,5,501,Entry,Other,60,1
12798,2023,61,7,35,39,5,0,2,5137,5,56,Entry,Finance,18,1
12799,2021,34,3,24,39,13,4,4,1072,4,164,Senior,Manufacturing,307,1
12800,2009,25,9,12,8,14,4,0,0,0,165,Senior,Other,310,1
12801,2001,67,4,13,18,6,1,2,9641,1,296,Entry,Manufacturing,24,1
12802,2007,35,1,25,8,13,0,4,3942,0,3,Senior,Other,206,1
12803,1986,34,0,24,22,3,4,5,1771,5,409,Mid,Education,324,1
12804,2014,48,8,19,30,1,5,1,5675,1,806,Executive,Finance,74,0
12805,2007,27,1,30,31,0,4,1,1017,2,876,Senior,Technology,140,1
12806,1993,38,5,46,30,15,1,2,3692,4,105,Entry,Finance,417,1
12807,1989,57,0,15,16,11,3,2,8710,2,619,Entry,Manufacturing,327,1
12808,1995,61,0,41,38,5,3,3,2351,5,681,Executive,Healthcare,280,0
12809,1995,56,8,45,21,8,0,4,9327,1,778,Senior,Education,90,1
12810,2010,38,3,15,34,9,2,2,2772,5,778,Senior,Technology,74,1
12811,2021,62,8,31,29,4,1,1,911,1,565,Entry,Technology,63,1
12812,2004,23,10,34,39,11,1,1,9007,0,997,Executive,Manufacturing,81,1
12813,1992,34,4,23,36,1,4,1,973,1,165,Entry,Technology,249,1
12814,1985,23,6,38,25,0,5,4,3102,5,253,Executive,Manufacturing,137,1
12815,2023,49,0,42,5,2,4,0,0,0,787,Senior,Technology,96,1
12816,1988,64,5,27,33,3,5,2,1800,0,665,Senior,Technology,99,1
12817,2024,47,7,5,31,15,1,0,0,1,127,Executive,Other,272,1
12818,2015,43,0,7,24,6,2,4,5438,0,485,Entry,Other,240,1
12819,2022,68,8,7,12,8,3,5,5133,5,75,Entry,Manufacturing,4,1
12820,1999,64,2,32,37,7,0,2,8761,4,886,Entry,Education,214,1
12821,1997,24,0,18,37,8,5,3,969,2,220,Executive,Technology,66,1
12822,2022,56,0,34,1,6,3,2,4079,1,781,Executive,Finance,486,1
12823,2000,33,10,9,4,9,0,2,1879,0,433,Entry,Healthcare,356,1
12824,1983,45,5,19,10,7,2,2,3319,0,634,Entry,Other,393,1
12825,2012,26,10,42,10,7,1,2,4705,5,536,Executive,Manufacturing,154,0
12826,2006,41,5,18,23,0,2,5,6611,0,438,Executive,Technology,439,1
12827,1986,60,0,18,13,11,5,2,387,0,434,Entry,Other,390,1
12828,1985,60,2,12,29,13,1,4,8067,4,617,Entry,Education,368,1
12829,1994,34,6,12,39,14,4,2,5957,1,617,Senior,Other,28,1
12830,1997,62,9,23,34,11,0,5,2489,1,614,Mid,Finance,304,1
12831,2011,66,2,36,20,14,4,4,7509,5,985,Executive,Manufacturing,422,1
12832,1990,33,2,35,4,8,1,2,8707,4,777,Mid,Finance,453,0
12833,1999,34,2,33,37,1,0,2,5937,4,525,Executive,Other,8,1
12834,2003,31,6,45,1,11,0,4,3844,4,132,Senior,Healthcare,199,0
12835,1994,54,3,15,39,10,4,2,2890,1,440,Executive,Education,444,1
12836,1986,61,3,49,36,13,0,5,1442,3,533,Executive,Manufacturing,333,1
12837,2000,37,2,17,33,6,1,1,722,5,586,Mid,Manufacturing,437,1
12838,2021,66,9,31,10,12,5,2,8947,5,796,Senior,Technology,229,1
12839,2005,56,10,23,35,9,5,3,2250,2,390,Senior,Finance,392,1
12840,2023,24,8,30,10,9,1,4,1908,4,243,Senior,Manufacturing,315,1
12841,1993,26,1,41,8,12,4,5,2586,4,767,Senior,Finance,307,0
12842,2016,47,3,13,5,4,2,2,8577,1,145,Executive,Healthcare,376,1
12843,2000,32,7,32,33,3,1,2,6126,5,414,Mid,Technology,330,1
12844,1997,28,5,36,36,0,5,4,6773,1,426,Senior,Healthcare,266,1
12845,1984,31,6,7,31,0,1,0,0,2,211,Entry,Technology,359,0
12846,1982,63,6,36,11,2,0,5,4087,0,248,Senior,Technology,162,1
12847,2002,55,1,9,31,13,0,5,9683,1,34,Mid,Finance,74,1
12848,2005,24,3,12,16,14,1,1,5078,2,838,Mid,Other,291,1
12849,2016,29,9,18,3,0,4,1,8142,1,252,Mid,Technology,182,1
12850,2003,52,9,7,32,7,2,2,3318,1,861,Mid,Healthcare,386,1
12851,1998,32,5,28,8,2,0,4,3038,1,771,Entry,Other,108,1
12852,2004,66,2,17,33,10,5,3,9264,3,818,Senior,Healthcare,338,1
12853,2000,28,8,47,38,9,0,2,768,3,861,Executive,Other,199,1
12854,1991,66,3,33,29,1,5,1,9178,4,285,Executive,Healthcare,180,0
12855,2020,23,9,12,19,5,2,2,5557,3,861,Entry,Finance,27,0
12856,2012,27,1,46,38,3,0,4,5262,2,692,Senior,Finance,52,1
12857,1983,62,5,35,22,15,4,5,196,1,209,Senior,Education,247,1
12858,2021,53,0,30,40,12,5,5,2307,3,109,Executive,Manufacturing,309,0
12859,1986,41,5,22,34,12,0,5,1389,5,329,Entry,Education,436,1
12860,2001,55,9,22,22,13,0,5,6739,1,141,Executive,Education,320,1
12861,2012,37,0,11,38,10,1,3,5311,0,675,Entry,Technology,308,1
12862,1996,46,7,42,22,13,4,0,0,4,86,Mid,Technology,39,1
12863,2003,33,4,20,36,12,4,3,2990,3,139,Senior,Education,221,1
12864,2013,28,5,37,22,10,1,2,5997,5,331,Senior,Manufacturing,296,1
12865,2007,60,1,7,38,12,5,1,9861,5,673,Senior,Education,165,1
12866,2022,38,1,42,27,3,3,4,9609,1,25,Senior,Finance,330,1
12867,2020,66,8,8,18,1,2,2,6253,0,645,Senior,Healthcare,28,1
12868,2018,32,2,40,29,1,4,0,0,4,868,Senior,Education,414,1
12869,2001,27,5,8,20,10,3,4,9778,4,626,Mid,Technology,188,1
12870,1996,44,9,46,23,5,5,4,4667,0,692,Senior,Manufacturing,201,1
12871,2013,48,4,13,20,4,2,4,4402,3,910,Mid,Technology,482,0
12872,1985,67,3,44,25,8,4,2,6205,3,361,Senior,Finance,295,1
12873,1985,27,9,21,35,3,0,0,0,1,870,Senior,Other,476,1
12874,2013,59,1,21,25,4,4,2,6988,2,658,Entry,Technology,484,1
12875,1980,23,7,37,32,14,2,4,9734,1,359,Senior,Other,129,1
12876,1989,43,9,24,35,0,3,4,1992,1,942,Executive,Technology,47,1
12877,2000,41,6,18,3,11,0,1,4059,1,214,Entry,Manufacturing,256,1
12878,1984,46,10,26,8,11,2,3,7203,0,995,Entry,Other,314,1
12879,1981,36,1,31,7,1,5,2,6893,4,76,Entry,Manufacturing,415,1
12880,2001,50,5,47,1,2,2,0,0,4,94,Executive,Technology,87,0
12881,1981,29,7,7,28,4,4,4,6882,2,956,Mid,Technology,257,1
12882,1989,58,6,28,22,11,5,2,7470,3,996,Entry,Education,58,1
12883,2013,54,0,34,5,4,1,3,9726,1,217,Entry,Finance,386,1
12884,1995,43,4,12,35,3,1,2,2674,0,874,Entry,Other,456,1
12885,2018,68,1,26,20,13,0,3,4548,0,367,Senior,Education,48,1
12886,2001,26,5,29,21,15,2,2,9052,1,51,Mid,Manufacturing,215,1
12887,1991,60,6,14,8,9,3,1,1552,0,273,Executive,Education,75,0
12888,2003,39,6,33,33,2,0,2,6014,0,443,Executive,Education,33,1
12889,2019,59,2,44,25,8,5,5,1392,1,686,Mid,Other,247,1
12890,2017,58,6,5,0,0,0,1,8572,2,824,Mid,Technology,317,1
12891,1989,51,4,25,35,5,4,3,5338,0,32,Mid,Technology,289,1
12892,2014,52,7,43,4,6,5,4,648,4,871,Senior,Other,22,1
12893,2011,31,7,28,40,9,3,4,6394,5,415,Entry,Finance,18,1
12894,1986,36,6,13,21,3,2,2,4660,4,643,Senior,Healthcare,435,1
12895,2000,63,5,48,3,9,5,0,0,5,424,Mid,Healthcare,315,1
12896,1999,69,1,30,1,2,2,2,471,5,786,Senior,Other,382,1
12897,2005,65,5,13,15,7,2,1,8054,4,6,Executive,Other,95,0
12898,1983,39,10,24,15,8,0,1,121,1,494,Senior,Education,250,1
12899,2001,44,8,39,21,12,4,3,5445,5,738,Mid,Finance,240,1
12900,1994,54,1,40,0,0,0,2,7695,4,766,Entry,Finance,411,0
12901,2019,37,0,46,14,14,1,3,4876,3,793,Senior,Manufacturing,345,1
12902,2000,59,10,40,23,14,1,0,0,0,747,Mid,Technology,304,1
12903,1994,56,4,13,3,14,2,4,4216,2,854,Senior,Other,44,1
12904,2001,55,10,26,17,14,4,4,2186,5,353,Executive,Other,75,1
12905,2007,49,5,5,16,10,5,2,2134,4,946,Senior,Other,106,1
12906,1993,23,2,9,6,11,2,3,2177,1,695,Senior,Other,478,1
12907,2006,51,7,13,9,9,5,3,2299,5,198,Entry,Manufacturing,59,1
12908,2020,34,6,41,0,8,2,0,0,2,714,Senior,Healthcare,458,0
12909,2019,62,1,42,1,6,0,3,1383,1,434,Senior,Finance,439,1
12910,2007,37,6,23,21,0,2,5,4142,2,135,Executive,Healthcare,487,1
12911,2005,26,0,12,31,6,2,5,1968,2,908,Executive,Technology,497,1
12912,1981,49,8,46,28,4,4,1,6644,0,287,Executive,Technology,131,1
12913,2004,60,6,47,34,9,4,5,2472,5,1000,Entry,Other,401,1
12914,1982,66,5,36,16,12,5,5,5494,5,801,Executive,Technology,156,1
12915,1987,41,1,17,11,12,4,1,9442,5,657,Executive,Healthcare,494,1
12916,2023,45,2,24,23,6,2,5,5906,2,718,Senior,Finance,375,1
12917,2012,48,0,40,29,15,4,5,3110,3,566,Senior,Manufacturing,422,1
12918,2021,51,9,47,29,11,4,1,8326,3,810,Entry,Finance,54,1
12919,2014,66,4,48,19,8,3,2,8801,3,407,Executive,Finance,185,1
12920,1985,48,8,41,6,7,3,1,9249,1,916,Mid,Education,174,0
12921,2018,47,5,34,37,5,1,1,6571,0,913,Senior,Finance,30,1
12922,2002,28,4,14,6,1,0,5,3774,1,909,Mid,Manufacturing,370,1
12923,2004,63,2,35,29,7,0,4,4655,5,761,Mid,Education,411,0
12924,2022,68,4,29,11,11,4,5,258,5,948,Executive,Finance,154,1
12925,1998,59,7,33,30,13,1,2,6868,4,786,Mid,Education,244,1
12926,1984,26,1,28,17,3,1,1,6817,5,716,Entry,Finance,29,0
12927,1990,44,4,43,1,7,5,0,0,3,824,Entry,Technology,48,1
12928,1991,49,5,25,32,14,3,1,9107,0,703,Senior,Technology,169,1
12929,1989,55,9,45,10,6,1,2,3942,3,335,Mid,Finance,74,1
12930,1987,36,7,13,33,3,2,3,237,0,1,Entry,Education,205,1
12931,2003,53,7,46,15,7,5,5,3355,1,184,Entry,Manufacturing,323,1
12932,2007,47,4,46,34,10,4,4,8879,5,673,Mid,Technology,355,1
12933,2020,69,8,6,32,10,2,4,7904,1,560,Entry,Education,384,1
12934,2015,52,3,8,20,11,0,5,6601,3,601,Mid,Manufacturing,427,1
12935,2016,40,8,12,19,10,3,5,5706,2,437,Entry,Education,358,1
12936,2000,30,10,36,7,1,2,2,1158,0,762,Mid,Finance,420,0
12937,1987,50,6,18,25,8,4,1,594,5,21,Entry,Technology,160,1
12938,1988,60,5,17,32,5,2,0,0,4,211,Entry,Technology,148,1
12939,1994,25,3,25,25,6,2,1,402,2,476,Entry,Technology,87,0
12940,2019,24,1,28,36,9,1,1,9013,1,465,Executive,Finance,167,1
12941,1997,50,7,22,29,0,3,0,0,0,988,Executive,Manufacturing,188,1
12942,2021,32,5,49,30,2,0,4,2540,2,233,Entry,Manufacturing,113,1
12943,1999,54,2,44,32,13,4,1,5878,4,171,Executive,Other,12,1
12944,1985,59,6,30,10,9,5,3,7490,2,602,Mid,Other,368,1
12945,1991,32,9,36,40,4,5,3,9889,4,674,Executive,Technology,481,1
12946,1981,48,6,48,4,14,4,2,5534,1,796,Senior,Other,165,0
12947,1986,54,5,37,1,11,0,2,5286,0,517,Senior,Manufacturing,156,1
12948,1995,42,1,35,12,6,4,0,0,1,243,Entry,Other,180,1
12949,1982,60,7,22,17,0,1,0,0,0,420,Executive,Other,319,1
12950,2024,52,0,39,25,8,5,2,5651,2,378,Senior,Technology,291,1
12951,1982,59,0,16,24,4,5,5,3679,1,472,Entry,Manufacturing,103,1
12952,2006,67,5,29,13,12,2,1,3552,0,340,Senior,Technology,110,1
12953,2022,23,4,49,4,11,1,5,7238,5,953,Entry,Manufacturing,260,1
12954,2019,48,8,35,1,2,5,4,4996,4,959,Senior,Education,147,1
12955,2017,57,6,14,3,6,1,3,1464,0,670,Senior,Technology,476,1
12956,2012,32,1,38,11,9,1,0,0,5,122,Executive,Other,138,1
12957,2007,68,6,7,10,15,0,2,4882,1,871,Entry,Other,327,1
12958,1980,39,2,50,3,7,5,3,6245,1,433,Senior,Technology,411,1
12959,1987,22,0,43,8,9,3,5,6611,2,975,Entry,Other,432,1
12960,2016,56,10,12,9,9,0,0,0,4,187,Executive,Healthcare,168,1
12961,2011,56,7,36,26,2,0,0,0,0,13,Senior,Technology,401,1
12962,2022,52,2,47,5,6,1,1,4093,1,69,Mid,Manufacturing,157,1
12963,2016,49,10,33,14,6,3,0,0,0,650,Mid,Education,383,1
12964,1983,60,7,26,30,15,0,4,4851,3,410,Mid,Education,397,1
12965,2009,22,6,24,21,3,3,0,0,4,869,Entry,Manufacturing,55,1
12966,1985,46,1,10,5,9,5,4,3579,4,836,Executive,Finance,72,1
12967,1998,64,0,47,32,8,1,5,8792,5,590,Entry,Other,457,1
12968,2011,59,6,33,28,0,0,1,9235,3,805,Entry,Technology,247,1
12969,1988,41,0,46,20,0,3,4,5445,4,317,Mid,Education,472,1
12970,1991,24,5,21,29,4,4,5,9571,3,436,Executive,Manufacturing,179,1
12971,1990,23,10,35,20,12,0,3,4528,0,591,Senior,Education,90,1
12972,1995,39,9,38,35,2,0,0,0,3,145,Entry,Education,193,1
12973,1980,65,10,42,21,9,0,2,9233,2,884,Mid,Manufacturing,194,1
12974,2024,31,9,41,19,12,3,2,1573,5,736,Entry,Healthcare,284,1
12975,2000,26,7,8,21,8,2,4,5720,3,226,Entry,Education,383,1
12976,2009,30,6,6,39,4,5,1,9555,0,381,Executive,Education,247,1
12977,1992,23,3,16,10,6,0,4,9202,4,179,Senior,Finance,228,1
12978,2013,55,0,39,30,0,4,5,1256,2,535,Entry,Healthcare,282,0
12979,1983,59,0,10,39,1,4,5,1127,3,98,Entry,Finance,323,1
12980,2007,52,3,50,12,14,1,4,9215,5,390,Senior,Manufacturing,162,1
12981,2017,31,4,12,17,10,2,4,2784,5,269,Executive,Other,90,1
12982,2010,33,6,25,21,11,2,3,6081,0,945,Entry,Technology,210,1
12983,2006,57,3,50,16,3,3,5,1049,2,93,Executive,Manufacturing,265,1
12984,1984,42,9,39,37,14,1,3,5183,2,791,Executive,Healthcare,126,1
12985,2004,68,0,19,24,8,3,4,2301,2,462,Entry,Other,281,1
12986,1982,27,10,11,31,4,1,1,9346,3,780,Senior,Manufacturing,70,1
12987,2012,69,9,19,14,4,5,0,0,0,658,Entry,Healthcare,90,1
12988,1983,24,6,49,12,8,2,5,8978,0,284,Entry,Other,93,1
12989,2004,31,1,10,25,7,5,2,9362,0,21,Mid,Finance,75,1
12990,1999,26,10,21,10,1,3,3,3198,1,1,Senior,Education,103,1
12991,2013,67,1,8,12,6,1,5,1364,4,102,Mid,Manufacturing,444,1
12992,2005,47,7,26,32,0,2,0,0,0,972,Senior,Manufacturing,196,0
12993,1984,42,9,36,36,15,2,3,4493,1,35,Entry,Other,183,1
12994,2014,66,9,26,37,9,0,5,8505,1,805,Executive,Education,76,1
12995,2007,47,9,31,0,10,3,3,2695,2,273,Mid,Manufacturing,447,1
12996,2008,59,4,50,38,10,0,3,6645,4,50,Mid,Manufacturing,296,1
12997,1988,65,9,19,26,14,2,4,8721,2,142,Mid,Other,387,1
12998,2017,47,1,48,35,8,3,4,5880,4,895,Mid,Technology,321,0
12999,1985,29,4,26,31,2,3,3,8149,2,482,Senior,Other,420,1
13000,1998,26,7,32,40,12,5,3,5859,5,947,Executive,Other,33,0
13001,2023,36,5,46,14,1,4,2,8503,3,16,Executive,Other,121,1
13002,1990,37,2,42,30,3,1,0,0,4,879,Entry,Technology,305,0
13003,1981,22,7,13,5,15,4,0,0,5,588,Entry,Education,453,1
13004,2023,37,8,38,24,3,4,1,7496,1,277,Mid,Finance,345,1
13005,2023,58,4,40,17,2,2,1,2631,1,634,Entry,Manufacturing,202,1
13006,1988,24,1,13,21,15,5,1,263,4,437,Entry,Other,297,0
13007,2000,68,1,19,30,1,1,4,7684,2,435,Senior,Manufacturing,128,1
13008,2003,52,6,49,35,4,4,4,8212,3,999,Entry,Finance,289,1
13009,2013,34,0,24,8,3,4,2,9388,3,383,Entry,Manufacturing,212,1
13010,2001,37,9,12,2,4,3,4,5043,0,980,Entry,Finance,137,1
13011,1982,64,1,32,32,12,2,1,5116,4,857,Executive,Education,260,0
13012,1991,42,9,23,26,11,4,5,3133,3,685,Executive,Education,345,1
13013,2007,23,3,20,0,11,1,3,8397,2,131,Entry,Finance,171,1
13014,2009,48,0,15,8,7,0,1,1636,2,262,Mid,Finance,146,1
13015,2005,59,3,46,4,10,0,2,8822,1,393,Executive,Healthcare,148,1
13016,2000,47,10,12,14,15,2,3,7811,3,782,Senior,Technology,376,1
13017,2007,59,9,37,8,14,0,4,4535,3,921,Senior,Technology,417,1
13018,2005,67,4,14,27,1,3,3,1098,2,207,Senior,Other,28,1
13019,2012,46,8,22,12,8,3,5,289,1,807,Entry,Manufacturing,101,1
13020,2000,32,0,39,23,9,1,2,2604,3,225,Mid,Manufacturing,462,0
13021,2014,29,4,47,9,15,5,4,207,2,700,Senior,Finance,295,1
13022,2013,29,1,7,21,0,2,0,0,1,464,Mid,Other,463,1
13023,2020,54,8,44,38,7,2,1,3678,1,357,Senior,Finance,370,1
13024,1997,28,5,31,21,11,0,5,8606,2,143,Mid,Technology,253,1
13025,1990,59,1,32,36,4,4,5,3468,1,353,Entry,Other,273,1
13026,2002,42,2,50,38,1,4,1,9476,5,250,Entry,Other,378,1
13027,2001,29,7,10,19,7,5,2,4986,5,375,Senior,Manufacturing,48,1
13028,1996,42,0,18,9,4,4,2,9854,1,988,Senior,Technology,188,1
13029,1984,41,2,11,9,9,5,5,9233,0,244,Executive,Education,64,1
13030,2023,29,9,14,25,14,1,1,4090,1,17,Senior,Technology,458,1
13031,1990,67,0,19,24,13,2,3,6803,3,714,Executive,Technology,163,1
13032,2009,52,10,35,27,9,0,0,0,1,715,Executive,Finance,223,1
13033,1994,50,10,33,12,12,1,0,0,3,484,Entry,Manufacturing,475,1
13034,2006,69,7,46,14,13,3,2,7945,2,1,Entry,Education,325,1
13035,2014,30,0,21,5,2,3,2,9535,1,949,Executive,Technology,6,1
13036,2012,36,4,33,11,6,3,3,5673,2,375,Senior,Technology,60,1
13037,1999,51,3,48,18,3,5,2,3367,4,913,Executive,Finance,191,1
13038,1995,47,6,19,31,10,5,0,0,5,565,Senior,Other,359,1
13039,2013,31,4,30,10,15,2,1,4156,1,165,Entry,Healthcare,87,1
13040,1981,50,7,16,37,10,3,5,165,2,864,Senior,Manufacturing,457,1
13041,2014,37,10,29,32,9,5,0,0,4,328,Executive,Manufacturing,157,1
13042,2019,57,0,45,1,11,5,3,3056,3,654,Senior,Manufacturing,272,1
13043,2007,41,4,9,14,14,4,1,9515,3,447,Executive,Technology,427,0
13044,2018,66,3,8,35,5,5,1,350,5,91,Senior,Technology,455,1
13045,1985,58,2,48,4,9,3,5,3309,5,519,Executive,Technology,331,0
13046,1988,43,4,45,14,7,1,0,0,3,251,Entry,Other,281,1
13047,1999,28,9,35,9,0,3,1,931,3,941,Executive,Healthcare,144,1
13048,1980,44,2,7,16,1,4,1,3838,3,611,Entry,Technology,162,1
13049,1987,62,7,7,33,13,3,2,9305,0,38,Executive,Manufacturing,173,1
13050,2002,61,2,30,23,12,0,1,8058,5,435,Executive,Other,107,1
13051,1982,50,0,21,9,7,4,3,1989,2,647,Mid,Manufacturing,388,1
13052,1983,37,8,14,29,14,2,1,9577,4,361,Mid,Finance,300,1
13053,2004,59,8,6,2,6,3,2,3484,4,945,Mid,Healthcare,330,1
13054,2017,49,5,28,36,9,5,4,7886,1,561,Mid,Education,143,0
13055,1994,69,9,15,2,8,1,4,1116,2,82,Senior,Technology,57,0
13056,2000,59,0,28,39,1,3,3,8325,5,765,Entry,Education,297,1
13057,2014,52,7,39,4,7,1,5,9419,0,707,Entry,Technology,349,1
13058,1993,35,1,27,27,5,0,5,6962,0,26,Mid,Healthcare,187,1
13059,2015,54,8,36,13,14,2,3,5967,2,588,Senior,Healthcare,439,1
13060,1991,30,7,27,38,0,5,1,7904,3,805,Executive,Manufacturing,487,1
13061,1996,48,2,38,10,3,4,1,4533,3,766,Executive,Healthcare,389,1
13062,2018,45,4,45,7,13,4,4,8871,2,20,Entry,Other,19,1
13063,1988,34,8,23,36,14,2,4,2669,5,217,Entry,Other,211,1
13064,2014,47,0,6,7,1,0,0,0,4,44,Senior,Education,23,0
13065,1992,50,8,6,11,6,0,4,1191,3,953,Executive,Education,90,1
13066,1994,64,3,19,14,8,3,4,1130,1,406,Senior,Healthcare,450,1
13067,1997,49,3,25,18,15,0,3,1403,5,693,Executive,Education,215,1
13068,2012,49,3,39,27,5,3,0,0,5,797,Mid,Other,51,0
13069,1985,29,9,9,6,3,1,5,9522,0,478,Mid,Technology,137,1
13070,2006,44,8,47,39,4,2,0,0,3,862,Senior,Finance,152,1
13071,2002,50,5,31,6,10,1,1,1381,4,655,Entry,Other,219,0
13072,2006,26,10,28,29,0,1,1,369,5,563,Senior,Manufacturing,465,1
13073,2013,63,7,11,17,12,1,0,0,3,762,Senior,Finance,361,0
13074,2017,28,3,10,23,3,1,0,0,3,617,Executive,Education,172,1
13075,1993,63,2,50,5,12,4,1,6314,0,808,Executive,Manufacturing,461,0
13076,2015,57,0,37,3,9,0,3,5700,1,710,Executive,Finance,0,1
13077,1987,62,9,21,2,2,2,3,9368,5,336,Executive,Finance,467,1
13078,2014,48,6,50,5,8,2,3,8567,1,791,Entry,Education,494,1
13079,1998,67,3,46,25,5,5,3,2760,4,147,Entry,Manufacturing,24,1
13080,2009,23,7,34,37,14,1,1,1943,2,614,Mid,Other,203,1
13081,1993,46,2,12,10,3,2,2,957,2,410,Senior,Other,367,1
13082,1999,30,0,44,28,2,3,4,9002,2,513,Mid,Manufacturing,358,1
13083,2004,48,4,50,19,11,2,4,4922,4,767,Executive,Finance,493,0
13084,2019,22,1,11,9,14,1,4,6629,5,571,Senior,Manufacturing,200,1
13085,2003,44,2,10,25,12,2,4,1533,3,818,Executive,Other,392,1
13086,1993,31,5,8,26,3,0,1,6885,1,384,Senior,Manufacturing,425,0
13087,2005,63,2,5,13,7,1,2,8601,1,481,Entry,Technology,190,1
13088,2017,46,2,19,35,11,4,1,53,3,602,Executive,Education,360,1
13089,2002,24,5,35,11,4,0,2,4796,5,100,Senior,Other,408,1
13090,2001,27,4,29,22,12,2,1,9290,1,113,Senior,Education,477,1
13091,1998,27,9,37,20,14,4,0,0,5,261,Executive,Technology,303,1
13092,1982,23,8,39,7,10,5,2,9166,1,421,Entry,Finance,438,1
13093,2021,39,0,9,38,0,0,4,7851,2,53,Entry,Healthcare,231,0
13094,1998,44,2,9,8,4,5,2,4921,2,187,Entry,Other,219,1
13095,1988,23,2,40,23,7,3,5,7253,0,538,Senior,Finance,65,1
13096,2007,33,10,21,30,10,0,3,4839,0,751,Entry,Technology,472,1
13097,1999,43,5,18,24,14,4,2,2558,1,591,Senior,Manufacturing,465,1
13098,2024,58,7,33,16,11,5,5,8330,2,189,Mid,Technology,23,1
13099,1986,41,2,12,28,15,3,3,2520,5,830,Entry,Education,81,1
13100,1993,60,2,38,2,3,5,5,4637,0,866,Executive,Manufacturing,90,1
13101,1988,45,5,44,20,13,2,3,3827,0,602,Executive,Finance,171,1
13102,1998,69,7,5,7,1,1,0,0,2,546,Executive,Manufacturing,439,0
13103,1993,41,5,33,13,12,5,2,1337,5,57,Executive,Education,34,1
13104,2017,22,9,40,38,14,2,5,2294,0,502,Mid,Technology,33,1
13105,2015,22,2,41,15,15,1,0,0,3,188,Mid,Finance,485,1
13106,2019,38,3,33,17,15,1,4,6581,5,764,Entry,Healthcare,261,1
13107,1996,22,0,9,30,2,4,2,72,3,547,Entry,Healthcare,176,1
13108,2009,66,7,36,10,13,3,1,7236,2,869,Executive,Technology,143,1
13109,1988,51,3,28,37,10,3,1,7319,2,603,Executive,Finance,214,1
13110,2012,62,5,23,19,8,0,1,2141,0,567,Executive,Finance,475,1
13111,2004,68,10,16,3,13,2,5,4530,1,578,Senior,Manufacturing,140,1
13112,1993,24,2,5,19,6,4,5,9998,4,312,Entry,Other,267,1
13113,1990,67,10,11,30,2,5,3,4552,3,168,Executive,Technology,138,1
13114,2014,32,10,21,19,4,2,1,3501,3,798,Executive,Manufacturing,46,1
13115,2020,45,5,38,10,2,5,4,2077,5,130,Executive,Technology,59,1
13116,1993,43,10,47,0,9,5,5,9840,5,677,Mid,Education,48,1
13117,2009,65,8,11,17,3,5,2,8526,2,948,Mid,Technology,51,1
13118,2020,66,8,21,38,11,0,5,4755,1,563,Mid,Manufacturing,60,1
13119,1983,47,9,7,32,7,0,2,2615,2,151,Senior,Finance,213,1
13120,1983,34,2,33,35,13,4,5,5356,0,921,Senior,Technology,94,1
13121,2007,22,2,26,17,2,0,3,4172,1,104,Entry,Finance,119,1
13122,1987,45,3,42,30,2,4,3,932,0,366,Executive,Education,474,1
13123,1981,31,6,47,34,10,0,3,635,3,91,Entry,Healthcare,218,1
13124,2020,56,2,33,38,10,3,4,6683,2,712,Entry,Healthcare,39,1
13125,2001,45,9,46,37,7,4,5,5773,5,804,Mid,Manufacturing,345,1
13126,2020,49,7,9,14,9,3,2,3229,2,884,Executive,Technology,326,1
13127,1995,57,10,34,5,12,3,5,1190,4,730,Mid,Education,458,1
13128,2008,37,7,27,7,9,4,0,0,1,431,Mid,Education,436,1
13129,2009,61,5,25,39,6,2,3,11,3,578,Executive,Finance,316,1
13130,1991,37,3,30,21,6,1,1,9641,4,680,Entry,Other,405,1
13131,2014,38,10,25,0,9,0,0,0,4,304,Entry,Manufacturing,231,1
13132,1990,36,10,24,12,1,5,0,0,2,27,Mid,Education,210,1
13133,2000,37,4,27,23,11,0,3,7661,1,287,Executive,Technology,37,1
13134,2000,36,1,8,20,6,5,1,2496,2,354,Entry,Education,467,1
13135,1984,55,5,25,3,9,2,3,5885,1,966,Senior,Healthcare,316,1
13136,1999,32,2,25,6,10,1,3,426,4,838,Entry,Manufacturing,210,0
13137,2016,22,5,5,11,9,2,1,7099,0,980,Executive,Finance,82,0
13138,1982,36,4,19,12,2,1,0,0,3,543,Executive,Technology,355,0
13139,2023,47,1,21,15,13,4,0,0,4,677,Executive,Healthcare,117,1
13140,2012,25,4,18,5,6,4,5,446,2,403,Mid,Education,302,1
13141,1988,64,4,23,13,12,5,1,2250,3,135,Entry,Manufacturing,26,1
13142,1988,26,8,38,30,3,3,0,0,4,67,Senior,Manufacturing,208,1
13143,1983,56,10,10,35,12,3,4,2681,1,153,Mid,Technology,401,1
13144,2014,34,7,49,36,7,5,3,1401,2,462,Entry,Finance,124,1
13145,1996,31,6,10,40,7,4,4,3407,4,325,Executive,Healthcare,275,1
13146,2013,32,2,9,34,5,5,4,6761,1,815,Entry,Other,491,1
13147,2003,39,9,11,9,12,3,5,1043,1,95,Executive,Finance,297,1
13148,2011,55,3,37,16,11,5,5,5363,1,196,Executive,Technology,296,1
13149,1980,60,5,17,29,2,4,5,391,3,107,Entry,Technology,71,1
13150,1987,62,2,5,6,5,2,4,4819,2,45,Entry,Healthcare,57,1
13151,2024,63,10,17,17,5,0,2,6879,1,185,Senior,Manufacturing,295,1
13152,2002,44,8,47,18,2,4,2,5984,4,453,Entry,Manufacturing,458,1
13153,2019,28,7,31,14,10,5,4,1285,1,322,Entry,Healthcare,118,1
13154,1991,60,5,11,38,3,4,3,6363,2,284,Mid,Finance,413,1
13155,1991,24,3,7,21,14,4,4,5127,5,82,Executive,Healthcare,395,1
13156,1994,33,6,29,38,1,3,4,6589,5,649,Executive,Other,373,1
13157,2020,28,10,37,29,14,5,5,8833,3,326,Senior,Manufacturing,61,1
13158,1998,47,2,44,19,0,3,5,9237,1,748,Mid,Finance,445,1
13159,2005,54,9,21,31,1,5,5,4037,4,448,Senior,Education,86,1
13160,2008,58,7,49,24,6,3,2,6854,2,320,Entry,Finance,325,1
13161,2001,69,0,18,22,9,3,4,9349,1,144,Senior,Manufacturing,98,1
13162,2019,36,2,41,4,15,2,3,3249,3,277,Executive,Technology,398,1
13163,2000,23,10,27,40,4,4,3,1543,0,611,Mid,Finance,123,1
13164,2017,62,4,28,29,15,2,5,791,5,13,Entry,Finance,485,1
13165,1999,28,4,33,38,8,3,5,8628,4,261,Mid,Technology,475,1
13166,2008,53,9,42,26,2,2,4,5170,5,413,Mid,Manufacturing,6,1
13167,1983,25,1,31,36,1,4,3,6043,1,493,Senior,Education,133,0
13168,1986,41,9,42,6,14,4,4,6098,1,46,Entry,Education,282,1
13169,2007,57,7,44,4,3,3,2,7448,0,736,Mid,Healthcare,1,1
13170,2007,53,4,49,14,1,4,4,7211,2,915,Mid,Education,389,1
13171,1983,49,6,27,7,10,2,5,4782,0,655,Senior,Education,316,0
13172,2001,34,6,35,8,6,1,0,0,2,195,Mid,Finance,159,1
13173,1991,22,4,40,10,9,4,2,3959,1,289,Executive,Healthcare,156,1
13174,2024,56,7,21,21,5,2,3,4364,0,768,Executive,Education,225,1
13175,1982,69,8,41,33,7,2,3,1716,5,972,Entry,Finance,320,1
13176,2001,51,3,7,34,12,2,5,3636,5,431,Entry,Healthcare,142,1
13177,2023,57,3,40,12,4,4,5,7870,1,519,Senior,Finance,393,1
13178,1981,46,7,9,10,1,1,2,7361,0,789,Mid,Technology,265,0
13179,2003,37,0,50,31,12,3,5,5671,1,323,Senior,Manufacturing,265,1
13180,2013,40,3,19,14,3,3,0,0,5,801,Senior,Manufacturing,36,0
13181,2006,22,5,10,37,0,4,2,5726,5,955,Executive,Manufacturing,287,1
13182,2020,26,3,14,0,1,4,5,7557,1,428,Mid,Education,291,1
13183,1980,43,5,36,23,3,0,1,7782,1,292,Executive,Manufacturing,319,1
13184,1987,45,4,27,39,5,5,0,0,3,376,Executive,Manufacturing,472,1
13185,2002,64,8,21,21,3,1,2,2405,0,534,Entry,Healthcare,398,1
13186,2017,66,9,50,2,3,2,1,7887,3,83,Senior,Healthcare,72,1
13187,1985,58,8,24,13,13,5,4,8003,1,766,Executive,Other,15,1
13188,2001,57,3,48,1,10,2,0,0,4,372,Entry,Healthcare,360,0
13189,2004,57,3,45,31,9,5,4,9094,5,23,Entry,Education,82,1
13190,1997,25,7,19,37,15,3,1,8532,2,986,Mid,Other,173,1
13191,1996,57,9,48,32,9,5,3,2881,0,908,Mid,Other,377,1
13192,1991,39,3,50,5,1,4,3,6710,0,324,Executive,Manufacturing,427,0
13193,1985,37,1,26,40,15,1,5,643,5,847,Entry,Education,75,1
13194,2005,62,1,10,38,8,3,3,20,2,315,Entry,Education,290,1
13195,2006,39,0,8,24,11,5,4,677,3,549,Entry,Education,380,1
13196,1987,43,4,27,33,9,1,0,0,2,943,Senior,Education,50,1
13197,1998,23,5,48,10,7,4,4,2650,4,220,Entry,Education,362,1
13198,2021,42,8,49,36,7,2,4,3469,1,921,Senior,Education,185,1
13199,1980,57,4,23,40,4,0,3,7886,2,213,Mid,Other,4,1
13200,2008,65,5,49,6,2,1,4,4183,2,471,Executive,Manufacturing,421,1
13201,2024,60,5,35,21,5,2,1,7086,1,844,Mid,Healthcare,261,1
13202,2014,68,2,48,38,13,1,2,7377,5,490,Executive,Other,178,1
13203,2019,60,3,7,9,8,1,2,5684,0,84,Entry,Finance,141,0
13204,1993,50,0,32,20,7,1,2,2687,5,384,Executive,Finance,431,0
13205,2014,47,3,7,5,6,4,5,6596,4,3,Executive,Finance,267,1
13206,2024,42,0,18,0,13,3,3,1416,5,706,Mid,Technology,113,1
13207,1999,38,4,22,33,10,1,3,4405,2,113,Executive,Healthcare,469,1
13208,1992,37,10,31,13,14,4,2,7074,2,214,Entry,Manufacturing,492,1
13209,2017,52,10,14,35,7,0,0,0,0,335,Senior,Education,179,1
13210,1987,30,7,19,26,15,3,5,759,4,876,Entry,Finance,488,1
13211,2022,52,7,23,8,3,4,2,3501,1,652,Executive,Healthcare,369,1
13212,1999,35,4,13,5,5,0,4,8192,1,166,Mid,Manufacturing,67,1
13213,2012,58,9,8,30,14,3,2,2088,3,286,Entry,Finance,106,1
13214,2005,23,1,19,16,14,4,2,3656,4,919,Executive,Healthcare,58,1
13215,2018,69,5,12,35,13,0,0,0,4,494,Mid,Other,273,1
13216,2000,67,0,5,20,4,4,3,211,2,383,Senior,Manufacturing,436,1
13217,2021,35,6,11,26,11,0,3,7975,3,846,Mid,Other,30,1
13218,2022,54,10,35,40,1,1,4,3722,1,516,Executive,Healthcare,34,1
13219,2020,56,3,22,27,7,1,2,303,4,126,Mid,Education,259,1
13220,1988,60,4,16,15,2,3,1,4786,4,432,Executive,Healthcare,8,0
13221,2003,68,5,34,34,13,0,4,3772,0,85,Mid,Healthcare,108,1
13222,2016,41,10,37,35,4,1,3,1781,1,597,Mid,Technology,142,1
13223,2020,23,0,11,34,7,3,0,0,0,906,Mid,Education,41,1
13224,1996,62,8,32,18,10,2,3,8999,3,535,Executive,Other,186,1
13225,2003,40,9,7,20,14,1,3,6739,4,44,Mid,Healthcare,84,1
13226,2000,58,3,47,32,8,1,0,0,3,969,Executive,Education,351,0
13227,2018,39,7,10,22,12,5,2,9968,5,622,Entry,Healthcare,200,1
13228,2020,37,4,35,5,15,4,2,4203,0,289,Senior,Education,367,1
13229,2018,25,10,42,31,14,2,3,1353,1,906,Entry,Manufacturing,287,1
13230,1992,33,7,19,21,8,0,4,8371,4,696,Senior,Finance,335,1
13231,1990,50,0,11,2,13,3,1,9072,5,234,Executive,Technology,300,1
13232,1998,28,7,47,34,4,2,4,6274,5,156,Entry,Finance,260,0
13233,1990,35,10,34,15,1,0,5,1830,1,405,Senior,Healthcare,489,1
13234,1992,33,10,31,24,6,1,4,4698,3,672,Senior,Healthcare,158,1
13235,2024,56,3,21,16,15,5,3,4002,5,504,Entry,Manufacturing,152,1
13236,1980,26,1,22,38,10,3,3,2800,2,711,Entry,Healthcare,183,1
13237,2019,38,10,26,12,10,3,1,6902,1,121,Executive,Other,256,1
13238,2023,63,5,30,27,6,2,1,4263,5,944,Senior,Education,316,0
13239,1998,53,1,31,10,14,4,1,222,1,223,Executive,Other,66,1
13240,1991,31,4,44,9,11,0,3,2237,1,999,Executive,Finance,212,1
13241,1987,64,1,28,38,12,5,3,2578,4,876,Mid,Healthcare,219,1
13242,1987,38,2,12,23,7,5,4,1778,3,22,Executive,Manufacturing,322,1
13243,2024,26,10,25,37,7,2,3,620,3,196,Senior,Technology,425,1
13244,1991,66,5,33,23,15,4,5,9405,4,478,Mid,Other,351,1
13245,2012,63,0,47,32,15,4,2,4054,1,284,Executive,Finance,223,1
13246,2024,30,5,25,16,4,4,2,7466,1,517,Executive,Manufacturing,496,0
13247,2005,54,2,7,35,14,3,1,5430,2,307,Senior,Manufacturing,93,1
13248,2018,57,6,35,34,0,0,3,6379,5,344,Mid,Finance,58,1
13249,2007,57,1,31,5,12,0,5,4263,1,600,Entry,Manufacturing,177,1
13250,1984,39,5,50,15,10,2,2,2240,5,990,Entry,Technology,460,1
13251,1987,30,7,31,27,12,1,4,8043,0,889,Mid,Technology,289,0
13252,2004,50,0,13,40,3,2,0,0,5,397,Mid,Healthcare,111,1
13253,2006,35,10,37,31,3,0,4,2240,1,784,Mid,Education,323,1
13254,2002,46,10,37,25,14,3,0,0,2,463,Mid,Healthcare,181,1
13255,2009,36,8,30,10,10,2,5,6535,0,795,Entry,Education,465,1
13256,2024,27,4,32,24,2,1,4,6744,2,776,Executive,Finance,223,1
13257,2002,63,4,48,30,7,5,2,8284,5,114,Senior,Manufacturing,397,1
13258,1999,50,4,47,20,2,2,3,1238,2,635,Entry,Healthcare,159,1
13259,1997,36,5,35,2,12,4,0,0,5,449,Senior,Manufacturing,453,0
13260,1997,50,1,5,11,4,1,3,4608,3,771,Entry,Healthcare,362,1
13261,1981,25,5,24,39,1,4,5,7502,5,403,Mid,Healthcare,336,1
13262,1983,39,10,16,40,5,3,3,3470,4,680,Entry,Technology,263,1
13263,2009,65,3,21,24,14,0,2,4201,2,547,Entry,Education,162,1
13264,2012,60,7,19,16,5,2,5,5351,1,228,Mid,Finance,279,1
13265,2015,37,10,38,37,7,2,1,5413,3,645,Executive,Manufacturing,2,1
13266,1997,32,8,20,35,7,4,1,7432,0,243,Mid,Healthcare,80,1
13267,2016,35,8,8,35,0,4,0,0,5,64,Executive,Manufacturing,291,1
13268,1998,24,7,12,18,4,0,2,7437,4,236,Entry,Technology,178,1
13269,2007,63,2,38,1,1,2,3,3901,3,945,Entry,Finance,359,1
13270,2019,59,9,50,16,9,0,4,3628,2,959,Senior,Education,336,1
13271,1999,66,10,29,29,11,4,4,1768,3,2,Senior,Education,440,1
13272,2012,63,10,19,9,4,5,5,5352,1,499,Entry,Healthcare,314,1
13273,1991,39,3,32,34,9,4,0,0,1,36,Senior,Finance,93,0
13274,1994,41,0,13,35,11,1,0,0,1,620,Executive,Education,216,1
13275,2020,69,8,6,32,8,4,0,0,4,249,Mid,Finance,21,1
13276,2018,46,4,21,0,3,4,2,9923,3,2,Entry,Manufacturing,420,1
13277,1981,59,5,14,17,7,5,4,7742,3,234,Entry,Technology,458,1
13278,2008,34,2,13,3,0,0,5,8283,2,416,Senior,Finance,125,1
13279,2020,25,10,35,26,7,1,2,4854,0,954,Entry,Finance,267,0
13280,1989,35,9,6,24,5,1,5,8922,1,250,Entry,Education,404,1
13281,1981,54,7,28,27,7,2,2,5049,0,142,Executive,Other,142,1
13282,1990,49,6,23,21,5,5,3,5557,0,759,Executive,Healthcare,267,1
13283,1992,58,0,21,24,10,3,2,4432,1,55,Mid,Healthcare,341,1
13284,1989,29,9,47,16,2,2,2,8891,1,60,Entry,Other,102,1
13285,1993,65,4,14,11,14,2,3,7987,2,67,Senior,Other,55,1
13286,1997,55,9,32,15,11,2,1,5020,4,78,Mid,Other,226,1
13287,1988,65,8,42,36,14,1,3,3014,1,326,Senior,Manufacturing,105,1
13288,2018,26,10,32,15,10,0,0,0,0,366,Entry,Education,143,1
13289,2007,26,5,5,16,7,4,1,2016,2,707,Senior,Education,32,1
13290,1982,52,7,7,30,4,1,4,977,3,957,Senior,Technology,116,1
13291,1999,66,9,19,14,11,4,5,4210,2,706,Mid,Healthcare,170,1
13292,1985,30,0,14,12,9,4,2,7034,1,534,Entry,Education,304,1
13293,2006,63,9,25,39,15,3,1,1258,5,525,Mid,Other,333,1
13294,1981,53,10,41,26,4,2,4,1297,1,389,Entry,Manufacturing,17,1
13295,2008,54,6,19,20,14,3,3,7397,4,288,Executive,Technology,235,1
13296,2017,24,2,27,1,11,2,3,6872,2,520,Mid,Healthcare,399,1
13297,1982,51,8,18,7,6,1,0,0,1,651,Entry,Healthcare,167,1
13298,1995,33,5,19,6,5,4,0,0,0,753,Executive,Healthcare,450,1
13299,2009,50,4,14,9,8,3,1,2942,0,252,Executive,Technology,362,1
13300,2019,24,7,13,3,6,5,5,448,2,738,Executive,Manufacturing,445,1
13301,1981,47,7,48,40,2,1,2,9429,4,884,Mid,Manufacturing,345,1
13302,1996,51,2,43,35,10,1,3,4500,5,94,Executive,Education,334,0
13303,2020,30,1,9,34,10,5,1,8524,2,690,Entry,Education,355,1
13304,1991,47,1,29,2,11,2,1,6133,4,2,Mid,Healthcare,154,1
13305,2014,23,4,46,17,4,4,5,165,0,695,Senior,Other,239,1
13306,2022,24,9,30,23,8,2,1,4832,1,45,Executive,Finance,117,1
13307,1980,67,6,12,31,10,2,0,0,3,803,Mid,Education,375,1
13308,2024,25,7,26,33,12,1,5,9891,1,652,Senior,Manufacturing,382,1
13309,1994,46,9,29,1,14,2,3,9605,0,524,Mid,Healthcare,80,1
13310,2005,34,7,16,1,9,0,0,0,5,697,Executive,Manufacturing,397,0
13311,2016,60,7,13,9,13,5,0,0,0,481,Executive,Healthcare,449,1
13312,2000,65,9,14,22,1,5,5,7748,1,596,Senior,Technology,410,1
13313,2010,56,10,14,14,0,4,5,4744,1,417,Entry,Education,309,1
13314,2004,44,2,13,11,10,5,1,9879,5,42,Executive,Other,494,1
13315,2002,30,10,30,16,7,2,4,446,5,895,Senior,Technology,343,1
13316,2003,23,1,39,17,7,2,4,96,0,667,Executive,Education,443,1
13317,2017,62,3,31,13,1,3,4,2426,1,695,Entry,Other,167,1
13318,2007,65,0,35,16,13,4,1,3257,3,558,Senior,Other,172,1
13319,2000,52,2,23,14,12,4,2,4726,3,930,Entry,Other,354,1
13320,2022,65,10,47,11,7,5,3,6851,2,205,Executive,Manufacturing,323,1
13321,1997,68,8,42,15,4,2,1,8694,3,721,Senior,Manufacturing,217,1
13322,2015,23,6,10,31,1,0,1,8189,0,274,Mid,Finance,227,1
13323,2014,53,6,19,22,6,3,0,0,0,594,Entry,Manufacturing,451,0
13324,2024,39,0,33,37,6,0,4,6740,2,96,Executive,Healthcare,190,1
13325,1988,34,6,49,33,2,2,5,6714,4,178,Executive,Finance,225,1
13326,2017,67,9,9,33,13,4,1,661,2,866,Entry,Healthcare,460,1
13327,2009,26,6,18,15,0,4,2,8672,4,147,Senior,Finance,167,0
13328,2023,63,3,6,33,10,0,3,6879,4,796,Mid,Healthcare,296,1
13329,2013,65,6,27,39,15,1,2,4662,1,383,Executive,Finance,188,1
13330,2011,31,7,48,6,3,2,1,7815,5,71,Entry,Education,192,1
13331,1982,64,2,50,32,1,4,1,3261,3,216,Entry,Other,0,1
13332,1982,46,9,23,3,3,5,0,0,4,720,Mid,Education,8,1
13333,2007,55,1,28,6,7,1,2,4860,1,832,Mid,Finance,74,1
13334,2023,58,6,24,17,1,4,0,0,2,805,Executive,Technology,335,0
13335,1994,51,4,31,3,0,5,5,7856,2,432,Mid,Finance,348,1
13336,2020,28,4,28,10,10,4,2,9309,4,635,Entry,Technology,483,1
13337,2002,27,4,21,19,13,1,4,6690,1,500,Senior,Other,142,1
13338,2019,24,6,29,10,15,0,5,5331,0,861,Senior,Healthcare,314,1
13339,1990,34,8,50,14,14,2,4,3440,5,667,Entry,Finance,486,1
13340,2011,24,10,35,16,14,1,2,741,5,32,Entry,Technology,193,1
13341,2015,47,7,32,33,2,1,0,0,3,780,Entry,Other,9,1
13342,2012,45,5,32,11,9,4,4,7731,4,215,Executive,Finance,432,1
13343,2003,27,6,26,27,6,5,1,2921,0,939,Entry,Education,138,1
13344,2018,64,8,9,34,12,1,3,7374,3,100,Mid,Education,29,1
13345,2013,63,10,48,7,11,2,0,0,0,469,Entry,Finance,278,1
13346,2007,33,5,46,26,5,0,5,5561,5,179,Entry,Finance,277,1
13347,2016,57,0,12,21,5,5,5,5634,1,638,Executive,Manufacturing,434,1
13348,1986,23,3,42,23,6,0,2,910,4,332,Entry,Other,41,1
13349,1983,32,7,32,1,7,0,5,4702,0,487,Mid,Education,227,0
13350,2016,60,6,16,30,2,2,3,1418,0,459,Mid,Healthcare,284,1
13351,1980,55,2,29,21,2,4,3,5798,0,376,Mid,Finance,428,1
13352,1980,47,9,42,0,9,5,1,7698,5,680,Entry,Manufacturing,479,1
13353,1999,39,2,48,13,12,5,5,4038,4,816,Executive,Other,416,1
13354,1998,42,10,19,24,7,2,0,0,1,877,Executive,Finance,422,1
13355,2008,57,2,48,35,15,5,3,131,1,134,Executive,Education,200,1
13356,1989,61,0,45,35,15,1,0,0,0,803,Mid,Technology,320,0
13357,1997,67,9,38,40,11,3,1,152,1,604,Executive,Other,209,0
13358,2007,65,0,49,2,12,3,2,2478,3,732,Entry,Technology,177,1
13359,2014,43,5,17,4,13,3,3,8674,1,409,Entry,Education,367,1
13360,2022,51,0,12,0,12,0,3,6116,0,154,Senior,Healthcare,85,1
13361,2010,64,4,17,18,6,5,3,304,3,279,Mid,Other,47,1
13362,2006,51,3,40,32,9,2,5,2519,4,478,Senior,Manufacturing,292,1
13363,1990,29,4,10,29,4,5,0,0,2,198,Senior,Finance,205,0
13364,2017,55,6,42,11,15,2,3,992,5,848,Mid,Finance,341,1
13365,1984,68,5,36,9,3,5,0,0,1,752,Mid,Finance,416,1
13366,1987,30,8,25,33,5,0,5,7597,3,416,Senior,Manufacturing,389,1
13367,2013,41,5,48,15,8,1,4,8906,2,97,Entry,Manufacturing,346,1
13368,1991,61,8,48,39,5,3,4,1709,4,249,Senior,Education,325,1
13369,2017,46,3,11,28,7,3,0,0,2,913,Mid,Manufacturing,310,1
13370,1980,40,0,30,14,0,5,5,9249,4,104,Entry,Finance,427,1
13371,2010,26,0,19,10,11,0,4,470,0,772,Senior,Other,305,0
13372,1983,32,9,46,33,13,3,1,3465,0,640,Senior,Finance,309,1
13373,2024,36,6,27,35,5,5,1,8932,5,326,Senior,Manufacturing,190,1
13374,1984,29,2,42,29,13,4,4,3566,5,889,Mid,Manufacturing,360,1
13375,2009,40,1,45,34,13,5,2,8704,4,481,Senior,Education,15,1
13376,2003,44,5,19,8,1,2,0,0,2,770,Mid,Technology,127,1
13377,1982,48,5,44,17,2,3,4,3285,5,803,Entry,Manufacturing,302,0
13378,1990,61,6,20,18,5,3,0,0,1,930,Executive,Technology,184,1
13379,2024,53,4,36,38,1,4,5,284,2,946,Entry,Healthcare,129,1
13380,1983,47,7,41,3,3,1,4,3277,5,376,Senior,Technology,164,1
13381,2005,48,6,22,5,5,5,1,2631,2,651,Mid,Manufacturing,92,1
13382,2006,40,1,24,32,4,1,5,1757,1,14,Senior,Finance,278,1
13383,2022,63,0,50,31,5,5,2,5479,2,899,Entry,Finance,212,1
13384,2006,50,8,6,15,14,4,0,0,2,695,Executive,Manufacturing,140,1
13385,2021,60,4,27,10,5,1,2,5787,3,480,Executive,Education,114,1
13386,1985,62,10,34,21,7,0,1,9437,4,15,Mid,Other,320,1
13387,1994,54,4,7,35,8,4,3,9604,0,732,Entry,Manufacturing,476,1
13388,2009,40,9,50,22,4,5,3,5449,5,901,Entry,Manufacturing,303,1
13389,2021,58,3,43,25,5,2,0,0,5,574,Mid,Other,6,1
13390,2016,40,1,5,30,5,2,5,9608,5,752,Mid,Education,414,1
13391,2016,54,4,45,28,5,2,1,8549,4,484,Mid,Education,446,1
13392,2021,68,1,26,4,1,5,0,0,2,278,Senior,Healthcare,428,1
13393,2016,37,6,33,37,15,3,5,6048,1,332,Senior,Healthcare,55,1
13394,2014,44,10,18,24,3,4,0,0,1,939,Mid,Healthcare,191,1
13395,2002,28,8,32,33,0,4,0,0,0,256,Mid,Education,21,1
13396,1985,47,8,25,11,13,1,2,3141,0,184,Executive,Technology,318,1
13397,1983,53,10,49,21,11,4,4,4553,0,587,Executive,Manufacturing,79,1
13398,1997,33,5,36,8,15,4,1,196,1,26,Senior,Healthcare,283,1
13399,1988,29,0,10,19,0,1,2,1874,2,24,Executive,Technology,427,1
13400,2008,26,5,5,28,0,4,5,5830,0,853,Mid,Manufacturing,102,1
13401,1992,63,4,25,28,6,4,4,6679,0,61,Entry,Other,216,1
13402,1996,49,3,8,26,15,0,0,0,1,993,Mid,Other,141,1
13403,2024,26,5,7,16,0,5,3,937,5,657,Executive,Other,497,1
13404,2011,47,5,34,4,15,1,2,2194,2,232,Senior,Technology,84,1
13405,2001,26,5,35,12,15,0,1,4125,0,463,Mid,Other,402,1
13406,1983,43,1,38,14,5,3,1,6250,2,348,Mid,Finance,443,1
13407,1984,36,6,23,14,1,1,4,8581,3,285,Executive,Finance,76,1
13408,2016,34,3,24,17,5,5,2,8162,5,413,Entry,Other,257,0
13409,2020,49,8,27,1,5,4,0,0,5,595,Mid,Manufacturing,306,1
13410,1992,54,9,44,22,11,4,4,7178,0,686,Senior,Technology,227,1
13411,2013,64,1,29,12,10,0,5,8538,0,405,Senior,Technology,77,1
13412,2024,44,4,19,3,2,0,1,8310,1,380,Entry,Other,161,1
13413,2001,54,3,42,24,14,3,5,8054,5,169,Executive,Education,81,1
13414,2002,64,8,27,10,7,3,2,4615,3,289,Entry,Healthcare,215,1
13415,1982,39,3,6,11,10,5,3,9430,3,958,Senior,Manufacturing,477,1
13416,2021,51,7,19,12,3,4,5,2466,3,515,Mid,Technology,50,1
13417,2013,47,7,48,8,12,2,0,0,4,286,Senior,Healthcare,402,1
13418,2011,37,5,39,37,6,3,1,2759,1,306,Entry,Other,163,1
13419,2024,34,5,14,5,3,4,2,1708,1,561,Senior,Manufacturing,250,1
13420,2000,60,10,18,9,0,3,3,5408,0,781,Executive,Technology,212,1
13421,2023,54,7,31,22,5,1,1,6377,1,7,Entry,Other,210,1
13422,2000,47,9,18,14,4,0,3,6404,0,356,Senior,Finance,373,0
13423,2023,69,8,39,22,8,4,1,7076,0,580,Mid,Technology,409,1
13424,1990,22,4,37,39,14,3,4,6221,4,903,Mid,Finance,162,1
13425,2018,59,10,5,36,13,0,4,4837,1,138,Entry,Other,318,1
13426,1983,23,0,38,33,13,2,4,8863,1,510,Mid,Finance,359,1
13427,1980,27,0,23,15,14,3,2,9963,4,247,Entry,Education,387,1
13428,2007,67,1,28,40,8,4,4,1685,4,540,Mid,Other,84,1
13429,2003,59,9,46,31,11,1,2,2485,1,182,Senior,Other,2,1
13430,2014,63,9,8,37,10,0,0,0,1,724,Mid,Education,4,1
13431,1992,45,4,40,39,12,0,4,7940,0,422,Senior,Healthcare,234,1
13432,2013,39,3,17,4,7,1,2,3601,2,396,Entry,Manufacturing,412,1
13433,1990,48,0,36,16,14,4,1,1453,5,831,Mid,Healthcare,374,1
13434,2015,62,3,13,21,6,5,2,3206,0,304,Executive,Education,274,1
13435,1996,29,3,43,38,13,2,5,6712,3,18,Executive,Healthcare,370,1
13436,2014,49,9,20,40,1,5,2,2990,3,382,Executive,Manufacturing,400,1
13437,1997,31,3,7,17,13,1,5,7546,2,962,Mid,Manufacturing,289,1
13438,2019,38,0,24,27,7,2,1,1350,5,225,Senior,Technology,19,0
13439,2001,50,8,14,12,2,4,2,6342,4,229,Entry,Healthcare,411,1
13440,2003,27,2,26,0,5,3,1,7338,3,850,Mid,Education,328,1
13441,1998,35,3,7,18,9,3,5,5434,4,607,Entry,Technology,194,1
13442,2016,43,4,15,33,6,5,3,3949,4,494,Entry,Healthcare,393,1
13443,2018,27,6,29,3,11,4,4,1279,0,483,Mid,Other,148,1
13444,2000,47,5,46,2,5,2,5,5998,4,626,Senior,Manufacturing,488,1
13445,1987,60,4,12,40,4,5,0,0,2,358,Executive,Education,115,1
13446,2007,33,7,13,9,3,1,2,9535,0,691,Entry,Other,3,1
13447,1984,56,0,19,27,1,5,1,6119,2,372,Entry,Healthcare,21,1
13448,1996,35,6,36,33,8,4,4,2295,4,77,Mid,Manufacturing,326,1
13449,2016,43,5,7,38,13,4,2,3,3,326,Entry,Manufacturing,189,1
13450,2015,44,10,8,18,15,3,4,2560,5,275,Mid,Other,11,1
13451,1998,69,4,34,35,6,1,3,6981,4,351,Entry,Healthcare,394,1
13452,2006,28,6,17,2,6,3,2,30,2,877,Senior,Healthcare,405,1
13453,2013,61,2,48,22,3,2,1,5952,1,181,Senior,Education,412,1
13454,1990,46,0,25,16,13,2,3,9844,1,504,Executive,Technology,188,0
13455,2024,34,8,45,6,15,0,2,8132,3,606,Executive,Manufacturing,316,1
13456,1991,42,1,50,25,4,4,4,9490,5,597,Senior,Technology,26,1
13457,2000,62,9,23,17,5,1,3,885,2,388,Executive,Technology,430,1
13458,1990,31,2,43,5,11,1,1,7492,3,606,Executive,Manufacturing,339,1
13459,2018,30,7,26,30,10,3,2,9392,0,334,Executive,Healthcare,141,1
13460,2007,36,9,24,28,11,5,4,4843,4,445,Senior,Manufacturing,6,1
13461,1984,23,8,41,8,1,5,4,4038,0,508,Executive,Other,398,1
13462,1996,46,2,35,34,3,3,5,2290,1,656,Mid,Technology,429,1
13463,1999,34,5,14,16,14,5,3,3894,4,247,Executive,Education,411,1
13464,2020,55,6,22,11,12,1,2,4596,0,692,Mid,Manufacturing,426,1
13465,1991,55,0,47,35,3,3,5,204,1,292,Executive,Education,9,1
13466,1985,56,6,43,23,11,5,4,9675,5,530,Mid,Healthcare,178,1
13467,1996,59,3,50,9,12,0,3,5502,0,137,Executive,Healthcare,2,1
13468,1998,24,4,24,29,3,4,0,0,4,555,Mid,Other,459,0
13469,2005,63,7,22,28,6,0,4,7820,0,737,Executive,Education,460,1
13470,2023,27,3,15,38,12,5,3,8140,4,944,Mid,Education,102,1
13471,2023,69,3,26,9,6,2,0,0,0,344,Senior,Manufacturing,299,1
13472,2011,40,7,48,38,6,1,3,8016,3,36,Entry,Healthcare,53,1
13473,1985,24,4,22,27,6,0,4,226,5,313,Entry,Education,161,1
13474,2015,39,5,38,17,1,0,0,0,0,219,Senior,Finance,448,1
13475,2017,60,10,27,40,4,3,3,7482,0,639,Senior,Manufacturing,229,1
13476,1990,30,4,5,16,9,3,2,2099,3,142,Mid,Manufacturing,344,1
13477,2012,33,0,14,10,1,3,0,0,1,403,Mid,Finance,210,0
13478,2003,26,6,5,0,15,5,3,7290,4,694,Executive,Healthcare,280,1
13479,2002,24,5,42,16,4,2,2,4566,2,908,Executive,Education,446,1
13480,1994,32,1,43,35,11,0,0,0,1,403,Entry,Education,69,0
13481,2006,51,10,13,35,5,4,3,9512,4,554,Entry,Healthcare,300,1
13482,1990,25,6,35,8,15,3,4,2661,0,478,Mid,Finance,67,0
13483,1996,26,5,11,27,2,2,0,0,1,721,Mid,Finance,281,1
13484,1993,22,4,21,32,5,5,0,0,0,936,Senior,Finance,281,1
13485,2006,48,7,39,2,14,2,2,3750,1,559,Mid,Manufacturing,153,0
13486,1997,49,4,41,7,4,3,5,6757,1,823,Executive,Education,461,0
13487,2007,50,10,22,5,3,1,5,3654,2,219,Senior,Technology,445,1
13488,1983,39,1,37,5,9,0,3,2567,3,366,Mid,Manufacturing,223,1
13489,1986,33,5,8,28,8,3,4,1096,1,195,Executive,Manufacturing,367,1
13490,2024,34,0,27,36,10,4,2,3098,0,983,Executive,Education,347,1
13491,2014,62,4,15,11,15,0,0,0,2,683,Entry,Healthcare,188,1
13492,1988,23,5,13,8,15,2,5,7967,1,748,Senior,Other,385,1
13493,1987,58,6,34,40,13,4,2,6728,3,968,Entry,Education,40,1
13494,2024,66,1,12,18,7,0,2,5328,0,686,Senior,Healthcare,172,1
13495,1996,37,0,44,16,11,4,2,7778,2,945,Senior,Education,468,1
13496,1996,69,5,9,31,6,2,0,0,4,31,Entry,Manufacturing,237,1
13497,2012,45,2,16,34,10,3,1,3614,5,735,Entry,Other,269,1
13498,2011,56,4,5,13,14,4,2,847,3,53,Mid,Finance,164,1
13499,1987,43,10,19,15,0,3,1,3616,4,422,Senior,Manufacturing,129,1
13500,1998,57,1,29,20,8,2,5,2704,4,980,Mid,Manufacturing,4,0
13501,2017,32,0,22,11,15,2,4,6754,2,697,Senior,Technology,357,1
13502,1982,67,0,42,23,8,4,5,3893,2,233,Executive,Manufacturing,129,1
13503,1984,50,10,46,33,5,4,4,2994,2,828,Mid,Manufacturing,384,0
13504,1992,56,3,50,7,6,2,4,4533,4,742,Entry,Manufacturing,175,1
13505,2010,69,9,30,20,12,4,5,1500,5,109,Executive,Other,21,1
13506,1995,36,1,44,7,15,4,3,2442,0,986,Entry,Technology,40,1
13507,2011,52,0,7,27,2,4,0,0,2,878,Executive,Healthcare,152,1
13508,2001,63,5,26,15,4,5,1,9757,3,99,Executive,Other,45,1
13509,2008,62,3,30,9,6,4,3,7341,2,711,Mid,Other,349,1
13510,2001,64,9,23,14,0,0,1,9935,5,210,Entry,Technology,8,1
13511,2022,37,6,48,3,11,2,0,0,2,732,Mid,Finance,444,1
13512,1982,31,10,48,25,0,2,2,4417,5,402,Executive,Healthcare,100,1
13513,1989,53,5,43,14,4,1,5,2666,2,836,Senior,Other,46,1
13514,2021,23,4,40,35,8,3,3,9401,4,149,Senior,Other,329,1
13515,2000,45,9,25,31,6,1,0,0,5,674,Executive,Technology,206,1
13516,1995,44,1,45,37,0,4,5,7152,0,393,Entry,Finance,240,1
13517,1991,23,4,30,3,12,4,3,841,2,654,Entry,Finance,2,1
13518,1981,59,8,17,40,12,0,4,4778,4,257,Entry,Education,263,1
13519,2020,52,8,40,8,14,0,3,2071,3,244,Senior,Education,408,1
13520,2003,61,1,28,34,15,0,2,1284,0,149,Mid,Other,35,1
13521,2014,47,6,45,27,15,0,2,1378,4,623,Entry,Other,298,1
13522,2009,50,9,30,36,11,0,1,6339,5,98,Mid,Manufacturing,242,1
13523,2009,24,3,25,8,4,0,3,2658,1,102,Entry,Healthcare,237,1
13524,2014,35,2,22,1,14,0,4,3561,3,722,Entry,Technology,433,0
13525,1998,46,10,19,2,7,0,2,6007,3,11,Entry,Manufacturing,318,0
13526,1987,69,0,19,4,7,5,1,5452,1,892,Mid,Healthcare,468,1
13527,2005,22,2,10,9,11,0,4,4012,4,225,Mid,Other,417,0
13528,2019,24,10,47,27,1,2,4,1978,4,957,Mid,Education,218,1
13529,1986,47,8,35,14,6,0,4,4416,5,812,Executive,Technology,200,1
13530,2009,39,8,32,13,9,3,0,0,3,441,Senior,Finance,393,1
13531,1986,30,6,12,22,4,0,2,7874,4,147,Executive,Finance,26,1
13532,1982,59,2,33,12,15,5,0,0,1,178,Senior,Manufacturing,88,1
13533,1980,44,2,25,15,8,4,0,0,4,6,Executive,Manufacturing,268,1
13534,2015,42,3,21,29,2,5,2,953,3,151,Senior,Technology,306,1
13535,2004,22,6,28,39,0,5,3,6934,4,834,Mid,Finance,323,1
13536,2016,42,6,40,7,12,4,5,5917,0,581,Senior,Manufacturing,123,1
13537,1980,48,1,35,16,3,0,1,8261,1,352,Entry,Finance,399,1
13538,1994,63,4,38,29,6,0,5,9286,1,564,Mid,Education,395,0
13539,2016,27,6,6,16,0,4,5,5742,2,673,Executive,Manufacturing,280,1
13540,1992,65,6,46,34,1,3,5,4253,4,416,Entry,Other,495,0
13541,2019,57,5,7,0,15,1,5,548,5,604,Entry,Healthcare,254,1
13542,1987,49,9,34,23,13,2,2,1839,1,662,Mid,Manufacturing,432,1
13543,1984,66,9,12,24,15,4,5,1951,4,569,Entry,Education,399,1
13544,1988,38,7,11,1,4,0,1,9250,0,195,Mid,Technology,358,1
13545,1980,61,2,16,24,15,2,3,2507,3,324,Senior,Finance,1,1
13546,2015,24,0,23,13,8,0,2,9074,3,481,Mid,Other,328,0
13547,2014,33,2,30,38,13,1,5,6350,2,207,Mid,Technology,122,1
13548,1981,60,10,32,32,0,1,4,7603,2,935,Executive,Manufacturing,235,1
13549,2019,33,1,19,16,11,4,2,2625,5,302,Entry,Healthcare,382,1
13550,2002,23,1,18,30,3,2,3,5893,1,298,Executive,Technology,76,1
13551,1988,67,1,18,9,11,5,5,7400,5,956,Executive,Healthcare,77,1
13552,2013,43,4,7,5,13,2,0,0,1,425,Executive,Manufacturing,331,0
13553,1993,44,0,33,38,2,5,2,4761,1,61,Executive,Healthcare,162,0
13554,1983,51,9,10,24,13,1,4,7185,0,194,Executive,Healthcare,149,1
13555,2009,26,3,27,37,4,0,2,3566,2,566,Entry,Education,468,1
13556,2010,30,9,32,36,4,5,0,0,2,362,Entry,Technology,47,1
13557,2017,42,4,18,29,9,5,2,9700,3,560,Entry,Manufacturing,113,1
13558,1990,32,1,18,33,1,4,4,8504,2,617,Executive,Education,63,1
13559,2014,26,4,24,17,4,3,3,1844,2,944,Entry,Healthcare,450,1
13560,1987,56,9,17,23,8,1,4,7269,0,77,Executive,Education,149,1
13561,1982,48,3,31,26,4,5,3,1533,5,886,Entry,Education,72,1
13562,1993,23,7,39,26,14,1,4,5596,1,928,Entry,Healthcare,46,1
13563,1992,45,0,49,38,10,4,1,4769,5,283,Entry,Manufacturing,295,1
13564,2024,52,4,6,20,9,0,2,9615,0,56,Entry,Finance,361,1
13565,2011,54,10,45,18,1,2,2,2020,4,680,Mid,Education,180,1
13566,2013,60,9,49,38,6,1,0,0,3,375,Entry,Technology,373,1
13567,2024,51,0,44,22,15,4,1,5502,3,375,Entry,Healthcare,258,1
13568,1998,67,9,28,38,14,4,0,0,3,718,Mid,Finance,94,1
13569,2017,58,9,33,14,5,4,2,1691,5,771,Senior,Education,100,1
13570,1995,49,3,7,1,6,2,0,0,1,787,Senior,Healthcare,389,0
13571,1981,52,7,49,34,7,1,3,8519,1,372,Mid,Healthcare,397,1
13572,2019,32,0,8,19,9,5,1,1588,1,856,Senior,Education,82,1
13573,1996,44,10,6,27,4,4,4,3753,3,674,Entry,Other,441,1
13574,2013,23,1,24,14,1,2,3,97,3,243,Executive,Other,81,1
13575,2021,61,0,19,15,6,0,5,4754,5,761,Executive,Technology,120,1
13576,1995,62,10,36,32,6,3,4,6173,5,820,Entry,Healthcare,390,1
13577,2017,48,6,46,11,7,1,0,0,3,38,Entry,Healthcare,483,1
13578,1981,56,1,5,38,6,2,2,8052,4,308,Senior,Education,412,1
13579,1981,23,0,42,38,15,3,3,5018,4,632,Mid,Finance,2,1
13580,2005,60,5,39,19,9,3,1,5704,5,85,Executive,Healthcare,12,1
13581,1992,58,5,11,28,6,2,4,7911,3,98,Entry,Healthcare,163,0
13582,2010,42,9,49,2,13,5,5,8276,1,373,Mid,Education,104,1
13583,2013,26,1,17,4,12,5,3,1277,1,757,Mid,Other,344,1
13584,2018,66,0,5,1,8,2,2,518,4,494,Entry,Healthcare,347,1
13585,1982,42,9,18,22,7,2,1,5426,4,859,Mid,Education,165,1
13586,1987,50,2,33,25,14,4,1,7815,3,905,Executive,Technology,74,1
13587,2002,41,9,7,25,1,0,4,183,3,207,Executive,Education,59,1
13588,1993,59,4,50,6,1,5,3,9164,1,624,Mid,Other,232,1
13589,2006,41,5,28,9,6,4,3,2388,5,982,Entry,Finance,381,1
13590,2008,46,2,5,4,9,3,1,4322,2,82,Mid,Healthcare,72,1
13591,2018,23,8,14,11,14,3,0,0,5,576,Senior,Technology,277,1
13592,2018,53,10,17,31,10,3,1,3827,1,0,Entry,Healthcare,148,1
13593,1980,47,4,40,30,12,2,2,2497,5,436,Entry,Healthcare,122,1
13594,1996,27,1,13,21,14,1,3,3479,1,685,Entry,Other,466,0
13595,2020,62,9,18,16,9,4,4,8757,3,249,Executive,Education,288,1
13596,2009,24,5,40,19,2,1,3,1935,2,409,Entry,Healthcare,3,1
13597,1992,54,7,14,19,0,0,1,6275,2,737,Entry,Other,480,0
13598,2000,22,10,44,7,8,0,2,9018,3,385,Executive,Technology,236,1
13599,1998,26,5,27,33,15,4,0,0,0,795,Executive,Other,207,1
13600,1998,34,3,39,22,13,3,3,98,3,83,Executive,Other,171,1
13601,2004,40,5,11,37,14,5,1,1769,4,489,Entry,Other,384,1
13602,2001,33,7,46,27,13,0,5,1804,5,238,Entry,Manufacturing,445,1
13603,2010,69,7,39,12,13,1,1,9252,2,922,Executive,Other,206,1
13604,1996,46,9,6,28,2,1,1,8112,3,539,Executive,Healthcare,149,1
13605,2002,56,1,19,7,0,5,2,4170,1,379,Senior,Other,223,0
13606,2011,33,7,13,10,5,2,1,401,1,798,Executive,Education,58,1
13607,1989,51,5,21,17,3,3,1,8379,5,942,Mid,Finance,292,1
13608,1989,26,1,43,24,13,2,1,8330,1,390,Senior,Healthcare,150,1
13609,2015,55,0,22,21,0,4,3,142,3,327,Executive,Other,160,1
13610,1987,43,5,19,34,15,0,1,220,0,479,Executive,Other,112,1
13611,1999,60,6,22,28,3,5,2,4240,4,970,Executive,Education,231,1
13612,2011,34,9,28,20,7,5,5,7001,1,303,Executive,Healthcare,405,1
13613,1993,68,4,27,6,15,5,3,387,3,281,Mid,Manufacturing,447,1
13614,2007,24,9,16,11,10,2,5,5991,0,694,Executive,Manufacturing,487,1
13615,2003,41,7,27,35,6,2,1,559,2,344,Entry,Technology,382,1
13616,1994,52,10,25,23,14,4,0,0,2,134,Senior,Manufacturing,445,1
13617,2001,26,8,30,31,11,1,5,1771,5,467,Executive,Education,373,1
13618,2009,45,3,12,26,0,1,2,8556,4,360,Entry,Manufacturing,437,0
13619,1983,61,6,34,31,9,4,0,0,3,568,Mid,Education,185,1
13620,1992,54,7,38,31,11,5,2,7676,3,114,Senior,Healthcare,238,1
13621,2002,29,5,6,31,8,1,0,0,1,185,Executive,Technology,246,1
13622,1987,45,1,9,25,5,4,1,2068,0,477,Senior,Other,139,1
13623,1997,41,6,35,10,15,1,0,0,4,887,Executive,Other,111,1
13624,1991,37,8,37,17,1,4,5,516,0,0,Mid,Other,401,1
13625,2010,33,4,8,38,2,1,0,0,4,849,Mid,Technology,479,1
13626,1993,34,1,10,4,6,5,2,660,3,967,Senior,Other,194,0
13627,2013,66,3,27,15,2,2,1,3416,3,540,Senior,Manufacturing,443,1
13628,1997,63,2,49,10,12,2,2,8521,4,743,Senior,Other,124,0
13629,2013,60,3,23,34,2,5,1,377,0,661,Mid,Other,355,0
13630,1990,46,9,47,10,4,1,5,159,5,991,Entry,Finance,238,1
13631,2020,67,6,49,22,2,5,4,9455,2,423,Senior,Manufacturing,493,1
13632,1991,53,9,12,33,2,4,3,4174,2,701,Executive,Other,0,1
13633,1994,45,7,43,16,10,2,5,2199,1,269,Mid,Finance,120,1
13634,2010,69,0,17,9,4,0,5,9416,1,759,Senior,Manufacturing,88,1
13635,2008,68,7,5,17,13,1,3,6276,5,897,Mid,Education,19,1
13636,2005,65,4,10,7,4,0,2,1988,0,418,Senior,Education,272,1
13637,1997,30,6,11,25,15,0,5,6777,5,326,Mid,Other,176,1
13638,2011,61,10,31,2,11,3,1,6312,3,194,Mid,Other,405,1
13639,2001,44,10,19,23,8,0,0,0,0,892,Senior,Finance,113,1
13640,2017,34,0,38,2,0,0,5,865,4,254,Executive,Technology,416,1
13641,1996,53,1,27,37,13,5,3,8582,2,78,Mid,Finance,281,1
13642,2002,36,0,28,1,0,3,5,9600,1,874,Executive,Healthcare,26,1
13643,2003,57,4,19,34,10,3,2,4915,0,97,Executive,Technology,187,0
13644,1987,26,5,39,16,13,3,2,6241,0,149,Mid,Finance,417,0
13645,2020,43,9,8,8,8,4,2,7135,4,785,Mid,Healthcare,86,1
13646,1985,37,8,48,35,4,3,1,1554,3,813,Mid,Healthcare,79,1
13647,1984,62,7,41,21,3,5,5,4047,3,849,Executive,Other,461,1
13648,2023,31,6,21,30,1,4,2,131,2,446,Mid,Manufacturing,179,1
13649,2008,45,4,35,33,11,1,4,3679,5,122,Mid,Other,54,1
13650,2007,39,2,42,23,8,4,0,0,5,609,Mid,Finance,246,1
13651,1990,39,8,14,8,5,1,2,3076,1,675,Mid,Education,499,1
13652,1980,28,4,31,1,14,3,1,1521,3,557,Senior,Other,316,1
13653,2022,25,2,46,20,8,3,0,0,3,358,Mid,Manufacturing,433,1
13654,1998,47,2,10,33,4,1,0,0,3,238,Executive,Other,232,1
13655,1988,26,2,10,26,3,2,3,9933,5,741,Executive,Other,446,1
13656,2006,37,5,19,36,6,5,2,1203,0,804,Entry,Technology,447,1
13657,2013,56,0,8,6,4,4,2,8432,3,755,Senior,Education,269,0
13658,2023,47,10,44,21,7,5,5,3391,5,529,Senior,Healthcare,381,1
13659,1983,39,3,11,3,7,5,1,3721,4,682,Entry,Technology,108,0
13660,2015,50,7,49,13,12,0,4,6775,5,871,Executive,Manufacturing,473,1
13661,1997,44,2,30,33,1,3,5,7160,2,668,Executive,Other,237,1
13662,1994,35,4,35,22,12,4,4,7875,3,203,Mid,Healthcare,377,1
13663,1992,36,1,6,24,14,5,3,9395,1,657,Entry,Other,306,1
13664,1998,54,1,32,0,4,4,4,1887,0,990,Executive,Healthcare,368,1
13665,1985,46,10,46,14,9,5,1,4270,4,142,Entry,Healthcare,154,1
13666,1991,42,6,17,31,7,3,3,8389,5,186,Entry,Education,167,1
13667,2016,38,9,22,13,2,5,2,7705,2,487,Senior,Manufacturing,67,1
13668,1996,44,2,34,40,6,1,4,4194,0,121,Executive,Manufacturing,264,1
13669,2002,64,4,15,20,2,3,1,744,4,349,Executive,Other,439,1
13670,2005,38,2,17,6,14,4,1,5546,0,99,Mid,Education,474,1
13671,2008,35,5,28,35,5,2,2,452,2,283,Executive,Manufacturing,234,1
13672,2012,50,9,33,20,1,5,1,3262,2,948,Senior,Healthcare,38,1
13673,2006,41,2,9,39,5,1,3,7745,3,526,Executive,Healthcare,142,1
13674,2004,51,7,39,11,5,3,3,498,1,383,Mid,Other,344,1
13675,1989,40,1,23,14,7,0,5,140,3,554,Executive,Healthcare,17,1
13676,2002,60,2,17,14,4,3,0,0,5,800,Entry,Manufacturing,51,1
13677,2000,34,7,9,16,13,4,2,675,0,897,Senior,Finance,444,0
13678,2000,39,7,48,33,0,4,1,3505,3,186,Mid,Technology,221,1
13679,2022,44,0,18,34,14,0,4,3602,2,7,Mid,Finance,292,1
13680,1992,67,7,42,38,7,1,5,6675,2,623,Entry,Education,79,1
13681,2016,54,9,26,37,11,4,3,9109,2,544,Senior,Finance,180,1
13682,2012,60,1,13,13,8,1,2,6504,3,418,Executive,Other,139,1
13683,2003,61,6,44,4,0,1,2,4803,5,913,Senior,Finance,208,1
13684,2023,39,5,30,29,4,3,3,1730,5,89,Senior,Other,408,0
13685,1990,30,1,49,3,11,1,0,0,4,495,Senior,Education,334,1
13686,1996,54,4,9,14,5,5,2,7811,3,660,Senior,Finance,280,1
13687,1983,53,6,33,38,3,4,1,7028,3,959,Senior,Technology,404,1
13688,2004,38,7,26,34,13,4,4,3718,3,923,Senior,Manufacturing,121,1
13689,2009,40,2,7,9,10,2,4,7088,3,723,Entry,Education,210,1
13690,1988,48,0,32,1,1,1,3,1624,2,115,Mid,Finance,343,0
13691,2000,27,6,42,23,4,2,2,1806,1,684,Entry,Healthcare,134,1
13692,1999,56,4,18,27,13,3,4,9646,3,19,Executive,Healthcare,500,1
13693,1998,58,4,18,21,13,2,2,8545,3,890,Mid,Education,459,1
13694,1998,55,6,47,31,3,1,3,2933,1,131,Mid,Healthcare,176,0
13695,1991,41,0,15,30,12,4,0,0,3,291,Executive,Technology,38,1
13696,2016,46,7,13,18,6,3,4,7787,1,353,Mid,Finance,74,1
13697,2021,25,9,42,20,5,1,1,3945,2,236,Executive,Technology,352,1
13698,1996,31,4,48,2,2,3,5,7058,4,588,Senior,Technology,48,1
13699,2016,31,7,10,5,8,0,3,4848,3,222,Senior,Manufacturing,216,1
13700,2018,45,9,5,31,13,1,5,8421,4,435,Mid,Finance,245,1
13701,2007,42,9,29,1,3,0,0,0,3,637,Mid,Education,230,1
13702,2020,32,4,20,23,14,2,1,6459,0,38,Senior,Healthcare,417,1
13703,2014,48,6,19,26,15,1,5,4857,5,326,Senior,Manufacturing,254,1
13704,1997,37,9,38,8,10,0,1,7738,0,208,Executive,Technology,202,1
13705,1993,47,2,21,12,4,5,4,237,2,105,Mid,Healthcare,143,1
13706,2014,51,1,7,13,13,4,2,3772,4,651,Mid,Finance,351,1
13707,2023,37,5,7,10,2,2,3,7735,4,248,Entry,Technology,398,1
13708,2020,28,4,41,13,7,1,1,2781,1,566,Senior,Technology,295,1
13709,1986,37,8,21,15,10,1,4,7087,1,629,Senior,Finance,462,1
13710,2020,56,9,42,9,6,4,0,0,3,861,Mid,Education,6,1
13711,1992,37,3,5,19,10,4,1,1052,1,687,Entry,Manufacturing,100,1
13712,1997,61,10,11,15,10,0,0,0,1,353,Executive,Finance,295,1
13713,2016,33,2,30,33,14,0,3,5254,4,469,Executive,Healthcare,449,1
13714,1992,56,8,43,15,6,0,4,350,0,724,Senior,Healthcare,325,1
13715,2015,42,7,23,13,7,3,0,0,4,264,Entry,Technology,227,0
13716,2010,64,5,34,27,6,2,2,4445,1,651,Entry,Other,102,1
13717,1981,57,0,47,17,2,1,5,9496,3,976,Executive,Manufacturing,485,0
13718,1995,69,9,18,25,2,2,0,0,0,463,Senior,Education,91,1
13719,1988,38,10,17,37,1,4,0,0,1,836,Mid,Education,277,1
13720,1988,53,0,24,6,12,5,4,7750,1,850,Entry,Other,356,1
13721,2017,62,5,30,33,0,2,4,467,5,440,Mid,Healthcare,186,1
13722,1990,27,2,31,6,4,2,1,3277,3,283,Senior,Education,388,0
13723,2001,45,2,29,32,11,0,5,5361,3,784,Executive,Healthcare,145,1
13724,2012,48,5,13,34,3,4,0,0,1,533,Entry,Manufacturing,266,0
13725,2015,41,2,45,38,15,2,0,0,1,930,Mid,Other,118,0
13726,2024,46,10,16,20,14,1,4,6592,4,368,Entry,Technology,263,1
13727,2002,23,9,14,27,12,0,2,4325,2,698,Entry,Healthcare,275,1
13728,2024,30,5,10,31,10,2,4,1064,3,718,Entry,Manufacturing,202,1
13729,2024,49,4,38,15,1,4,2,4888,3,658,Senior,Other,58,1
13730,2013,59,3,45,9,0,5,5,9885,5,494,Mid,Healthcare,346,1
13731,1988,24,7,23,22,13,1,4,2394,4,945,Entry,Finance,476,0
13732,2003,41,1,10,14,13,5,5,8278,0,153,Mid,Healthcare,152,1
13733,1987,27,10,6,5,2,4,3,2920,5,619,Senior,Manufacturing,185,1
13734,1986,60,6,19,32,12,4,0,0,5,315,Entry,Education,114,1
13735,2015,54,3,21,38,5,4,5,3,0,299,Entry,Healthcare,274,1
13736,1997,22,1,20,11,12,5,2,5940,0,439,Entry,Technology,380,1
13737,1982,58,6,32,35,1,3,3,8048,3,994,Mid,Manufacturing,385,1
13738,2007,27,0,25,30,9,1,2,9713,2,810,Mid,Education,361,1
13739,1985,66,3,12,9,14,4,1,1977,2,150,Entry,Manufacturing,486,1
13740,2023,55,8,14,33,12,3,1,9666,4,969,Mid,Healthcare,235,0
13741,2023,68,3,14,40,6,0,0,0,0,405,Mid,Finance,441,1
13742,2000,36,2,14,9,10,3,3,9072,0,174,Entry,Finance,65,1
13743,2007,66,9,13,10,6,0,3,9593,1,54,Entry,Technology,262,0
13744,2019,47,9,32,13,10,5,1,1750,4,778,Executive,Other,50,1
13745,1980,35,1,28,2,2,3,0,0,5,310,Executive,Other,350,1
13746,2015,28,2,23,32,13,5,5,9336,5,153,Entry,Technology,416,1
13747,2000,67,0,37,6,0,4,1,9830,4,896,Senior,Education,330,1
13748,2022,52,9,8,3,8,3,3,8340,3,499,Entry,Finance,231,1
13749,2014,45,7,7,38,10,3,2,4247,3,995,Entry,Healthcare,359,1
13750,1992,52,0,46,9,4,4,3,7732,4,500,Entry,Manufacturing,493,1
13751,1989,50,2,16,14,1,0,0,0,2,189,Entry,Manufacturing,12,1
13752,2023,63,2,22,15,14,4,3,2043,4,505,Entry,Finance,393,1
13753,1989,53,1,27,37,7,1,4,1702,2,148,Entry,Finance,368,1
13754,1992,38,4,24,3,11,3,3,5947,3,7,Entry,Manufacturing,314,1
13755,2016,35,9,10,3,9,1,4,1387,4,659,Entry,Education,293,1
13756,2017,61,2,38,35,9,4,1,9855,2,684,Executive,Manufacturing,19,1
13757,2003,57,2,46,26,3,5,5,5826,1,592,Executive,Technology,212,1
13758,1981,69,7,6,21,10,4,4,9442,1,590,Executive,Healthcare,269,1
13759,2001,45,3,34,21,9,2,3,4462,4,468,Senior,Finance,471,0
13760,1996,66,3,13,16,11,1,5,2036,0,320,Mid,Other,39,1
13761,2015,48,2,31,33,6,2,5,6405,4,571,Senior,Finance,134,0
13762,1993,46,10,46,31,13,1,3,6789,3,450,Senior,Education,452,1
13763,1989,53,0,38,5,12,5,3,6119,3,606,Entry,Technology,261,0
13764,2014,39,7,44,32,4,2,0,0,1,823,Executive,Manufacturing,423,1
13765,2004,67,0,28,7,12,2,1,9746,2,127,Entry,Technology,180,1
13766,1982,39,6,21,35,2,1,4,8982,1,633,Entry,Technology,226,1
13767,2017,58,4,33,4,9,4,2,6863,2,286,Executive,Education,264,1
13768,1996,47,3,40,4,7,0,4,1948,4,852,Entry,Education,105,1
13769,1991,30,3,16,9,1,4,3,5178,0,86,Mid,Other,320,1
13770,2003,56,7,35,39,0,0,2,5104,3,893,Mid,Manufacturing,486,1
13771,2008,29,10,13,6,4,1,2,4143,4,80,Senior,Other,403,1
13772,2022,41,10,23,11,10,3,4,9627,1,533,Executive,Manufacturing,389,1
13773,2004,63,5,50,29,3,4,4,2848,5,251,Mid,Healthcare,95,1
13774,2015,43,0,50,24,10,2,4,8305,5,189,Senior,Technology,460,0
13775,2005,40,9,21,27,15,4,4,2343,4,823,Entry,Manufacturing,294,1
13776,2017,51,7,6,12,9,1,1,4533,0,597,Senior,Education,487,0
13777,1980,49,1,44,21,14,3,0,0,2,483,Senior,Healthcare,122,1
13778,1999,56,5,9,17,6,3,0,0,0,378,Mid,Other,276,1
13779,2007,64,8,43,26,14,4,4,2634,1,455,Senior,Healthcare,36,1
13780,1995,32,0,20,7,12,4,0,0,0,878,Executive,Education,267,1
13781,1996,52,5,21,5,8,5,4,5766,3,7,Entry,Manufacturing,197,1
13782,2019,69,7,31,10,15,4,4,9586,5,317,Executive,Education,254,1
13783,2007,60,9,11,28,5,1,4,1509,0,333,Entry,Manufacturing,14,1
13784,1991,57,1,12,40,10,0,5,2319,4,229,Executive,Education,404,1
13785,2006,51,4,12,4,0,5,1,6105,2,663,Entry,Education,84,1
13786,2021,44,5,27,6,14,0,3,8671,3,507,Executive,Finance,91,1
13787,2009,40,4,36,21,15,2,0,0,3,789,Entry,Manufacturing,99,1
13788,2020,33,2,47,3,7,1,0,0,3,526,Mid,Technology,464,0
13789,2013,36,3,22,31,1,5,1,8395,1,979,Senior,Finance,173,1
13790,2016,52,6,42,18,3,3,1,3349,1,474,Senior,Finance,454,0
13791,1985,64,3,16,32,2,5,4,4211,4,923,Senior,Finance,214,1
13792,1986,58,8,19,0,5,2,4,391,2,405,Senior,Finance,364,1
13793,2011,58,10,32,40,1,3,5,7951,0,286,Entry,Technology,85,1
13794,2011,36,9,42,40,4,5,5,6831,4,968,Executive,Finance,393,1
13795,2004,50,1,35,7,10,3,3,2773,1,759,Executive,Other,81,1
13796,2012,64,4,13,31,15,4,0,0,4,766,Mid,Technology,321,1
13797,1986,47,7,12,29,8,3,1,1238,2,445,Senior,Other,373,1
13798,1991,65,4,50,27,14,5,3,6712,4,342,Senior,Technology,459,1
13799,1995,23,9,23,40,2,3,0,0,5,324,Mid,Other,492,1
13800,1995,41,7,12,31,1,1,3,6470,5,876,Senior,Finance,116,0
13801,2022,36,7,38,24,1,4,3,9727,3,166,Mid,Healthcare,166,1
13802,2015,25,8,8,33,14,4,4,7491,0,592,Senior,Technology,241,1
13803,1992,43,9,35,32,8,2,3,368,1,295,Executive,Finance,277,1
13804,1986,59,5,42,12,5,4,4,4909,1,580,Mid,Education,490,1
13805,2015,44,3,7,24,1,0,0,0,5,182,Executive,Education,341,1
13806,1988,47,10,39,39,2,1,5,9290,2,838,Senior,Manufacturing,425,0
13807,2011,32,2,23,38,14,2,0,0,2,575,Executive,Technology,469,1
13808,1990,49,4,47,9,13,0,4,9583,2,775,Executive,Technology,133,1
13809,1987,23,5,33,30,0,3,5,6206,1,838,Entry,Other,365,1
13810,2012,29,2,14,10,1,0,2,1647,3,85,Senior,Education,179,1
13811,2002,50,1,16,24,14,2,5,9870,0,555,Entry,Technology,164,1
13812,2004,32,6,50,33,1,4,3,2824,2,805,Mid,Technology,211,1
13813,1987,58,10,34,19,10,1,0,0,1,884,Entry,Education,5,1
13814,2024,39,4,34,6,1,2,3,5909,3,148,Senior,Finance,72,1
13815,2001,35,8,22,32,6,0,5,3781,2,771,Entry,Other,412,1
13816,1983,31,2,28,34,2,0,2,3128,2,927,Entry,Education,356,1
13817,2019,56,7,36,28,12,2,3,9464,0,822,Senior,Healthcare,452,1
13818,1982,30,5,13,11,14,5,2,1979,5,860,Executive,Education,434,1
13819,2008,56,3,28,4,13,5,1,6612,0,955,Mid,Other,76,1
13820,2020,32,8,30,11,10,2,2,6022,4,58,Entry,Education,282,1
13821,2008,65,4,7,28,3,5,0,0,5,605,Senior,Other,214,1
13822,2013,33,9,27,34,1,2,5,9768,5,834,Entry,Finance,164,1
13823,2013,24,5,15,19,4,4,4,7832,5,4,Mid,Education,173,1
13824,2007,60,8,14,36,13,2,4,9661,2,82,Mid,Education,97,1
13825,1992,35,6,40,0,8,3,3,9171,4,839,Mid,Finance,24,1
13826,1994,49,4,17,15,11,1,5,1255,1,382,Entry,Education,420,1
13827,2002,32,1,33,29,8,1,1,9833,0,548,Executive,Finance,150,1
13828,2023,60,3,42,8,6,3,3,299,5,478,Executive,Healthcare,219,1
13829,2005,46,1,17,9,11,0,2,7809,5,26,Executive,Finance,153,1
13830,1983,42,2,30,12,7,0,4,4521,3,524,Senior,Technology,75,0
13831,2005,31,9,24,19,12,0,2,3042,2,901,Executive,Technology,375,1
13832,2019,64,2,9,28,13,0,4,8592,2,576,Executive,Other,435,1
13833,1988,36,3,24,3,4,4,4,1280,4,413,Mid,Finance,230,1
13834,1984,40,5,18,27,4,3,4,9053,0,714,Senior,Education,2,0
13835,2011,69,2,49,36,11,1,5,4589,5,179,Mid,Manufacturing,72,1
13836,1999,43,9,18,12,2,3,0,0,5,808,Entry,Manufacturing,110,1
13837,1990,42,0,12,2,5,1,5,6632,4,990,Entry,Healthcare,334,0
13838,1994,65,0,17,36,0,0,2,2784,2,463,Mid,Healthcare,71,1
13839,2011,53,8,28,18,2,4,5,7398,0,782,Senior,Manufacturing,411,1
13840,2007,44,8,19,27,10,2,3,6708,2,900,Executive,Manufacturing,254,0
13841,2001,34,4,5,18,1,2,1,7173,0,526,Executive,Finance,217,1
13842,2020,26,8,26,16,6,5,3,4159,2,0,Senior,Manufacturing,207,1
13843,1996,25,10,38,17,8,0,5,9303,3,270,Executive,Technology,248,1
13844,2005,49,6,44,17,3,0,2,9248,5,483,Executive,Healthcare,289,1
13845,2023,35,8,7,22,6,3,1,9287,4,955,Mid,Other,339,1
13846,1986,29,6,30,39,7,4,3,2300,0,47,Entry,Healthcare,64,1
13847,2021,30,8,18,8,9,4,1,6250,4,693,Senior,Technology,471,1
13848,2005,56,1,45,28,1,3,2,7969,0,998,Senior,Healthcare,284,1
13849,2004,58,10,12,28,6,4,4,3991,0,182,Executive,Manufacturing,3,1
13850,1989,42,10,20,1,15,4,2,513,5,839,Executive,Healthcare,195,1
13851,2024,39,7,46,16,12,2,0,0,0,372,Entry,Technology,118,1
13852,1998,54,6,25,30,11,4,1,6552,2,725,Senior,Healthcare,189,1
13853,1990,29,5,14,27,2,0,2,8312,1,538,Mid,Other,165,1
13854,1992,38,4,29,38,15,2,4,9693,2,506,Entry,Other,450,1
13855,1987,64,3,42,29,7,0,4,2847,1,737,Mid,Other,231,0
13856,2019,52,6,26,34,5,0,2,1117,5,669,Entry,Other,129,1
13857,1983,55,2,50,19,2,3,3,8696,5,971,Mid,Manufacturing,476,1
13858,2010,27,7,8,15,7,5,2,9815,2,505,Mid,Other,368,1
13859,2007,43,1,8,33,10,4,4,7861,1,571,Mid,Other,91,1
13860,1990,35,0,34,13,12,4,2,2238,5,65,Senior,Finance,331,1
13861,2022,24,10,6,25,2,4,0,0,0,685,Executive,Other,124,0
13862,1980,33,1,33,19,8,4,3,2433,0,51,Senior,Manufacturing,299,1
13863,2017,57,8,47,23,10,2,2,8994,1,997,Mid,Other,206,1
13864,2003,33,4,40,17,2,1,4,7009,1,469,Executive,Healthcare,113,1
13865,2010,66,10,25,8,15,0,2,7166,4,242,Mid,Other,360,1
13866,2020,23,7,25,18,15,5,2,4373,0,336,Entry,Education,350,1
13867,2005,23,2,25,19,0,5,1,8146,2,802,Executive,Healthcare,372,1
13868,1984,36,6,8,29,12,1,2,1471,4,755,Senior,Other,100,1
13869,1999,44,1,5,25,1,1,0,0,1,120,Mid,Other,31,1
13870,2020,50,7,30,30,3,1,4,1428,5,553,Executive,Healthcare,469,1
13871,1990,38,6,6,34,12,2,5,4874,2,695,Senior,Technology,130,1
13872,2012,53,4,13,2,15,1,1,7923,3,44,Entry,Education,16,1
13873,2017,28,10,49,39,10,2,5,4306,3,51,Mid,Technology,476,1
13874,2006,51,3,22,28,1,3,2,3781,5,150,Senior,Other,247,1
13875,2013,49,0,46,5,3,3,3,2317,3,412,Executive,Technology,374,1
13876,1994,35,4,45,0,3,5,0,0,5,540,Entry,Manufacturing,395,1
13877,2011,65,8,15,23,3,3,0,0,2,568,Mid,Finance,63,1
13878,2000,51,9,29,37,15,2,0,0,5,497,Senior,Healthcare,446,1
13879,1984,38,3,30,33,0,2,1,9036,1,786,Entry,Education,77,1
13880,1985,53,8,40,6,8,0,2,5111,2,208,Entry,Healthcare,199,1
13881,2017,67,1,46,10,9,1,0,0,4,7,Senior,Technology,40,1
13882,2001,27,3,39,10,10,4,2,3287,4,945,Mid,Finance,257,0
13883,1997,45,8,42,35,6,4,3,5440,3,390,Senior,Technology,180,1
13884,1993,27,3,7,19,1,1,2,2861,1,246,Entry,Healthcare,289,1
13885,1989,48,4,45,15,2,4,5,638,4,394,Entry,Manufacturing,124,0
13886,1992,39,10,39,4,12,4,2,8684,0,706,Executive,Healthcare,343,0
13887,2010,45,7,44,23,7,4,2,5725,0,833,Mid,Technology,111,1
13888,2009,58,0,26,29,6,5,4,2175,3,338,Senior,Education,467,1
13889,1982,45,0,12,29,3,2,5,5595,3,411,Mid,Education,234,1
13890,2009,59,8,19,38,3,2,1,1485,3,951,Mid,Education,499,1
13891,1985,55,8,49,36,8,2,2,6581,4,539,Entry,Education,201,1
13892,2008,61,3,11,32,15,1,0,0,1,344,Executive,Education,39,0
13893,1987,68,1,23,19,14,3,4,5221,5,842,Senior,Other,198,1
13894,2023,36,8,44,21,4,5,2,8750,5,295,Senior,Finance,448,1
13895,2024,32,3,46,40,13,5,4,3748,3,234,Executive,Finance,310,1
13896,2022,43,5,21,20,12,4,1,9161,2,641,Executive,Manufacturing,125,1
13897,2023,45,0,5,36,10,0,4,5032,3,587,Entry,Education,73,1
13898,2012,22,8,49,26,4,2,0,0,5,444,Entry,Technology,178,0
13899,1996,39,4,33,37,14,5,2,4009,5,232,Senior,Technology,4,1
13900,1990,65,2,17,34,6,5,0,0,5,741,Executive,Healthcare,311,1
13901,1992,33,3,33,37,0,0,3,8277,4,843,Mid,Education,117,1
13902,1990,64,0,45,39,2,4,4,5443,1,881,Mid,Technology,231,1
13903,2010,49,8,46,5,1,5,4,6307,3,920,Executive,Other,148,1
13904,2007,61,7,10,31,10,5,4,3128,0,996,Senior,Manufacturing,313,1
13905,2023,28,3,9,15,9,3,5,4301,3,862,Mid,Technology,200,1
13906,1985,44,1,38,27,5,0,1,6027,3,309,Mid,Other,348,0
13907,2020,42,8,15,15,10,4,5,5409,1,912,Executive,Other,30,1
13908,1995,55,3,13,26,11,4,0,0,2,943,Entry,Manufacturing,236,1
13909,1983,32,8,42,2,5,2,3,3208,3,907,Mid,Education,429,1
13910,2014,43,9,44,20,9,3,1,3440,3,700,Entry,Healthcare,154,1
13911,2005,63,2,45,37,0,4,1,1545,5,477,Mid,Healthcare,197,1
13912,1991,56,6,13,37,13,3,2,3507,4,513,Senior,Finance,106,1
13913,1990,50,6,12,29,13,2,3,29,1,335,Entry,Education,158,1
13914,2016,63,9,48,21,5,0,4,9663,4,576,Senior,Technology,168,1
13915,2004,49,3,44,18,9,5,5,1409,5,51,Entry,Healthcare,300,1
13916,1997,39,1,7,30,15,5,4,3679,3,545,Executive,Other,419,1
13917,1998,35,10,17,19,1,1,2,8720,3,300,Executive,Manufacturing,257,1
13918,2002,39,8,23,18,10,1,5,5147,0,751,Mid,Other,61,1
13919,2017,49,3,38,1,3,1,4,125,4,640,Senior,Manufacturing,148,1
13920,1997,45,7,36,39,5,5,0,0,5,242,Entry,Technology,161,1
13921,2005,29,1,20,38,2,3,4,6642,1,355,Senior,Technology,85,1
13922,1985,63,7,40,26,2,1,5,3258,3,819,Senior,Education,12,1
13923,1983,66,10,22,7,11,0,0,0,0,834,Mid,Technology,274,1
13924,2023,29,9,18,26,15,4,2,8141,0,609,Executive,Technology,416,1
13925,2008,25,4,34,14,2,3,2,8932,2,587,Entry,Technology,123,1
13926,2013,48,6,6,11,15,5,0,0,1,823,Mid,Healthcare,357,1
13927,1996,57,6,17,13,3,0,5,7953,0,441,Senior,Education,103,1
13928,2022,26,8,31,6,8,5,5,8482,1,876,Executive,Technology,48,1
13929,2022,54,2,21,16,3,3,4,1693,3,730,Executive,Technology,2,1
13930,1995,55,9,35,25,12,3,2,5887,2,817,Entry,Other,421,0
13931,1981,51,3,19,36,3,3,2,4644,5,612,Executive,Other,249,1
13932,2013,29,9,24,19,3,2,0,0,1,118,Senior,Manufacturing,252,1
13933,1987,60,3,9,9,6,4,2,2821,5,408,Executive,Healthcare,210,0
13934,1992,68,9,11,18,4,1,4,3662,2,651,Senior,Technology,70,1
13935,2021,47,4,22,17,11,2,2,5194,5,370,Entry,Healthcare,270,1
13936,1987,58,5,15,29,1,4,0,0,1,736,Senior,Education,37,1
13937,2009,55,2,36,29,15,5,4,2967,5,766,Executive,Education,152,1
13938,2011,28,3,31,24,6,1,3,3961,1,72,Executive,Other,316,0
13939,2015,61,2,30,23,2,2,0,0,4,448,Entry,Finance,469,1
13940,2009,49,1,41,9,10,2,3,6870,2,823,Entry,Manufacturing,214,0
13941,1980,60,9,49,1,0,0,2,1544,1,817,Executive,Finance,433,1
13942,2022,60,8,32,37,8,2,4,5225,4,470,Entry,Healthcare,9,1
13943,2018,49,0,6,31,4,3,2,9972,4,155,Senior,Manufacturing,99,1
13944,1996,35,1,24,34,9,5,4,7986,2,770,Mid,Other,356,1
13945,1999,59,7,8,36,0,2,1,4882,3,933,Senior,Technology,433,1
13946,2003,25,6,17,6,10,3,2,4433,2,575,Senior,Other,378,1
13947,2001,63,0,28,6,0,4,2,7034,1,309,Entry,Other,489,1
13948,2008,39,4,42,26,0,4,2,9248,3,35,Mid,Manufacturing,297,1
13949,2001,65,9,44,9,11,3,5,9637,2,247,Executive,Manufacturing,233,1
13950,2023,69,5,49,32,8,0,0,0,2,427,Entry,Education,198,1
13951,1988,46,4,33,6,15,0,5,1204,2,43,Senior,Finance,435,1
13952,2016,28,3,40,5,12,4,4,7947,2,452,Mid,Education,173,1
13953,1989,59,0,6,5,7,5,4,7319,3,118,Entry,Education,216,1
13954,2015,49,6,45,12,10,2,4,3583,1,348,Senior,Finance,39,1
13955,2016,26,8,22,12,12,4,0,0,4,692,Senior,Education,185,0
13956,2007,24,5,12,1,14,4,4,7140,2,908,Executive,Manufacturing,488,1
13957,2007,65,2,19,18,12,3,5,2038,4,939,Executive,Healthcare,279,0
13958,2021,52,9,45,18,5,0,5,8179,4,387,Mid,Technology,68,1
13959,2022,68,3,21,37,9,5,2,9924,4,69,Senior,Technology,248,1
13960,2000,63,9,27,1,14,3,3,5926,2,946,Senior,Education,84,1
13961,2003,41,4,6,25,14,4,1,8223,2,869,Executive,Finance,167,1
13962,2021,40,0,10,5,5,1,4,2974,5,453,Senior,Manufacturing,403,0
13963,2019,69,4,33,19,5,2,0,0,2,266,Executive,Education,28,1
13964,1981,32,0,31,22,3,4,0,0,2,730,Senior,Manufacturing,36,1
13965,1987,61,8,41,14,4,3,4,8298,0,437,Executive,Manufacturing,19,0
13966,2006,24,6,38,5,9,1,3,3793,1,365,Executive,Other,145,1
13967,2001,44,2,22,27,2,1,5,201,0,701,Mid,Technology,259,1
13968,2016,28,8,46,34,2,4,4,7956,5,767,Senior,Healthcare,138,1
13969,2006,44,1,14,10,9,5,0,0,3,186,Senior,Healthcare,254,1
13970,2008,28,6,42,7,6,0,1,6007,0,226,Executive,Finance,500,1
13971,1982,67,8,48,23,4,1,3,1794,0,60,Senior,Healthcare,447,1
13972,2023,55,5,21,20,7,2,4,1408,0,167,Executive,Education,85,1
13973,1992,63,9,17,35,4,3,1,916,1,131,Mid,Technology,51,1
13974,2024,40,4,46,6,11,3,4,4431,4,154,Mid,Technology,298,1
13975,1989,30,6,31,4,3,3,3,7778,3,783,Executive,Manufacturing,141,1
13976,2015,69,5,6,28,13,4,0,0,3,721,Entry,Education,121,1
13977,1988,39,4,38,15,2,3,5,6346,1,6,Mid,Education,428,1
13978,2006,62,1,35,5,11,3,5,3166,5,522,Senior,Manufacturing,411,1
13979,2013,69,7,27,13,1,2,3,7344,0,711,Executive,Other,387,0
13980,1980,66,6,11,1,2,0,2,64,4,250,Executive,Other,399,1
13981,2011,63,5,42,24,6,5,5,4648,2,575,Mid,Manufacturing,421,1
13982,2004,46,4,37,30,7,4,4,4319,1,691,Executive,Technology,446,1
13983,2008,35,4,16,12,14,4,1,3650,5,639,Mid,Education,150,1
13984,1986,65,8,49,17,4,3,1,6398,4,261,Executive,Healthcare,332,0
13985,1982,46,0,16,16,10,2,5,2015,5,119,Mid,Healthcare,147,1
13986,1999,40,8,23,27,0,1,3,9513,1,47,Senior,Technology,452,1
13987,1999,60,5,13,11,2,3,3,4024,1,68,Entry,Healthcare,82,1
13988,2009,36,3,14,34,3,3,3,6314,2,888,Entry,Healthcare,148,1
13989,2014,37,9,21,21,15,4,1,8804,5,261,Entry,Education,169,1
13990,2014,48,6,44,38,9,4,0,0,4,741,Entry,Education,324,1
13991,2018,61,8,43,0,12,3,1,1387,5,763,Mid,Finance,269,1
13992,2006,31,4,45,36,12,4,0,0,5,444,Executive,Education,227,1
13993,2005,25,4,14,20,11,2,3,6598,0,961,Entry,Finance,325,1
13994,1993,40,7,16,0,3,1,2,6479,5,478,Executive,Other,4,1
13995,1996,49,6,19,3,11,1,1,4763,4,230,Mid,Education,151,1
13996,1997,42,7,35,31,0,1,3,4109,4,223,Mid,Manufacturing,220,0
13997,2024,68,10,19,0,9,3,1,5535,0,456,Entry,Education,156,1
13998,2008,35,9,32,12,8,5,3,3128,2,718,Senior,Finance,257,1
13999,1999,54,1,8,16,11,3,1,4866,4,852,Entry,Healthcare,5,1
14000,2006,69,8,40,11,9,3,4,5085,5,365,Executive,Education,289,1
14001,1997,31,2,5,6,14,2,1,537,5,948,Entry,Healthcare,203,1
14002,1983,40,5,48,2,14,1,4,7929,0,27,Mid,Healthcare,277,1
14003,1980,51,5,38,25,3,4,0,0,1,876,Mid,Education,387,0
14004,1980,43,1,21,30,1,4,1,5998,1,730,Executive,Education,492,0
14005,2005,24,6,43,35,15,0,0,0,0,900,Executive,Manufacturing,368,1
14006,2024,58,8,42,25,12,0,2,2037,1,848,Executive,Other,133,1
14007,1999,62,9,48,2,8,5,5,9154,4,100,Entry,Finance,322,1
14008,2002,39,10,37,27,13,4,5,1243,0,57,Entry,Education,76,1
14009,1989,32,0,25,16,3,1,4,7117,5,23,Senior,Healthcare,446,1
14010,1990,69,7,30,37,3,3,1,8724,4,414,Executive,Healthcare,470,1
14011,2020,23,1,50,29,10,4,5,3130,3,226,Senior,Education,482,1
14012,2020,33,0,40,1,5,5,0,0,2,168,Senior,Finance,345,0
14013,1984,27,7,9,7,7,5,5,1653,5,488,Mid,Other,115,1
14014,1980,64,1,37,13,4,4,5,8304,5,245,Senior,Healthcare,200,1
14015,1996,61,5,5,36,11,0,3,7974,2,835,Mid,Other,86,1
14016,2001,65,5,10,34,7,1,5,9491,2,723,Executive,Other,67,1
14017,2013,50,4,41,38,0,4,0,0,0,362,Mid,Manufacturing,417,0
14018,2024,51,7,6,10,12,3,5,6920,3,464,Executive,Healthcare,100,1
14019,2020,23,2,9,14,3,3,1,9893,2,429,Entry,Finance,455,1
14020,2008,30,9,30,1,0,2,5,3814,4,777,Senior,Technology,161,1
14021,1983,68,3,45,36,2,3,2,8412,5,420,Executive,Manufacturing,312,1
14022,1984,23,6,17,31,10,4,5,5038,2,916,Entry,Manufacturing,420,1
14023,1990,50,6,16,39,6,4,4,3781,3,20,Entry,Technology,389,1
14024,2000,54,7,9,12,0,3,3,1958,4,635,Executive,Manufacturing,70,1
14025,2014,31,1,6,16,4,0,0,0,4,368,Mid,Manufacturing,172,1
14026,1991,55,10,8,14,0,1,5,6341,0,463,Executive,Manufacturing,168,1
14027,2005,65,1,31,32,5,5,5,5723,0,96,Senior,Healthcare,102,1
14028,1998,29,3,14,15,8,4,1,9224,1,649,Entry,Healthcare,227,1
14029,2024,58,9,17,12,2,3,1,5082,3,491,Mid,Education,132,1
14030,1986,54,8,48,21,10,5,4,4322,4,849,Executive,Education,59,1
14031,1986,68,9,6,22,10,3,3,7301,3,352,Executive,Healthcare,450,1
14032,2005,27,8,30,35,13,4,0,0,2,604,Entry,Manufacturing,144,1
14033,2019,65,3,19,9,11,2,0,0,5,94,Executive,Finance,210,1
14034,1984,61,8,50,16,14,1,0,0,2,23,Senior,Technology,108,1
14035,2000,66,2,14,29,5,4,4,2407,5,379,Mid,Education,192,0
14036,1993,40,4,26,12,3,5,4,7543,1,395,Senior,Manufacturing,356,1
14037,1983,53,9,44,29,5,3,5,935,4,403,Entry,Education,182,1
14038,2002,48,8,29,29,1,2,3,5415,5,965,Mid,Other,8,1
14039,2021,22,5,19,6,3,4,0,0,4,647,Entry,Finance,131,1
14040,1999,64,2,17,9,12,1,0,0,5,845,Entry,Other,425,1
14041,1994,54,9,12,34,12,2,5,4337,1,132,Senior,Manufacturing,429,1
14042,2024,61,8,25,1,6,5,3,6572,2,53,Mid,Healthcare,73,1
14043,2008,53,5,25,29,15,3,3,3950,4,291,Entry,Finance,95,1
14044,1987,26,3,26,18,10,0,3,2658,5,111,Senior,Education,128,0
14045,2020,38,3,50,38,5,1,1,6149,3,421,Senior,Manufacturing,342,1
14046,1998,29,7,37,36,8,2,3,7485,4,130,Mid,Other,370,1
14047,2018,63,6,49,2,10,4,2,3283,5,419,Executive,Manufacturing,400,1
14048,2007,55,0,31,24,6,4,4,1296,5,277,Executive,Technology,371,1
14049,2006,30,5,44,33,0,2,3,1647,2,775,Entry,Technology,221,1
14050,1983,44,7,26,21,5,4,1,8551,4,956,Executive,Other,127,1
14051,1994,56,2,34,37,10,2,2,3452,4,893,Mid,Technology,346,1
14052,2014,28,8,13,13,2,1,1,9356,0,589,Executive,Healthcare,334,1
14053,2016,36,9,49,38,15,4,1,8092,5,774,Mid,Manufacturing,373,1
14054,1980,41,1,39,1,7,1,5,5629,4,67,Entry,Manufacturing,485,1
14055,1982,46,5,22,31,12,3,1,3244,5,573,Executive,Education,6,1
14056,2003,24,0,46,2,0,3,1,7187,1,402,Mid,Healthcare,224,1
14057,2006,67,10,9,40,9,3,0,0,1,874,Mid,Technology,388,1
14058,2019,45,1,31,7,1,3,4,8694,3,174,Mid,Manufacturing,435,1
14059,2015,55,4,10,25,2,4,5,6370,4,279,Senior,Technology,115,1
14060,2013,67,0,36,31,15,2,5,4204,3,463,Entry,Finance,102,1
14061,2008,43,7,12,10,13,4,0,0,2,389,Mid,Healthcare,225,1
14062,2003,32,0,43,0,2,5,2,3812,5,747,Senior,Technology,52,1
14063,2003,69,8,25,14,6,4,0,0,2,135,Senior,Healthcare,374,1
14064,2021,29,9,22,3,12,1,5,7254,0,408,Mid,Other,2,1
14065,1983,60,10,18,3,7,2,2,785,0,223,Entry,Manufacturing,317,1
14066,1982,64,2,19,27,14,0,5,227,4,600,Executive,Finance,31,1
14067,2013,56,1,46,9,8,0,3,4947,4,969,Senior,Education,257,1
14068,2002,67,0,30,10,6,2,2,7477,3,618,Mid,Finance,79,1
14069,2002,59,8,48,22,7,0,5,827,3,552,Entry,Healthcare,123,1
14070,2024,29,3,36,2,10,2,0,0,4,697,Entry,Finance,336,1
14071,1984,58,0,43,38,14,1,5,6256,4,976,Mid,Manufacturing,308,1
14072,2010,48,0,32,38,5,1,0,0,0,187,Senior,Healthcare,395,0
14073,2020,49,6,43,16,1,4,2,6082,0,877,Executive,Healthcare,379,1
14074,1985,61,1,47,21,0,0,0,0,0,386,Entry,Manufacturing,388,0
14075,2016,55,6,36,26,2,2,2,3548,4,8,Executive,Other,259,1
14076,1989,53,6,17,15,8,1,1,7688,3,179,Entry,Technology,311,1
14077,2019,36,9,19,15,15,4,4,59,1,697,Entry,Education,335,1
14078,1986,65,8,22,39,12,0,2,5431,1,443,Entry,Other,209,1
14079,2018,38,6,43,2,6,0,1,2670,3,593,Senior,Other,447,1
14080,2017,54,0,10,32,1,0,1,3339,3,688,Senior,Finance,44,0
14081,2000,68,7,15,1,13,1,1,2789,3,605,Mid,Other,443,0
14082,1999,67,7,36,38,0,1,1,3654,0,900,Executive,Education,403,1
14083,1982,37,3,44,26,1,0,2,5548,2,445,Executive,Education,308,1
14084,2001,50,7,24,14,14,1,0,0,4,115,Mid,Other,328,1
14085,1983,30,3,37,6,2,0,1,7518,0,671,Senior,Manufacturing,271,1
14086,2007,54,7,44,8,15,3,3,2662,1,244,Executive,Technology,226,1
14087,1991,50,4,12,40,13,1,1,201,4,282,Mid,Education,348,0
14088,2017,34,3,39,5,5,2,0,0,3,212,Entry,Healthcare,112,1
14089,2015,42,5,9,11,11,1,0,0,5,663,Executive,Other,29,1
14090,2020,42,1,39,29,8,0,4,7943,1,677,Senior,Technology,275,1
14091,1984,26,1,18,19,7,2,4,3026,3,450,Executive,Manufacturing,361,1
14092,1992,31,1,25,19,9,4,1,3356,5,911,Entry,Other,213,1
14093,2002,27,8,28,26,8,2,1,3973,3,654,Senior,Education,86,1
14094,2009,34,9,21,19,10,2,5,4471,3,24,Senior,Other,435,1
14095,2016,22,2,22,6,10,1,5,4237,4,711,Mid,Manufacturing,291,1
14096,2004,41,9,38,39,7,5,4,3123,1,232,Senior,Finance,21,1
14097,2006,68,3,16,39,6,2,1,2307,1,515,Mid,Manufacturing,384,0
14098,1993,67,9,20,29,5,2,5,6003,3,287,Senior,Healthcare,20,1
14099,2015,29,7,8,7,7,0,3,3790,0,684,Entry,Manufacturing,175,1
14100,2018,31,3,29,1,5,1,2,5935,2,183,Entry,Technology,490,1
14101,1995,30,10,38,13,1,0,4,6521,5,250,Entry,Finance,466,1
14102,2001,62,9,32,9,12,1,4,3110,0,290,Entry,Other,455,1
14103,2000,24,9,50,17,8,4,0,0,4,948,Entry,Other,260,1
14104,2000,32,6,15,17,8,5,1,1601,5,797,Executive,Healthcare,375,1
14105,1987,33,4,17,15,2,2,4,3777,2,358,Entry,Finance,167,1
14106,1995,31,8,35,4,8,1,4,4923,0,623,Senior,Healthcare,220,1
14107,2010,46,3,29,30,1,2,5,5919,5,304,Mid,Other,81,1
14108,2021,46,2,43,36,11,2,3,3778,1,349,Executive,Finance,476,1
14109,1989,32,1,14,19,15,3,1,8513,0,976,Senior,Education,78,1
14110,2011,57,0,28,22,13,0,2,5863,3,338,Entry,Manufacturing,497,1
14111,2013,60,10,5,31,2,5,3,179,4,947,Entry,Technology,300,1
14112,1988,47,5,29,16,15,1,2,3965,0,478,Senior,Technology,158,0
14113,1996,35,9,32,12,13,4,0,0,5,464,Executive,Education,142,1
14114,1990,60,1,40,12,5,5,4,8220,0,129,Mid,Finance,313,1
14115,2011,61,7,22,16,13,3,5,8929,5,186,Mid,Manufacturing,436,1
14116,1989,22,5,10,14,3,0,3,3719,2,420,Mid,Education,44,1
14117,2001,25,4,6,25,7,4,2,6330,3,495,Mid,Finance,450,1
14118,1996,51,1,7,27,0,4,1,54,2,540,Entry,Manufacturing,235,1
14119,1983,33,6,50,29,12,2,0,0,4,669,Executive,Finance,491,1
14120,2004,56,1,12,34,5,0,0,0,4,885,Entry,Technology,169,1
14121,2000,34,4,35,21,1,3,4,7998,5,234,Executive,Manufacturing,224,1
14122,2016,52,1,23,9,5,1,4,2064,3,277,Mid,Technology,407,1
14123,2017,59,10,10,10,13,1,2,4183,2,101,Senior,Technology,293,1
14124,1980,64,9,18,37,15,3,2,3294,3,458,Senior,Manufacturing,306,1
14125,2004,44,10,7,32,0,2,0,0,2,736,Entry,Education,279,0
14126,2015,25,10,5,5,14,2,2,2751,5,786,Senior,Finance,460,0
14127,1996,37,1,48,36,1,4,4,724,5,834,Entry,Manufacturing,90,1
14128,2020,28,6,34,6,8,0,0,0,5,231,Entry,Other,416,1
14129,2003,43,8,50,11,5,4,0,0,1,853,Executive,Technology,146,1
14130,1981,50,4,23,6,7,1,1,9488,3,273,Mid,Finance,280,1
14131,2019,32,6,23,1,6,3,1,8049,4,364,Mid,Manufacturing,69,1
14132,1994,54,3,13,0,8,0,2,9086,2,477,Mid,Education,480,0
14133,2011,50,1,11,22,8,3,2,2499,1,960,Mid,Manufacturing,472,1
14134,2018,60,2,50,24,10,0,4,1329,4,467,Executive,Manufacturing,470,1
14135,1985,33,1,41,17,3,5,4,5117,2,624,Mid,Healthcare,48,1
14136,1980,28,4,45,6,6,1,1,2627,1,900,Mid,Other,16,1
14137,2002,60,5,11,2,4,1,0,0,4,971,Senior,Finance,148,0
14138,2018,63,6,13,28,6,5,3,9361,4,650,Mid,Manufacturing,42,1
14139,1996,69,2,8,9,3,0,5,7057,1,727,Mid,Technology,211,1
14140,2013,47,3,29,4,11,2,5,7865,4,825,Entry,Technology,203,1
14141,2020,61,7,16,33,9,0,3,4294,2,273,Entry,Healthcare,204,1
14142,2008,30,3,10,7,10,1,2,9656,2,327,Mid,Technology,337,1
14143,1988,62,6,22,13,10,3,5,1730,4,860,Entry,Manufacturing,405,1
14144,1992,55,5,44,39,0,4,5,8149,0,183,Senior,Finance,62,1
14145,1985,66,6,25,5,3,3,3,1123,5,917,Senior,Healthcare,23,1
14146,1985,34,0,19,0,14,1,3,7193,1,823,Senior,Other,32,0
14147,1999,57,2,7,32,12,3,1,4621,0,193,Executive,Healthcare,450,1
14148,1982,46,5,6,39,9,2,0,0,2,790,Senior,Education,208,0
14149,1996,45,2,45,10,14,2,4,264,4,271,Mid,Education,486,1
14150,1991,65,6,44,23,2,0,1,2029,3,299,Senior,Finance,479,0
14151,2024,38,8,8,9,8,3,5,6874,3,583,Senior,Finance,272,1
14152,1980,23,2,36,22,4,3,4,9435,5,195,Senior,Healthcare,175,1
14153,1996,34,0,6,15,3,1,1,3766,0,781,Senior,Manufacturing,43,1
14154,1982,52,9,50,36,15,0,1,8587,0,904,Entry,Manufacturing,152,1
14155,2005,50,5,33,15,7,0,3,7056,0,330,Senior,Education,455,1
14156,1994,49,0,6,30,14,3,4,9672,2,751,Senior,Finance,362,1
14157,2015,48,0,38,5,4,4,1,8299,5,485,Entry,Finance,354,1
14158,2011,36,7,31,29,15,3,3,3563,5,619,Entry,Manufacturing,187,1
14159,2011,52,8,43,36,2,3,2,8071,2,498,Executive,Education,284,0
14160,1983,61,1,48,0,15,3,4,7849,5,399,Mid,Manufacturing,11,1
14161,1997,36,8,42,24,1,2,1,6035,4,396,Executive,Manufacturing,355,1
14162,1998,54,4,22,20,14,5,5,7959,2,803,Entry,Healthcare,382,1
14163,2022,41,7,40,34,7,0,2,3196,4,811,Entry,Finance,136,1
14164,2014,63,6,23,37,11,5,3,1185,4,99,Entry,Healthcare,473,1
14165,2019,33,6,31,4,1,2,1,4131,0,80,Executive,Healthcare,85,1
14166,1993,58,3,49,11,13,4,5,3075,3,781,Senior,Manufacturing,52,1
14167,2012,30,1,24,4,7,1,3,412,0,860,Mid,Education,60,0
14168,1993,44,4,25,8,15,4,3,8674,2,16,Mid,Manufacturing,414,1
14169,2013,29,10,27,8,4,0,5,3847,1,704,Senior,Other,500,1
14170,1983,53,10,34,34,7,1,3,8794,2,211,Mid,Education,112,1
14171,2003,69,2,29,0,15,5,4,7974,3,864,Senior,Finance,303,1
14172,2008,35,8,35,9,4,4,2,1081,2,125,Executive,Other,107,1
14173,1998,48,5,31,38,0,0,2,4355,3,821,Entry,Other,477,1
14174,1985,46,0,38,35,11,4,0,0,1,637,Senior,Other,334,1
14175,2012,34,2,12,36,12,1,1,8216,1,129,Senior,Technology,302,0
14176,2019,42,3,23,34,10,1,3,8389,5,656,Entry,Finance,416,1
14177,1998,66,8,45,16,13,4,1,2626,4,767,Entry,Manufacturing,66,1
14178,1980,52,10,30,12,10,2,2,8614,2,534,Mid,Education,481,0
14179,1984,58,5,32,5,1,4,2,1141,4,213,Senior,Other,319,1
14180,2006,69,3,8,36,13,5,3,6935,0,128,Entry,Technology,121,1
14181,1995,64,0,35,31,15,4,4,1120,0,523,Mid,Other,253,1
14182,1985,26,7,20,10,5,4,5,4527,0,652,Executive,Education,400,1
14183,2019,34,10,14,16,2,2,3,7106,5,461,Senior,Education,299,1
14184,1992,49,1,42,4,7,3,3,9985,0,969,Executive,Technology,4,1
14185,2014,64,10,14,5,4,1,0,0,0,779,Entry,Technology,349,1
14186,1998,46,10,49,9,2,5,5,4903,2,56,Entry,Finance,445,1
14187,1991,56,7,13,32,11,0,4,55,4,597,Senior,Healthcare,234,1
14188,1995,68,5,43,29,9,1,1,6758,4,273,Executive,Other,498,1
14189,2022,60,7,40,20,6,1,5,2263,3,614,Entry,Technology,446,1
14190,1989,28,5,40,16,13,3,4,8212,0,338,Senior,Other,334,1
14191,2004,59,4,23,26,7,1,3,6353,1,861,Senior,Healthcare,38,1
14192,1999,53,4,23,2,3,1,3,8482,3,142,Senior,Healthcare,199,1
14193,2010,24,9,16,28,12,2,3,1994,3,422,Entry,Healthcare,169,1
14194,1983,66,9,17,1,12,2,3,834,2,333,Entry,Healthcare,357,1
14195,2023,60,10,29,28,10,2,3,4283,3,840,Senior,Technology,347,1
14196,2002,58,7,40,35,8,2,5,5270,1,964,Mid,Other,20,1
14197,1981,43,6,29,33,5,2,5,4309,4,928,Senior,Education,174,1
14198,2001,29,7,32,36,13,5,5,1501,3,687,Senior,Other,73,1
14199,2016,38,7,46,0,0,0,4,4688,2,132,Senior,Other,283,1
14200,1987,48,6,43,25,4,3,3,4136,0,855,Mid,Technology,148,1
14201,1986,54,1,34,0,4,4,2,19,1,263,Executive,Technology,112,1
14202,1993,67,10,9,3,6,5,5,1032,0,146,Entry,Manufacturing,283,1
14203,1982,38,8,21,38,6,2,2,9016,5,435,Entry,Manufacturing,85,1
14204,1995,63,6,22,13,5,3,0,0,3,11,Executive,Finance,101,0
14205,1998,33,10,47,17,14,4,1,747,4,839,Senior,Healthcare,18,1
14206,1997,69,5,25,33,14,1,5,7004,2,903,Senior,Healthcare,62,1
14207,1995,67,8,26,0,7,5,2,967,1,54,Entry,Manufacturing,115,1
14208,1987,48,0,43,21,1,1,0,0,4,229,Senior,Education,179,0
14209,2012,69,10,10,15,13,3,4,2798,1,979,Executive,Finance,37,1
14210,1991,29,1,20,21,12,0,1,3015,2,121,Entry,Other,301,1
14211,1990,44,0,6,15,15,0,3,6605,2,860,Mid,Education,407,0
14212,1984,63,9,5,27,12,3,5,1804,3,232,Senior,Manufacturing,91,1
14213,2006,50,2,34,27,6,0,5,2023,1,161,Executive,Other,172,1
14214,1991,41,10,47,21,9,0,3,8592,5,593,Entry,Education,204,1
14215,1996,37,4,41,5,14,1,4,4432,5,960,Entry,Healthcare,8,1
14216,1985,38,0,27,24,6,0,1,9560,3,970,Mid,Manufacturing,8,1
14217,2012,37,3,5,1,3,0,5,3324,1,558,Senior,Other,20,1
14218,1984,40,7,23,6,11,3,2,7163,1,875,Mid,Education,23,1
14219,2007,29,5,50,16,9,0,1,1877,0,802,Executive,Finance,94,1
14220,1993,59,0,7,34,1,5,0,0,3,499,Entry,Finance,191,1
14221,1984,59,0,6,19,3,2,5,3675,1,671,Entry,Technology,348,1
14222,2012,50,2,41,1,3,2,4,6961,1,178,Mid,Other,295,1
14223,2020,62,9,21,6,11,3,2,5,2,361,Mid,Manufacturing,457,1
14224,1998,57,7,32,31,11,2,1,5533,0,207,Mid,Manufacturing,179,1
14225,2001,47,10,22,18,5,1,1,8777,5,901,Senior,Other,387,1
14226,1984,52,10,37,11,13,5,2,9713,5,904,Entry,Manufacturing,130,1
14227,1981,65,7,19,8,6,5,0,0,2,551,Senior,Healthcare,396,1
14228,2009,33,2,26,26,2,3,0,0,3,725,Executive,Healthcare,20,1
14229,2018,38,6,45,13,14,0,1,3469,5,431,Senior,Manufacturing,7,0
14230,1983,36,2,31,1,9,2,3,9013,3,455,Mid,Other,375,1
14231,2012,30,3,41,20,0,1,2,4333,1,503,Executive,Education,200,1
14232,1992,60,8,36,3,2,3,5,6633,4,863,Executive,Healthcare,365,1
14233,1999,63,3,49,20,8,3,0,0,2,153,Senior,Other,384,1
14234,1986,69,2,23,21,0,0,5,857,3,337,Senior,Manufacturing,13,1
14235,1994,33,4,32,1,12,4,0,0,1,292,Mid,Healthcare,331,1
14236,2002,53,6,32,16,7,2,0,0,1,435,Mid,Other,35,1
14237,1993,46,4,14,18,1,1,4,2550,2,395,Executive,Technology,405,1
14238,2002,60,3,24,39,5,3,5,1225,5,165,Mid,Finance,372,1
14239,1998,39,7,29,23,2,2,3,8845,1,993,Entry,Technology,163,0
14240,2008,36,3,25,19,6,1,0,0,0,451,Entry,Manufacturing,44,0
14241,1999,53,1,18,37,1,5,3,7400,5,783,Executive,Other,143,1
14242,2008,27,9,26,11,3,5,1,9531,4,956,Senior,Finance,10,1
14243,2003,65,5,30,24,9,1,1,4556,2,535,Senior,Education,322,0
14244,1997,64,1,48,22,8,5,4,2717,2,973,Entry,Manufacturing,353,1
14245,1989,56,2,15,33,5,3,3,3392,2,400,Senior,Education,408,1
14246,2020,55,0,11,31,3,2,2,8154,1,114,Mid,Education,345,1
14247,1987,59,4,21,23,1,1,4,9254,1,350,Entry,Healthcare,450,1
14248,2005,26,8,22,24,9,3,0,0,2,259,Executive,Healthcare,211,1
14249,2008,39,1,11,2,13,2,1,4528,2,817,Senior,Finance,414,0
14250,1989,37,6,24,24,8,2,1,9800,0,875,Executive,Finance,112,1
14251,1996,29,4,42,27,14,3,2,1081,3,225,Executive,Other,448,1
14252,1981,46,1,15,11,3,2,4,6639,5,613,Senior,Healthcare,345,1
14253,1985,53,7,48,25,8,4,3,7018,5,485,Senior,Finance,344,1
14254,1984,47,10,20,7,13,1,1,6105,0,130,Entry,Other,10,0
14255,2007,43,5,31,4,1,1,0,0,2,263,Entry,Technology,335,1
14256,2020,52,3,15,10,6,2,2,2654,1,523,Executive,Manufacturing,339,1
14257,1984,64,3,20,34,10,3,2,155,1,930,Executive,Technology,361,1
14258,1997,31,1,27,26,10,0,5,4296,2,833,Entry,Manufacturing,371,1
14259,2005,33,2,16,40,4,5,2,3069,3,180,Executive,Other,165,1
14260,1999,49,6,44,37,7,2,0,0,4,348,Mid,Healthcare,257,1
14261,2020,27,2,7,18,10,0,2,4594,4,470,Senior,Technology,53,1
14262,2006,41,4,6,31,13,2,3,7663,0,160,Senior,Education,92,1
14263,1991,26,9,42,27,7,0,5,6303,5,113,Mid,Technology,262,1
14264,1986,44,5,28,35,13,2,3,9426,3,17,Entry,Finance,432,0
14265,1982,30,5,33,17,13,3,4,6142,4,103,Entry,Technology,295,1
14266,1989,50,3,50,9,3,5,4,9668,3,185,Executive,Healthcare,44,1
14267,2013,37,5,38,31,12,0,3,3755,1,341,Executive,Healthcare,437,1
14268,2004,67,2,24,17,3,4,0,0,1,461,Entry,Finance,216,1
14269,2014,43,6,22,11,14,3,5,6574,3,604,Executive,Manufacturing,188,1
14270,1995,29,6,18,7,7,5,4,6121,2,812,Mid,Finance,387,1
14271,1981,41,3,22,32,2,2,2,6074,4,142,Senior,Other,106,1
14272,2003,35,1,6,37,6,0,3,1342,4,654,Mid,Manufacturing,289,1
14273,1989,60,10,5,13,7,5,1,7679,1,812,Senior,Healthcare,472,1
14274,2017,58,6,24,1,7,1,0,0,5,963,Senior,Healthcare,7,1
14275,2001,55,2,38,8,10,3,0,0,0,611,Executive,Other,31,1
14276,2005,32,0,45,4,9,0,3,461,4,452,Executive,Manufacturing,401,1
14277,2022,61,1,45,33,3,3,1,2991,1,450,Senior,Technology,167,1
14278,2018,54,9,15,18,8,0,0,0,1,971,Executive,Technology,330,1
14279,2006,52,8,31,6,14,1,5,9770,3,61,Mid,Finance,439,1
14280,2008,65,7,27,38,9,4,4,200,3,595,Entry,Healthcare,36,1
14281,2017,55,5,42,16,3,1,5,515,5,939,Executive,Technology,230,0
14282,1999,28,5,48,25,7,2,1,5871,3,275,Executive,Healthcare,182,1
14283,2006,44,0,7,26,5,3,5,5450,0,678,Executive,Finance,291,1
14284,2020,67,1,16,27,4,4,2,4839,4,294,Entry,Education,245,0
14285,1999,28,3,34,19,14,3,4,6490,0,128,Mid,Healthcare,9,1
14286,2023,46,2,35,5,3,5,1,3231,0,363,Senior,Education,69,1
14287,1998,24,0,27,7,4,0,3,3696,3,66,Mid,Healthcare,236,0
14288,1999,59,7,5,31,14,2,0,0,5,46,Executive,Manufacturing,463,1
14289,2014,41,6,45,18,12,2,4,3293,1,968,Entry,Other,117,1
14290,1981,55,3,24,31,14,3,3,7001,2,373,Mid,Education,216,1
14291,2009,65,8,10,18,10,2,1,1629,1,821,Executive,Manufacturing,190,0
14292,2013,65,10,15,23,0,3,2,4018,1,659,Executive,Other,417,1
14293,2001,51,3,39,23,6,0,0,0,1,761,Senior,Manufacturing,350,0
14294,1982,38,0,8,16,7,0,0,0,1,136,Entry,Finance,238,1
14295,1985,31,9,33,17,11,3,4,2016,0,94,Senior,Finance,327,1
14296,1994,56,0,14,11,8,1,3,8358,3,237,Mid,Technology,400,1
14297,2006,41,0,33,40,12,1,1,975,3,795,Senior,Education,378,1
14298,1989,39,0,42,22,2,0,1,4547,1,831,Mid,Technology,316,0
14299,1988,66,3,5,17,14,4,3,7305,2,34,Executive,Education,205,1
14300,2012,65,0,44,15,8,1,0,0,4,295,Entry,Finance,221,0
14301,2011,48,1,12,15,9,3,3,3944,1,892,Entry,Finance,145,1
14302,1985,57,3,42,35,4,0,5,209,1,869,Executive,Other,188,1
14303,2020,44,6,21,22,9,2,1,9800,2,491,Entry,Other,237,1
14304,2015,53,1,23,21,5,2,3,213,0,257,Senior,Finance,291,1
14305,1981,31,7,37,38,0,1,0,0,1,386,Mid,Education,468,1
14306,2008,32,6,19,32,8,4,4,5782,2,269,Mid,Finance,436,1
14307,1983,59,8,49,23,8,5,5,7402,0,976,Mid,Technology,222,1
14308,1980,27,5,35,19,5,1,0,0,0,866,Senior,Manufacturing,245,0
14309,1998,62,3,25,32,7,4,2,303,5,323,Mid,Other,246,1
14310,2005,68,5,7,30,3,1,2,7276,5,46,Entry,Education,416,1
14311,2004,55,3,6,39,4,2,3,7000,5,605,Mid,Manufacturing,406,1
14312,1989,57,6,39,7,4,4,0,0,1,693,Senior,Technology,447,1
14313,1994,58,8,45,9,6,2,0,0,0,953,Entry,Healthcare,37,1
14314,2001,38,2,20,0,6,3,1,4047,1,701,Executive,Other,452,1
14315,2000,61,2,49,20,6,3,4,1855,1,486,Entry,Finance,206,1
14316,2001,61,1,25,24,4,0,5,6951,3,562,Senior,Other,413,1
14317,2015,33,0,16,31,3,2,0,0,4,717,Entry,Other,399,1
14318,2013,42,0,32,9,7,2,5,5959,4,815,Mid,Other,437,0
14319,2009,61,2,16,8,0,0,3,1633,3,410,Senior,Technology,186,0
14320,2004,40,6,37,19,0,3,1,2474,1,844,Executive,Healthcare,359,0
14321,2024,24,10,24,19,5,3,5,5040,2,950,Mid,Education,476,1
14322,2007,39,8,44,39,1,4,5,2377,0,124,Senior,Technology,91,1
14323,1980,40,1,25,6,11,4,5,9942,3,211,Senior,Education,5,0
14324,2024,68,6,43,10,2,5,5,3411,5,368,Executive,Manufacturing,132,0
14325,1983,27,0,45,20,3,3,5,4659,3,944,Executive,Manufacturing,485,0
14326,1986,37,1,46,37,13,5,1,4275,3,919,Senior,Education,472,1
14327,1988,29,5,40,18,15,1,3,4385,3,265,Executive,Manufacturing,91,1
14328,2015,69,10,26,14,1,2,5,8677,4,134,Executive,Manufacturing,0,1
14329,1998,39,4,30,5,9,4,5,9552,1,883,Mid,Finance,269,1
14330,1980,69,7,11,9,6,1,3,7275,3,784,Senior,Education,82,0
14331,1989,64,10,11,15,14,4,0,0,3,789,Entry,Education,286,1
14332,2015,60,1,12,10,9,0,0,0,3,314,Mid,Healthcare,178,1
14333,1988,33,0,30,34,0,2,1,7605,2,299,Senior,Other,376,1
14334,2024,66,6,28,7,2,5,1,1299,2,778,Senior,Finance,334,1
14335,2021,31,5,28,27,1,5,4,8373,0,297,Mid,Technology,146,1
14336,2011,28,7,44,2,12,4,1,9454,1,278,Executive,Finance,101,1
14337,2011,67,10,16,1,8,3,3,8337,3,373,Entry,Technology,287,1
14338,1985,22,7,12,13,15,5,5,5163,0,955,Entry,Education,312,1
14339,2017,57,1,13,28,7,0,3,1839,5,725,Senior,Finance,30,1
14340,1996,42,7,7,2,2,0,4,4594,0,487,Senior,Healthcare,313,1
14341,1989,58,5,25,0,4,3,2,802,5,61,Entry,Other,484,1
14342,2006,45,8,35,14,2,0,2,3950,5,878,Senior,Manufacturing,153,1
14343,2014,46,6,28,19,13,2,3,1318,1,53,Entry,Technology,47,1
14344,2000,28,1,8,21,10,4,2,6118,2,337,Executive,Manufacturing,378,0
14345,2004,63,7,24,33,12,0,2,4626,1,374,Entry,Other,40,1
14346,2007,38,8,20,32,11,2,4,2940,0,876,Entry,Education,152,1
14347,1994,50,6,14,8,10,3,5,7569,5,473,Entry,Education,430,0
14348,1983,51,3,47,2,11,4,1,7398,1,111,Senior,Education,181,0
14349,2008,28,8,30,1,10,3,1,5458,2,989,Executive,Manufacturing,231,1
14350,1988,54,3,33,3,5,4,2,2052,0,268,Mid,Other,120,1
14351,2006,28,3,9,15,4,0,0,0,1,323,Mid,Education,184,0
14352,2005,45,8,15,32,10,0,4,6305,3,618,Entry,Education,455,1
14353,1998,32,7,33,8,1,4,5,8407,3,794,Senior,Manufacturing,316,1
14354,2007,30,3,49,39,13,2,5,785,1,882,Mid,Education,387,0
14355,1996,33,7,19,37,9,2,2,6979,1,679,Mid,Other,414,1
14356,2022,56,7,10,17,15,2,0,0,5,585,Entry,Technology,119,0
14357,2020,25,6,19,15,7,1,0,0,5,747,Entry,Finance,351,1
14358,2021,57,9,47,7,5,5,5,3109,2,603,Senior,Technology,225,1
14359,1999,49,5,24,22,13,5,4,6053,0,84,Mid,Education,111,1
14360,2024,34,7,38,35,14,5,1,5004,1,371,Entry,Other,194,1
14361,2019,44,6,6,2,2,2,5,5756,0,74,Executive,Other,296,1
14362,2018,40,4,48,14,12,0,5,7445,3,595,Executive,Education,25,1
14363,2002,63,3,20,37,14,1,3,284,0,756,Executive,Education,451,1
14364,2011,58,1,23,32,12,2,0,0,4,507,Entry,Education,193,1
14365,2012,60,10,38,17,0,0,3,1643,2,227,Senior,Manufacturing,18,1
14366,1984,45,7,18,22,4,1,3,7235,2,594,Executive,Other,342,1
14367,2022,37,8,28,2,11,0,4,9319,0,393,Executive,Finance,24,1
14368,2013,54,3,32,29,10,4,5,9461,2,14,Executive,Manufacturing,46,1
14369,2019,33,3,36,16,1,0,1,6335,0,812,Entry,Manufacturing,198,0
14370,1990,55,4,41,31,12,1,4,643,0,180,Entry,Other,263,1
14371,1982,28,1,14,6,1,2,0,0,3,507,Entry,Education,2,0
14372,2012,32,6,49,38,8,5,1,8217,0,337,Executive,Technology,470,1
14373,1990,52,4,13,13,10,1,5,3937,2,262,Entry,Other,238,1
14374,1995,50,5,28,14,12,2,2,4807,4,925,Entry,Technology,288,1
14375,1997,34,3,40,11,14,2,1,6336,1,77,Senior,Healthcare,367,1
14376,2009,52,7,33,7,9,3,4,6524,2,228,Entry,Other,411,1
14377,1989,23,7,33,15,6,4,4,1025,4,744,Mid,Finance,21,1
14378,1997,60,4,27,40,5,3,3,5722,2,29,Entry,Other,354,1
14379,2017,36,5,31,33,14,5,5,1068,4,373,Entry,Healthcare,353,1
14380,1998,32,2,35,23,12,1,2,9130,2,154,Mid,Manufacturing,29,1
14381,2015,55,0,47,28,0,3,5,4098,1,816,Mid,Healthcare,46,1
14382,1992,60,8,11,15,14,5,1,8015,3,184,Entry,Healthcare,419,1
14383,1982,25,8,49,4,13,2,2,9664,3,447,Senior,Other,314,1
14384,1989,32,2,8,4,9,1,5,175,1,868,Executive,Healthcare,269,1
14385,2017,50,3,18,29,1,3,3,8095,2,446,Mid,Finance,328,1
14386,1980,23,6,46,4,10,0,2,1143,4,431,Senior,Other,469,0
14387,2006,37,1,46,12,6,5,2,5893,0,766,Entry,Technology,475,1
14388,1987,60,2,14,34,14,5,1,7341,2,168,Entry,Technology,360,1
14389,2021,34,5,48,24,2,4,2,3510,1,80,Mid,Healthcare,269,1
14390,1996,58,10,38,13,1,0,3,4062,5,797,Mid,Other,462,1
14391,1988,38,7,30,25,5,1,0,0,3,209,Senior,Finance,439,1
14392,1985,42,0,27,17,7,3,0,0,3,258,Entry,Technology,484,0
14393,2022,65,3,13,19,14,2,4,4436,2,987,Mid,Education,151,1
14394,2004,40,0,41,33,7,3,0,0,4,548,Mid,Other,225,1
14395,2018,28,1,12,6,10,1,1,8312,1,285,Executive,Other,247,1
14396,2007,59,7,18,9,15,1,4,4670,1,53,Mid,Technology,304,1
14397,2012,29,5,11,14,1,1,0,0,4,468,Senior,Technology,170,1
14398,2016,34,8,11,16,5,1,0,0,4,368,Entry,Finance,236,1
14399,1988,58,1,13,10,11,5,4,5612,2,723,Mid,Finance,235,1
14400,1997,23,2,7,33,4,3,1,6419,2,853,Executive,Technology,258,0
14401,2000,62,8,18,26,6,0,4,9160,5,995,Mid,Education,278,1
14402,1981,32,8,21,20,3,2,1,6172,3,99,Mid,Education,147,1
14403,2022,45,5,48,30,11,2,1,5930,3,596,Entry,Healthcare,108,1
14404,2017,27,2,26,3,12,4,5,3808,4,983,Executive,Healthcare,142,1
14405,2019,47,4,50,40,1,5,3,4738,0,724,Senior,Technology,298,0
14406,2015,28,1,30,16,15,1,0,0,0,902,Senior,Technology,463,0
14407,2022,60,6,32,19,9,1,5,1104,0,775,Entry,Technology,70,1
14408,2016,40,9,49,24,2,1,0,0,1,981,Senior,Other,416,1
14409,1994,27,10,18,39,8,5,5,3884,2,597,Senior,Education,310,1
14410,2007,64,7,13,22,9,0,2,732,4,574,Mid,Manufacturing,125,1
14411,1997,50,5,30,14,7,1,4,1581,3,446,Senior,Healthcare,466,1
14412,2013,64,7,6,32,12,4,5,3679,0,191,Executive,Healthcare,81,1
14413,2001,60,1,15,18,8,4,3,3852,3,413,Mid,Manufacturing,40,1
14414,1990,23,2,21,14,4,0,0,0,2,481,Senior,Technology,401,0
14415,1992,40,6,38,40,12,5,2,323,5,92,Executive,Healthcare,386,1
14416,1983,25,9,23,4,4,1,3,3699,5,252,Mid,Education,258,1
14417,2001,27,0,43,15,6,3,1,5181,4,649,Executive,Manufacturing,355,1
14418,1986,58,6,22,31,6,3,0,0,0,964,Entry,Education,143,1
14419,2022,49,5,17,21,0,2,5,8553,0,560,Entry,Other,170,1
14420,2003,51,7,9,31,11,0,4,2100,5,632,Senior,Technology,278,1
14421,1983,28,6,27,12,15,3,3,2754,4,38,Executive,Healthcare,470,1
14422,2007,30,3,28,37,14,2,2,1472,3,545,Mid,Education,142,1
14423,1994,46,2,33,25,13,4,4,1106,2,357,Executive,Manufacturing,456,1
14424,1980,54,2,12,16,4,2,1,1803,5,777,Executive,Technology,126,1
14425,1982,22,3,30,4,7,1,4,8272,5,8,Entry,Healthcare,57,1
14426,1993,27,8,19,32,6,1,2,6657,2,187,Entry,Healthcare,167,1
14427,2017,39,8,5,26,10,4,1,6906,2,607,Senior,Technology,117,1
14428,1980,31,1,32,4,1,0,2,5355,5,644,Executive,Technology,165,1
14429,2017,49,4,50,36,13,5,0,0,3,674,Executive,Technology,372,1
14430,2017,32,0,18,6,7,1,2,7204,3,138,Mid,Other,81,1
14431,2000,54,3,46,17,1,1,4,5776,0,297,Mid,Education,357,1
14432,2008,22,1,38,30,9,2,0,0,3,79,Entry,Finance,133,1
14433,1984,34,7,35,5,0,2,0,0,1,602,Executive,Other,363,1
14434,1989,58,3,10,1,10,2,3,1234,4,255,Senior,Healthcare,484,1
14435,2007,41,4,9,12,10,3,4,102,3,659,Entry,Education,45,1
14436,2000,22,10,35,10,13,4,4,4912,2,178,Executive,Manufacturing,261,1
14437,1986,24,3,41,25,10,0,1,746,3,256,Entry,Healthcare,468,1
14438,1982,39,4,19,20,2,2,2,4908,0,217,Senior,Other,122,1
14439,2024,62,4,19,1,15,0,5,3691,4,266,Executive,Finance,221,1
14440,1999,35,4,47,39,2,2,2,9439,4,316,Senior,Manufacturing,91,1
14441,1998,52,10,9,19,5,1,4,3064,2,590,Executive,Healthcare,403,1
14442,2014,48,2,32,16,11,0,2,5412,4,678,Executive,Finance,18,1
14443,1983,38,6,37,15,2,3,4,1719,1,615,Senior,Technology,269,1
14444,1984,67,2,15,4,6,2,0,0,4,815,Mid,Finance,64,1
14445,1980,50,1,47,13,15,5,2,5151,5,849,Senior,Healthcare,218,1
14446,1983,57,2,10,23,7,4,2,6026,2,983,Senior,Finance,499,1
14447,1991,58,10,27,3,2,1,4,7737,4,283,Entry,Other,351,1
14448,2006,47,2,44,23,8,2,4,5452,3,344,Senior,Healthcare,156,1
14449,2021,38,7,6,8,0,0,1,7184,0,726,Senior,Healthcare,414,1
14450,2002,43,3,19,2,14,2,2,1789,5,74,Entry,Finance,152,1
14451,2004,46,2,27,8,2,1,3,9956,5,736,Mid,Finance,246,1
14452,2000,23,9,26,17,11,4,4,259,3,335,Senior,Other,198,1
14453,2003,43,4,13,35,15,4,3,1918,5,803,Entry,Manufacturing,230,1
14454,2004,26,3,44,18,2,4,0,0,1,854,Mid,Manufacturing,301,1
14455,2024,25,8,34,23,6,5,0,0,1,581,Mid,Education,435,1
14456,2011,57,7,20,3,10,1,3,6603,0,362,Senior,Healthcare,15,1
14457,2011,27,10,50,8,10,5,5,8175,0,189,Mid,Manufacturing,107,1
14458,1984,42,6,34,32,4,5,0,0,0,471,Senior,Education,394,1
14459,2015,34,7,49,0,3,2,3,7252,0,997,Mid,Other,273,1
14460,2021,58,4,13,34,1,1,1,7230,4,105,Mid,Healthcare,363,1
14461,2021,46,3,5,9,6,1,1,99,5,69,Mid,Other,183,0
14462,2018,47,6,42,11,2,2,0,0,3,521,Senior,Education,489,0
14463,1995,60,0,12,17,6,3,3,2342,1,213,Mid,Manufacturing,183,1
14464,2012,41,5,22,13,9,5,3,8091,4,982,Executive,Education,440,1
14465,2000,54,7,31,9,11,4,3,3233,0,516,Entry,Finance,68,1
14466,1988,35,6,22,9,15,0,5,5024,2,27,Entry,Other,249,0
14467,1985,57,1,36,17,6,5,0,0,2,314,Executive,Education,375,1
14468,2024,38,6,36,23,10,0,5,9543,3,904,Mid,Other,449,1
14469,2014,42,5,49,0,15,2,3,2289,1,934,Executive,Technology,457,1
14470,2018,67,4,40,29,1,0,4,1365,1,752,Senior,Technology,217,1
14471,2001,37,3,40,14,6,3,3,1408,3,506,Entry,Education,87,0
14472,2020,67,0,25,7,5,1,4,9702,0,235,Mid,Technology,345,0
14473,1984,37,1,50,34,9,4,1,219,0,91,Entry,Education,271,1
14474,2021,41,6,36,17,3,0,4,6407,5,829,Executive,Other,216,1
14475,2002,50,9,35,40,10,0,1,3239,1,856,Executive,Education,357,1
14476,1996,49,2,41,15,4,2,0,0,1,362,Entry,Education,389,1
14477,1991,29,4,20,20,11,2,5,7542,1,37,Entry,Technology,179,1
14478,2002,45,7,50,14,7,1,5,3817,0,730,Entry,Healthcare,124,1
14479,1995,24,7,50,4,4,4,1,7189,2,663,Entry,Education,375,1
14480,1982,46,5,18,6,2,0,1,6857,3,703,Executive,Education,182,1
14481,2009,40,4,28,6,1,1,3,67,3,632,Mid,Finance,331,1
14482,2001,54,1,29,26,5,4,2,9863,4,490,Entry,Finance,328,1
14483,1988,23,8,50,24,5,1,1,8934,4,682,Mid,Manufacturing,432,1
14484,2008,36,0,39,21,6,0,4,7225,2,109,Entry,Technology,489,1
14485,2016,43,10,21,12,7,2,0,0,1,143,Senior,Healthcare,199,1
14486,2002,31,1,50,16,3,2,5,2012,2,577,Mid,Education,183,1
14487,1992,39,0,46,40,11,2,4,9897,4,833,Senior,Education,478,1
14488,2011,43,3,49,12,7,3,5,9638,5,196,Executive,Technology,296,0
14489,2002,67,3,8,25,11,1,0,0,4,45,Senior,Manufacturing,223,0
14490,2024,48,4,15,8,0,0,4,7666,3,148,Executive,Manufacturing,454,0
14491,1996,34,4,19,4,5,1,5,290,2,571,Entry,Finance,479,1
14492,2019,54,7,34,38,5,2,1,6312,0,137,Executive,Technology,361,1
14493,2000,26,10,28,32,2,5,2,7727,4,489,Entry,Manufacturing,439,1
14494,1981,47,10,6,3,8,5,1,3679,3,401,Entry,Manufacturing,376,1
14495,2016,34,2,47,27,11,1,5,3910,1,601,Entry,Healthcare,88,0
14496,1985,48,5,38,25,11,4,3,4651,2,723,Executive,Finance,224,1
14497,2023,35,2,27,3,15,5,4,352,4,680,Entry,Finance,498,1
14498,1997,45,1,35,15,4,5,2,1263,0,931,Senior,Finance,446,1
14499,2009,24,7,41,36,14,1,4,1826,4,624,Senior,Other,117,1
14500,2001,68,0,17,21,0,3,3,4378,0,340,Entry,Manufacturing,155,0
14501,2012,51,8,37,35,6,3,3,1605,2,577,Entry,Education,458,1
14502,2009,56,10,11,37,9,2,3,3398,5,301,Mid,Other,158,1
14503,1996,69,6,36,34,14,0,5,4551,0,117,Executive,Manufacturing,182,1
14504,2022,35,9,11,24,13,4,1,3006,0,736,Mid,Manufacturing,435,1
14505,2011,33,10,46,7,2,0,5,1004,3,150,Senior,Technology,201,1
14506,2021,49,3,42,16,9,0,1,5967,5,166,Executive,Finance,65,0
14507,1993,65,2,48,17,9,4,2,6428,2,606,Senior,Finance,45,1
14508,1989,50,5,17,11,15,3,3,2078,4,771,Executive,Healthcare,363,1
14509,2015,64,8,28,32,10,5,1,2495,5,424,Executive,Finance,259,1
14510,2013,38,8,32,22,3,2,0,0,1,770,Executive,Manufacturing,405,1
14511,1988,61,3,36,11,5,1,0,0,2,996,Senior,Technology,428,1
14512,2021,42,9,47,10,7,3,1,3096,5,436,Entry,Healthcare,243,0
14513,2007,44,4,22,12,12,2,2,7927,2,631,Senior,Manufacturing,155,1
14514,1990,41,10,38,34,3,5,4,2444,1,73,Executive,Manufacturing,393,1
14515,1993,32,8,38,26,14,3,5,336,4,361,Senior,Other,449,1
14516,2018,55,1,42,24,11,4,3,2983,3,95,Senior,Healthcare,248,1
14517,1998,31,1,5,39,8,0,1,9159,5,291,Mid,Other,432,1
14518,1994,31,4,47,2,7,4,2,6998,4,176,Executive,Manufacturing,94,0
14519,2007,64,0,46,24,9,5,5,4998,1,26,Senior,Manufacturing,254,1
14520,2003,27,7,35,9,9,1,4,8863,4,820,Executive,Other,361,1
14521,1987,57,4,5,16,5,4,2,9495,2,304,Senior,Technology,470,1
14522,2022,45,9,20,2,6,5,4,8187,3,722,Mid,Technology,335,1
14523,1988,33,1,43,21,7,0,0,0,0,869,Senior,Other,200,1
14524,2012,64,8,19,37,1,3,5,2595,5,768,Entry,Technology,306,1
14525,2012,44,1,37,13,15,2,5,2970,4,985,Executive,Finance,426,0
14526,1998,48,6,27,26,4,5,4,3269,0,941,Mid,Healthcare,133,1
14527,1982,66,7,45,19,12,5,0,0,3,829,Senior,Technology,376,1
14528,1989,58,5,38,17,6,1,3,843,0,204,Mid,Manufacturing,152,1
14529,2019,27,10,21,12,7,3,1,1625,4,866,Senior,Finance,254,1
14530,2021,22,6,29,5,4,5,0,0,1,577,Executive,Healthcare,259,1
14531,1980,27,10,46,9,2,5,2,8696,5,661,Senior,Technology,239,1
14532,2008,43,0,10,36,14,2,4,8301,2,678,Mid,Technology,459,1
14533,2013,62,3,35,28,5,0,5,9597,2,219,Entry,Healthcare,151,1
14534,1992,45,6,9,5,4,4,2,4492,5,299,Mid,Technology,439,1
14535,1980,46,0,44,38,7,3,5,3480,0,257,Entry,Other,90,1
14536,2013,36,0,44,10,8,2,0,0,2,714,Entry,Healthcare,239,1
14537,2008,47,10,34,24,8,2,5,9749,5,239,Executive,Healthcare,182,1
14538,1992,29,5,9,29,11,4,5,3042,5,826,Mid,Manufacturing,309,1
14539,2008,45,3,16,19,11,3,5,2836,2,228,Senior,Healthcare,258,1
14540,2018,69,2,11,36,5,3,5,8078,1,473,Entry,Education,459,1
14541,2003,59,4,49,15,14,0,2,7874,0,155,Mid,Technology,430,1
14542,2005,27,8,17,30,3,3,4,6564,1,217,Executive,Manufacturing,499,0
14543,1996,56,9,8,28,3,5,1,3628,1,464,Senior,Finance,285,1
14544,1986,63,9,46,5,8,4,2,5017,3,194,Senior,Education,75,0
14545,1992,22,10,7,28,3,3,3,8302,0,269,Senior,Healthcare,296,1
14546,1984,67,9,16,31,7,0,4,9957,1,527,Mid,Finance,361,1
14547,2005,57,2,5,8,8,2,4,7606,4,752,Mid,Finance,182,1
14548,1982,33,4,31,36,4,5,3,1201,2,763,Senior,Finance,58,1
14549,1986,59,9,47,22,12,3,0,0,0,562,Executive,Finance,39,1
14550,2018,32,4,17,15,5,4,3,10,3,355,Senior,Manufacturing,44,1
14551,1980,33,8,21,17,2,3,0,0,1,539,Senior,Manufacturing,405,1
14552,1996,63,10,12,18,11,1,1,1501,4,475,Executive,Finance,14,1
14553,2022,60,9,36,1,4,0,0,0,2,564,Executive,Education,219,1
14554,2004,28,10,24,9,4,2,1,7905,2,307,Executive,Technology,272,1
14555,1982,32,3,21,11,14,1,1,3603,4,627,Senior,Other,186,1
14556,1994,57,0,38,17,13,4,5,4195,0,408,Executive,Technology,363,1
14557,2008,52,9,39,18,15,3,5,289,2,440,Mid,Manufacturing,495,1
14558,2022,54,4,39,37,1,0,3,5688,2,520,Executive,Education,24,1
14559,2011,34,0,42,36,9,5,1,7393,2,522,Senior,Education,298,1
14560,2005,39,5,46,26,5,3,0,0,5,484,Entry,Healthcare,191,1
14561,1995,62,9,28,13,8,3,2,7605,1,618,Entry,Manufacturing,178,1
14562,2004,45,9,22,33,10,3,5,2693,1,812,Mid,Education,60,1
14563,2007,30,6,50,1,14,5,4,9562,2,852,Entry,Education,428,1
14564,1988,52,0,43,32,6,3,4,8374,3,257,Entry,Technology,130,1
14565,1980,62,9,37,18,13,0,0,0,5,693,Entry,Education,248,1
14566,2008,31,3,27,26,7,5,5,3586,2,929,Mid,Education,163,1
14567,2001,23,8,29,29,1,5,2,5915,0,169,Entry,Finance,478,1
14568,1995,59,0,41,6,10,1,1,9593,5,460,Senior,Technology,206,1
14569,2020,36,8,31,26,12,4,5,5584,3,836,Entry,Technology,237,1
14570,2023,24,7,5,20,13,5,0,0,0,650,Executive,Finance,191,0
14571,2020,64,4,25,6,8,1,1,4435,4,796,Entry,Technology,27,1
14572,1986,52,5,14,24,2,0,5,6404,4,110,Entry,Healthcare,106,1
14573,1993,27,6,35,37,9,4,3,3927,1,603,Senior,Other,222,1
14574,2008,24,3,48,17,4,5,2,6514,5,219,Mid,Healthcare,379,0
14575,1998,32,5,29,32,13,2,4,7440,1,4,Mid,Manufacturing,428,1
14576,1998,36,6,24,32,6,1,0,0,1,531,Entry,Other,83,1
14577,1981,66,10,6,31,3,0,4,6592,5,612,Senior,Technology,497,1
14578,2020,49,5,19,24,6,0,1,5825,4,294,Entry,Technology,236,1
14579,2024,31,10,32,13,15,0,1,3488,5,457,Mid,Healthcare,148,1
14580,1994,59,5,17,37,7,4,3,1895,0,927,Mid,Manufacturing,282,1
14581,1982,68,1,18,37,14,3,1,2908,3,668,Executive,Manufacturing,338,1
14582,1990,28,4,6,3,12,2,1,1411,1,961,Executive,Healthcare,99,1
14583,2009,36,2,38,17,9,4,4,5457,4,894,Senior,Healthcare,331,1
14584,2019,39,6,39,9,13,4,4,3999,1,512,Senior,Other,34,1
14585,1997,39,3,41,34,9,5,0,0,2,211,Mid,Finance,431,1
14586,1981,62,0,29,34,3,1,0,0,3,118,Mid,Manufacturing,96,1
14587,2011,45,5,19,39,15,2,1,6292,0,384,Mid,Manufacturing,355,1
14588,1987,23,5,16,22,14,0,5,8541,1,259,Entry,Finance,232,1
14589,2001,61,6,13,24,4,4,2,7008,2,398,Executive,Healthcare,406,1
14590,1985,41,10,35,0,10,2,0,0,2,174,Executive,Finance,447,1
14591,1991,55,7,18,17,2,1,1,397,3,413,Mid,Finance,12,0
14592,2019,64,2,33,14,4,3,5,645,4,133,Mid,Education,245,1
14593,2015,47,5,47,24,7,2,5,7606,4,101,Executive,Manufacturing,413,1
14594,1994,28,9,42,31,2,0,4,4132,1,384,Senior,Healthcare,457,1
14595,2007,59,1,46,19,14,4,5,2234,1,454,Mid,Education,488,1
14596,2024,51,8,12,16,15,3,3,9675,4,61,Mid,Other,403,1
14597,1997,63,1,7,10,13,1,4,1962,0,959,Senior,Education,261,1
14598,1981,26,2,6,12,12,0,4,809,0,900,Mid,Education,222,1
14599,1992,32,9,20,24,4,3,3,6473,2,565,Executive,Healthcare,402,1
14600,2024,22,1,23,19,9,5,4,7483,3,816,Executive,Finance,450,1
14601,1994,55,8,34,24,0,5,0,0,0,6,Senior,Healthcare,73,1
14602,1999,22,0,45,30,1,1,4,6618,1,867,Executive,Manufacturing,265,1
14603,2008,40,4,20,0,2,0,3,8705,0,514,Senior,Other,183,1
14604,2021,23,0,35,15,0,4,1,8525,3,331,Senior,Other,276,1
14605,2008,42,4,32,27,12,1,1,4819,1,378,Executive,Other,382,1
14606,1982,41,7,8,20,10,3,1,7,3,444,Senior,Manufacturing,55,1
14607,1998,44,7,14,29,15,0,3,5815,4,334,Executive,Finance,56,1
14608,1982,42,10,49,2,11,5,3,8132,3,467,Senior,Healthcare,385,1
14609,1993,45,7,22,33,10,5,0,0,3,936,Senior,Finance,492,1
14610,2019,25,1,36,5,8,2,3,9490,3,660,Senior,Finance,294,1
14611,1983,33,7,34,28,8,0,5,2946,1,287,Executive,Healthcare,60,1
14612,1990,43,4,40,2,4,3,1,5736,3,11,Mid,Manufacturing,172,1
14613,2010,41,0,13,32,13,3,3,1844,3,996,Entry,Healthcare,477,1
14614,2022,39,6,40,10,3,2,2,3611,5,103,Mid,Other,109,1
14615,2011,22,5,33,4,4,3,4,7559,5,622,Senior,Manufacturing,411,1
14616,2006,51,4,20,31,3,0,0,0,2,262,Executive,Technology,145,0
14617,2009,54,0,32,17,11,5,1,5686,1,434,Senior,Technology,13,0
14618,2022,45,0,25,19,4,1,5,3065,5,172,Mid,Technology,182,1
14619,1981,35,5,6,38,6,5,5,9294,3,606,Entry,Other,314,1
14620,1988,57,9,50,39,10,5,1,679,0,320,Mid,Education,364,0
14621,2007,26,6,39,27,7,0,5,7190,3,955,Executive,Manufacturing,146,1
14622,2010,32,9,32,12,1,3,2,5347,0,714,Executive,Manufacturing,231,1
14623,2013,45,9,40,25,3,2,0,0,4,44,Mid,Healthcare,483,0
14624,1994,52,0,35,15,7,2,4,9,4,545,Mid,Manufacturing,296,1
14625,2004,34,8,37,24,6,4,0,0,1,210,Entry,Healthcare,139,1
14626,2015,37,3,27,9,8,2,0,0,1,906,Senior,Education,147,1
14627,1987,45,4,45,28,4,2,1,4216,4,736,Executive,Healthcare,417,1
14628,1988,34,1,21,37,5,3,3,8865,1,416,Executive,Technology,380,1
14629,2016,45,9,50,19,14,1,4,7734,0,263,Entry,Healthcare,35,1
14630,2024,47,7,5,25,10,1,0,0,0,300,Executive,Healthcare,276,1
14631,2018,23,1,46,31,7,3,2,1456,2,455,Executive,Healthcare,55,1
14632,2011,37,2,27,38,14,2,1,43,1,225,Mid,Manufacturing,466,1
14633,1996,59,8,31,37,11,0,3,7326,1,103,Mid,Finance,40,1
14634,2014,67,1,29,23,13,5,3,7776,2,986,Entry,Finance,382,1
14635,2016,22,5,36,30,14,5,1,4570,3,220,Executive,Other,168,1
14636,1998,32,3,23,39,10,1,0,0,0,333,Entry,Finance,170,0
14637,2023,56,6,28,11,15,3,5,9607,3,417,Senior,Other,105,1
14638,2008,64,5,7,35,14,0,1,8200,5,300,Senior,Manufacturing,226,1
14639,1986,50,9,16,9,4,2,5,5632,2,634,Entry,Technology,455,1
14640,2007,58,8,39,5,13,3,3,1862,5,484,Executive,Finance,85,1
14641,1988,38,8,19,6,8,1,3,1233,5,960,Senior,Finance,490,1
14642,2007,60,9,21,30,3,0,2,3125,1,456,Executive,Education,293,1
14643,1985,63,3,36,26,7,0,2,4711,3,435,Mid,Other,145,1
14644,2008,49,0,11,7,11,1,3,2457,1,393,Entry,Other,263,1
14645,1996,50,1,23,2,13,0,2,8201,2,733,Senior,Education,246,0
14646,1995,64,7,11,39,2,5,2,6699,4,42,Executive,Technology,449,1
14647,2002,24,9,9,20,4,1,2,8459,1,209,Mid,Healthcare,147,1
14648,2010,31,7,44,0,14,5,3,7157,5,848,Entry,Healthcare,452,1
14649,1982,63,1,25,14,7,3,0,0,5,965,Senior,Education,440,1
14650,2000,35,3,11,6,14,4,0,0,3,10,Mid,Education,361,1
14651,2005,33,0,41,14,9,2,4,7364,3,215,Entry,Technology,221,1
14652,2015,68,6,27,24,11,3,2,7219,2,163,Senior,Technology,145,1
14653,2021,63,3,15,2,6,5,0,0,3,224,Executive,Manufacturing,107,1
14654,2016,51,10,14,29,0,2,4,9583,0,736,Mid,Healthcare,443,0
14655,2001,53,7,25,13,11,2,1,7541,1,245,Mid,Manufacturing,214,1
14656,2021,53,8,45,3,3,5,2,9274,5,657,Executive,Finance,244,1
14657,1991,63,8,37,35,1,5,0,0,0,702,Mid,Other,129,1
14658,2021,53,2,24,2,1,1,0,0,2,772,Mid,Other,425,1
14659,1992,47,4,37,4,12,4,5,8013,5,798,Entry,Technology,63,1
14660,1990,22,5,44,24,14,5,0,0,0,15,Executive,Healthcare,299,1
14661,1995,63,5,39,30,6,2,5,4205,0,193,Mid,Healthcare,434,1
14662,1987,23,9,38,10,11,2,4,2154,5,8,Executive,Manufacturing,356,1
14663,2019,38,7,40,7,11,3,5,5108,1,513,Entry,Education,361,1
14664,2019,51,5,31,25,2,4,1,3923,1,292,Entry,Education,223,1
14665,2024,60,5,23,1,2,4,2,6084,4,83,Executive,Technology,64,1
14666,1981,28,3,47,27,14,2,0,0,0,954,Executive,Other,486,1
14667,2009,48,6,9,9,15,4,3,3868,1,208,Senior,Education,64,1
14668,2009,30,7,33,38,5,3,2,3790,0,57,Entry,Finance,373,1
14669,1991,43,2,14,36,5,1,3,9036,0,984,Mid,Healthcare,379,0
14670,1989,55,6,44,38,0,2,4,9899,2,850,Entry,Education,181,1
14671,2023,67,2,17,20,14,0,0,0,2,511,Entry,Technology,496,0
14672,1990,22,7,33,27,14,2,2,1273,5,617,Senior,Finance,107,1
14673,1994,30,0,9,37,14,2,2,6873,0,647,Executive,Other,350,0
14674,1995,41,0,16,32,0,1,0,0,2,819,Entry,Other,422,0
14675,1996,40,5,17,10,10,5,1,9404,5,330,Senior,Manufacturing,391,1
14676,2005,57,9,26,0,5,5,4,7811,1,460,Executive,Manufacturing,322,1
14677,1981,61,8,44,32,6,0,0,0,0,588,Entry,Finance,110,1
14678,1991,66,3,19,2,8,0,5,1610,2,968,Senior,Technology,75,1
14679,2005,25,5,17,25,3,0,2,9610,1,324,Entry,Manufacturing,249,1
14680,2002,30,4,5,14,15,5,1,1786,0,209,Mid,Healthcare,240,1
14681,1997,62,0,42,40,13,1,2,4399,5,743,Executive,Other,225,1
14682,2011,43,5,47,13,9,4,3,3482,0,124,Executive,Other,304,1
14683,2017,39,8,49,22,5,0,2,6546,2,691,Entry,Healthcare,472,1
14684,1982,33,2,5,7,11,4,4,8571,1,461,Senior,Other,163,1
14685,2017,63,10,15,35,2,3,0,0,0,289,Senior,Other,262,1
14686,1982,64,2,47,19,12,1,2,693,0,213,Mid,Other,14,0
14687,2009,60,1,44,5,12,4,5,9639,5,431,Mid,Technology,340,1
14688,1980,30,3,26,32,10,5,3,7025,4,96,Senior,Technology,152,1
14689,2009,27,9,39,27,15,5,3,1755,0,919,Executive,Healthcare,495,1
14690,2024,40,2,48,37,3,0,0,0,4,248,Mid,Technology,440,1
14691,2011,69,1,10,29,8,0,3,7693,4,502,Entry,Finance,37,0
14692,2007,68,0,32,16,13,4,0,0,1,732,Entry,Technology,36,1
14693,2000,28,2,35,8,13,5,4,4061,3,524,Executive,Other,121,0
14694,1992,37,9,12,27,0,4,0,0,5,504,Executive,Healthcare,271,1
14695,2006,26,5,9,6,4,3,1,9704,4,817,Mid,Education,256,1
14696,2015,37,8,46,27,14,1,3,5478,1,90,Entry,Technology,174,0
14697,1986,22,10,48,16,14,5,3,6332,5,704,Executive,Manufacturing,435,1
14698,2001,58,4,21,39,10,2,5,8154,2,710,Entry,Finance,292,1
14699,1989,60,2,42,4,6,5,2,5648,4,771,Mid,Finance,300,1
14700,2018,40,4,13,4,2,3,1,3320,3,575,Executive,Finance,141,1
14701,1994,58,4,14,13,14,5,2,2457,2,841,Senior,Manufacturing,440,1
14702,1994,38,4,24,5,1,3,0,0,5,743,Entry,Manufacturing,161,1
14703,1983,47,6,18,6,12,5,4,8418,4,738,Executive,Finance,449,1
14704,2011,43,4,18,16,15,3,5,1807,4,166,Mid,Finance,414,1
14705,2002,29,6,30,8,10,0,3,418,3,250,Senior,Finance,338,1
14706,1985,54,8,33,30,1,4,4,3155,0,446,Executive,Technology,466,1
14707,2003,23,4,31,21,0,5,0,0,3,185,Entry,Other,427,1
14708,1999,51,1,29,8,4,1,0,0,1,248,Entry,Manufacturing,22,0
14709,2016,68,4,20,15,12,0,1,3818,1,783,Mid,Healthcare,349,1
14710,1999,41,7,40,35,2,3,2,2631,3,986,Entry,Other,336,1
14711,1991,39,3,38,33,10,1,3,3674,3,339,Senior,Technology,65,1
14712,2012,64,1,20,12,11,0,3,9537,3,445,Mid,Healthcare,394,1
14713,2007,31,9,37,18,6,2,4,4630,3,137,Mid,Technology,432,1
14714,1987,45,2,7,11,0,5,1,6868,3,108,Executive,Technology,461,0
14715,1980,25,8,27,35,8,5,5,5513,4,829,Mid,Healthcare,488,1
14716,2016,58,8,15,9,13,3,0,0,5,416,Executive,Finance,57,1
14717,2001,25,7,22,15,1,0,1,9855,5,966,Mid,Other,28,1
14718,1985,34,7,45,27,7,0,3,8276,2,425,Executive,Healthcare,82,1
14719,2000,46,7,48,18,9,3,5,3812,1,43,Executive,Education,475,1
14720,2011,34,7,33,39,3,2,2,886,1,941,Executive,Manufacturing,434,1
14721,2014,39,7,9,5,5,5,4,7594,5,341,Senior,Education,128,1
14722,1994,45,0,28,3,8,4,0,0,5,848,Executive,Other,132,1
14723,1984,23,5,33,29,6,2,0,0,2,200,Senior,Technology,114,1
14724,1985,69,8,33,38,14,3,0,0,3,377,Executive,Healthcare,33,1
14725,2004,54,7,30,30,7,4,2,2759,5,103,Executive,Finance,124,1
14726,2019,40,2,44,26,14,0,3,8932,5,457,Senior,Other,77,1
14727,2008,30,10,7,20,6,2,3,2876,2,995,Senior,Finance,274,0
14728,1986,49,0,6,36,1,2,1,9903,3,990,Senior,Education,343,1
14729,2019,56,1,29,8,8,5,5,55,1,414,Senior,Education,167,1
14730,1992,60,10,23,34,14,5,1,3362,5,900,Executive,Technology,80,1
14731,2017,31,1,44,20,0,4,3,8998,0,631,Executive,Manufacturing,449,1
14732,1997,22,6,6,16,13,0,0,0,1,401,Mid,Technology,94,1
14733,1981,63,5,23,23,1,2,2,4750,1,389,Mid,Other,208,1
14734,1987,42,10,5,30,2,4,3,9198,0,361,Executive,Finance,447,1
14735,1990,30,1,31,5,2,2,2,5003,2,433,Mid,Other,71,1
14736,2012,68,7,49,34,13,5,4,7905,4,382,Senior,Healthcare,493,1
14737,2017,36,8,39,36,9,0,0,0,3,27,Mid,Education,144,1
14738,2006,56,6,45,12,15,0,4,6267,3,106,Senior,Finance,37,0
14739,1999,26,3,9,24,3,1,3,1781,1,791,Executive,Technology,473,1
14740,1991,62,0,42,31,4,4,1,989,0,964,Mid,Manufacturing,170,1
14741,2022,43,3,8,0,5,5,3,7552,1,539,Senior,Healthcare,39,1
14742,2010,62,3,21,34,0,5,4,5199,1,185,Executive,Manufacturing,172,1
14743,2006,44,7,25,18,13,5,2,3369,5,194,Executive,Technology,423,1
14744,2011,28,3,35,11,12,3,5,377,2,145,Senior,Technology,198,1
14745,1989,44,3,26,39,7,2,5,2377,3,771,Senior,Finance,375,1
14746,1982,65,1,15,39,5,0,3,6045,4,871,Executive,Healthcare,343,1
14747,2024,46,9,38,19,9,2,1,281,0,688,Entry,Other,221,1
14748,2006,48,6,19,32,8,2,4,2919,4,127,Entry,Technology,89,1
14749,2014,62,3,14,28,4,3,3,6984,0,895,Senior,Finance,285,1
14750,2010,27,10,42,15,6,0,4,3594,3,105,Mid,Technology,162,1
14751,1994,55,5,36,13,10,1,4,1838,2,415,Senior,Finance,449,1
14752,1995,30,2,35,6,3,5,0,0,4,351,Executive,Manufacturing,427,1
14753,1992,54,6,41,5,5,4,5,8406,0,382,Senior,Finance,387,1
14754,2014,27,5,48,20,5,2,5,4730,1,722,Entry,Other,447,1
14755,1990,58,2,32,35,12,3,2,2120,3,348,Senior,Manufacturing,132,1
14756,2000,52,3,35,21,3,3,0,0,2,480,Entry,Education,431,1
14757,1990,55,9,10,39,5,4,5,785,5,833,Mid,Technology,321,1
14758,2009,62,4,18,18,7,4,4,7773,1,313,Mid,Education,350,1
14759,2014,50,8,27,24,10,0,1,937,2,522,Mid,Healthcare,282,1
14760,2001,35,5,20,2,4,2,1,9881,0,878,Senior,Education,151,1
14761,2017,57,3,29,35,1,2,0,0,1,992,Entry,Finance,311,1
14762,2010,57,10,43,33,8,4,1,3112,5,1000,Senior,Finance,44,1
14763,1993,36,10,6,10,10,5,4,6432,5,359,Mid,Healthcare,323,1
14764,2003,29,6,42,26,3,1,3,6698,2,320,Senior,Healthcare,411,1
14765,2011,47,1,45,1,3,2,4,7437,3,383,Entry,Technology,260,1
14766,2015,57,3,43,5,10,3,5,4534,4,16,Executive,Finance,218,1
14767,2011,69,4,38,1,6,5,3,9529,5,369,Entry,Healthcare,107,1
14768,1994,42,3,44,16,9,4,1,5629,5,847,Mid,Other,46,1
14769,2022,49,3,47,39,13,2,2,6171,4,65,Mid,Education,132,1
14770,2014,25,10,29,13,9,0,2,8461,1,885,Mid,Finance,260,1
14771,1982,37,8,40,9,5,4,4,1490,3,112,Senior,Other,175,1
14772,1995,43,10,20,32,13,3,4,6041,3,643,Entry,Healthcare,120,1
14773,1984,33,1,22,11,3,0,1,9872,2,415,Senior,Technology,328,1
14774,2000,37,5,17,31,5,4,2,4769,1,70,Mid,Other,302,1
14775,1989,61,7,41,23,2,4,2,6389,3,924,Entry,Manufacturing,189,1
14776,1998,59,7,31,13,6,2,4,8601,2,60,Executive,Finance,410,1
14777,2004,63,10,38,4,5,0,5,6641,3,443,Mid,Finance,259,1
14778,1983,58,6,15,4,2,4,2,9633,1,968,Entry,Finance,176,1
14779,2008,50,9,5,31,0,5,4,7155,3,313,Entry,Finance,471,1
14780,1998,39,10,17,32,11,3,0,0,3,482,Mid,Manufacturing,346,1
14781,2022,31,3,34,3,15,0,2,5342,3,243,Executive,Manufacturing,64,1
14782,1981,63,6,9,29,9,5,3,359,4,820,Entry,Other,351,1
14783,1989,60,9,22,40,4,2,1,4677,0,516,Entry,Other,335,1
14784,2022,39,5,18,16,9,1,4,5139,1,369,Executive,Technology,342,1
14785,2004,22,10,17,2,1,4,2,8614,4,316,Mid,Finance,219,1
14786,1999,60,5,36,12,6,1,2,8312,0,20,Entry,Healthcare,316,1
14787,1998,42,1,11,35,15,4,5,2220,5,697,Mid,Education,147,1
14788,2002,22,7,12,17,12,5,4,4129,3,720,Senior,Finance,464,1
14789,2003,36,7,11,22,6,2,3,8262,3,230,Senior,Other,99,1
14790,1990,25,10,20,34,15,2,2,3692,4,525,Executive,Manufacturing,118,1
14791,2013,41,6,47,32,3,2,0,0,2,863,Mid,Technology,108,1
14792,2007,31,10,35,35,5,2,1,8205,1,590,Entry,Finance,391,1
14793,1984,44,8,31,16,0,0,4,5425,0,468,Executive,Technology,81,1
14794,1984,62,7,37,38,1,0,2,3900,3,693,Senior,Healthcare,12,1
14795,2000,55,8,33,33,14,4,5,8462,1,77,Mid,Healthcare,456,1
14796,1991,67,8,12,11,5,0,5,5892,3,808,Executive,Healthcare,420,0
14797,1983,69,5,37,4,1,4,1,5613,3,783,Executive,Healthcare,477,1
14798,2021,54,1,45,39,11,0,4,9775,3,562,Mid,Education,298,0
14799,1999,55,6,23,26,11,0,4,522,1,768,Entry,Technology,91,1
14800,2017,60,2,25,39,10,0,4,2817,4,807,Entry,Finance,237,1
14801,2004,31,6,45,12,3,3,3,4950,1,529,Entry,Education,183,1
14802,1993,41,8,25,25,15,2,0,0,1,289,Mid,Finance,177,1
14803,1990,22,9,29,13,3,3,5,7889,5,217,Senior,Manufacturing,209,1
14804,2011,34,9,46,31,9,0,4,7491,2,956,Executive,Other,275,1
14805,1990,22,1,27,10,8,0,3,8014,2,99,Mid,Education,303,1
14806,1997,26,5,15,37,14,3,4,7691,4,148,Entry,Other,355,0
14807,2006,37,5,37,15,9,5,4,442,2,384,Entry,Education,274,1
14808,1997,36,8,24,21,6,4,3,6394,4,154,Executive,Other,324,1
14809,2002,49,8,29,15,13,2,0,0,3,946,Executive,Other,481,1
14810,1990,52,4,30,12,6,4,1,9413,3,394,Executive,Manufacturing,272,1
14811,2000,44,4,44,11,11,5,5,894,1,375,Executive,Other,411,1
14812,2023,69,8,16,17,10,2,2,2253,3,101,Executive,Education,35,1
14813,1984,66,7,36,28,0,1,4,2010,2,626,Mid,Other,421,1
14814,2002,64,6,37,17,10,2,0,0,0,781,Entry,Technology,477,1
14815,2020,38,7,14,1,4,4,5,4993,1,91,Entry,Other,337,1
14816,2004,55,5,8,1,2,2,2,4635,4,950,Mid,Healthcare,69,1
14817,2020,34,2,19,2,15,1,4,7808,3,410,Senior,Other,115,1
14818,1989,35,6,10,28,2,1,2,6997,1,405,Entry,Finance,409,1
14819,2001,32,7,31,7,5,0,3,9237,1,20,Senior,Manufacturing,462,1
14820,1998,49,7,9,10,3,1,5,4833,1,631,Senior,Healthcare,0,1
14821,1980,63,0,9,11,7,3,0,0,3,407,Senior,Education,80,1
14822,1986,53,6,22,31,13,4,0,0,4,18,Senior,Technology,478,1
14823,1983,56,2,32,3,3,3,5,371,1,535,Entry,Other,385,0
14824,1980,52,1,39,8,7,5,1,6998,1,537,Entry,Other,419,1
14825,1994,38,1,26,23,13,3,1,1403,1,152,Mid,Education,439,1
14826,2019,68,7,38,15,11,4,2,4602,5,300,Entry,Manufacturing,34,1
14827,1991,30,8,8,16,15,5,3,3946,3,875,Mid,Education,382,1
14828,2001,31,2,22,21,15,3,2,4673,5,412,Senior,Technology,282,1
14829,2001,29,2,45,6,15,3,4,1007,2,201,Mid,Other,500,1
14830,1996,42,5,30,9,14,5,0,0,4,138,Mid,Education,194,1
14831,2008,34,10,46,28,11,3,2,1446,1,791,Entry,Education,183,0
14832,1993,26,9,26,35,15,1,2,3966,5,23,Mid,Other,45,1
14833,1999,27,0,37,23,3,4,5,4368,1,11,Senior,Education,147,1
14834,2012,51,5,47,13,2,4,0,0,5,134,Entry,Other,263,1
14835,2022,52,2,18,13,4,4,0,0,1,935,Entry,Education,92,1
14836,1994,38,10,35,24,11,3,1,3029,3,80,Entry,Technology,327,1
14837,1991,32,3,14,21,12,1,1,8232,2,354,Executive,Finance,488,1
14838,2019,41,8,28,22,4,4,0,0,1,69,Senior,Healthcare,113,1
14839,1999,69,2,25,31,9,2,2,7190,5,203,Mid,Manufacturing,346,1
14840,2009,30,0,12,25,9,4,4,4804,1,590,Executive,Finance,281,0
14841,2017,23,2,36,26,0,0,2,6379,3,991,Entry,Technology,102,1
14842,1982,58,6,35,11,14,2,4,8317,4,278,Executive,Manufacturing,201,1
14843,2007,22,6,38,18,7,4,0,0,4,710,Executive,Manufacturing,61,0
14844,2005,25,10,27,18,7,3,5,9027,2,378,Mid,Other,93,1
14845,2009,57,4,29,33,7,4,4,9070,4,293,Senior,Other,416,1
14846,1992,46,0,11,31,13,1,1,4489,1,414,Executive,Education,316,1
14847,1992,24,10,23,28,9,1,5,6270,3,796,Senior,Healthcare,227,1
14848,1981,30,7,11,20,3,4,0,0,1,427,Senior,Other,403,0
14849,2016,43,9,12,34,12,3,3,9028,1,155,Entry,Healthcare,67,1
14850,2017,44,7,18,4,13,3,4,8716,2,587,Entry,Technology,470,1
14851,1981,33,9,5,11,15,3,4,9443,4,730,Mid,Other,284,1
14852,2015,31,9,17,6,8,4,5,7688,4,835,Mid,Finance,301,1
14853,2005,55,9,7,40,15,4,3,4241,4,276,Executive,Education,479,1
14854,1990,64,1,32,1,9,0,3,7330,5,264,Entry,Healthcare,164,0
14855,1987,31,9,42,24,2,1,0,0,1,48,Senior,Education,100,1
14856,2023,51,2,19,9,6,2,5,6871,3,609,Senior,Finance,242,1
14857,2019,43,3,40,37,5,2,2,168,3,292,Executive,Manufacturing,89,1
14858,2022,27,0,7,5,8,1,3,9340,1,20,Entry,Finance,436,0
14859,2001,23,3,8,26,11,5,4,8491,0,443,Mid,Manufacturing,388,1
14860,1999,51,4,9,34,13,0,3,5033,1,534,Executive,Finance,87,1
14861,1987,23,2,30,9,12,1,0,0,5,471,Senior,Education,126,0
14862,2008,53,10,29,8,3,0,0,0,4,137,Entry,Finance,106,1
14863,2019,63,9,14,19,3,5,4,9909,1,229,Mid,Other,321,1
14864,2005,37,1,12,36,5,0,4,8493,5,837,Mid,Healthcare,398,1
14865,2009,33,5,16,34,7,3,4,8844,0,404,Senior,Healthcare,301,1
14866,1996,22,7,7,36,2,1,2,3301,1,356,Senior,Technology,493,1
14867,1999,29,6,31,39,10,2,4,4159,4,540,Senior,Other,487,1
14868,1995,69,10,27,7,7,4,5,2279,2,826,Senior,Healthcare,243,1
14869,2022,34,0,44,30,13,5,0,0,3,935,Mid,Healthcare,184,1
14870,1986,36,3,37,15,7,5,0,0,0,20,Entry,Manufacturing,263,1
14871,1995,65,2,18,27,13,4,3,91,2,853,Mid,Other,420,0
14872,2024,29,5,27,5,13,1,4,3706,3,610,Senior,Education,100,1
14873,2006,31,8,35,31,6,4,2,960,2,574,Entry,Education,440,1
14874,2002,67,8,17,27,6,0,5,4159,1,813,Mid,Manufacturing,252,1
14875,2003,26,6,16,10,4,4,1,843,1,644,Entry,Healthcare,141,1
14876,1988,40,8,39,22,1,0,3,218,3,526,Mid,Finance,388,1
14877,2014,68,7,22,29,11,0,5,8895,3,104,Entry,Manufacturing,252,1
14878,1999,59,4,25,8,13,2,2,6028,1,622,Mid,Education,72,1
14879,2016,32,8,49,27,14,4,4,246,1,850,Mid,Technology,213,1
14880,2021,64,6,46,23,1,2,2,5109,5,335,Executive,Education,378,1
14881,1996,41,4,5,27,12,4,1,8248,3,423,Senior,Finance,298,1
14882,2010,41,7,42,23,11,0,5,6124,3,622,Executive,Education,432,1
14883,1987,42,6,45,14,9,4,2,6325,5,874,Mid,Manufacturing,378,1
14884,1994,39,8,46,38,11,5,1,6307,3,854,Senior,Technology,491,1
14885,2010,31,9,13,32,7,5,1,1912,4,3,Mid,Education,171,1
14886,2009,55,0,27,33,10,2,5,4221,5,468,Executive,Manufacturing,439,1
14887,1999,47,8,18,21,5,3,1,7374,4,663,Entry,Manufacturing,303,1
14888,2018,51,6,15,28,7,5,5,266,1,553,Entry,Manufacturing,413,1
14889,1991,30,0,11,33,2,2,2,3482,4,886,Senior,Technology,416,1
14890,1996,67,0,35,9,0,3,4,9872,0,537,Executive,Manufacturing,497,0
14891,2021,52,4,28,29,12,1,0,0,1,873,Executive,Technology,229,1
14892,2009,63,7,30,10,5,2,0,0,0,193,Mid,Other,420,1
14893,2008,25,8,34,33,15,5,2,4228,2,359,Senior,Finance,433,1
14894,1998,27,5,38,20,1,5,4,7155,0,519,Entry,Finance,236,1
14895,1990,35,9,50,12,11,4,0,0,2,72,Executive,Finance,229,0
14896,2013,25,7,42,24,14,3,1,317,0,961,Mid,Other,6,1
14897,1986,47,5,9,20,8,5,2,9792,2,77,Senior,Manufacturing,194,1
14898,2023,68,10,9,0,4,4,2,710,2,659,Executive,Technology,255,1
14899,2013,69,5,23,4,4,3,3,8642,1,833,Executive,Other,170,1
14900,1999,60,3,42,21,12,2,3,1743,3,67,Entry,Finance,39,1
14901,2017,38,10,32,6,9,2,3,1323,3,866,Executive,Healthcare,287,1
14902,2003,40,4,30,12,7,4,5,2680,1,694,Entry,Finance,227,1
14903,1989,27,1,46,22,5,2,4,4237,2,333,Executive,Manufacturing,233,1
14904,2011,50,2,27,20,2,4,2,3051,3,84,Mid,Other,360,1
14905,1994,32,2,50,5,8,0,3,4664,3,495,Mid,Healthcare,182,1
14906,2016,37,10,34,19,15,3,2,2704,0,78,Mid,Other,492,1
14907,1999,51,4,7,11,9,4,1,5675,4,550,Senior,Education,210,1
14908,1982,46,4,32,39,3,3,3,6787,1,305,Senior,Healthcare,478,1
14909,2016,61,5,37,8,9,0,2,2640,4,19,Mid,Education,349,1
14910,2019,32,4,46,27,3,3,4,7376,2,581,Mid,Healthcare,366,1
14911,1987,28,5,7,10,11,4,5,8138,0,155,Mid,Technology,228,0
14912,2019,47,7,9,31,12,2,4,5362,3,116,Entry,Healthcare,344,0
14913,2023,43,1,23,10,1,3,4,694,5,879,Mid,Finance,254,1
14914,2002,46,3,46,23,2,3,3,4253,0,938,Senior,Education,76,1
14915,2019,40,5,5,14,3,5,4,8531,1,449,Entry,Education,459,1
14916,1990,52,4,42,40,6,5,5,1768,2,27,Mid,Other,264,1
14917,1987,47,0,13,34,12,0,0,0,0,886,Senior,Finance,231,1
14918,2008,63,8,9,16,2,1,5,171,0,609,Entry,Technology,136,1
14919,2009,62,2,50,24,7,2,1,2749,0,973,Entry,Healthcare,63,1
14920,1989,57,1,46,34,7,4,5,3102,3,328,Senior,Technology,244,1
14921,2018,44,8,38,18,15,0,2,620,2,662,Senior,Finance,428,1
14922,2007,68,6,41,40,9,4,0,0,3,363,Entry,Healthcare,90,0
14923,2015,34,4,37,30,10,4,3,9180,0,418,Senior,Finance,444,1
14924,1992,46,5,29,16,1,3,2,76,3,21,Entry,Education,232,1
14925,2011,23,10,46,22,3,0,5,2198,3,260,Entry,Education,350,1
14926,2015,23,3,33,0,7,0,2,4237,1,59,Entry,Education,453,0
14927,2016,37,0,29,9,0,5,4,8422,4,936,Entry,Manufacturing,348,1
14928,2005,30,3,13,7,0,2,2,6027,4,412,Mid,Manufacturing,93,0
14929,2001,49,8,7,25,15,1,2,5855,1,162,Senior,Education,421,0
14930,1983,34,0,19,33,13,4,5,2544,1,113,Mid,Manufacturing,202,1
14931,2010,56,9,8,18,13,2,1,2857,5,353,Mid,Manufacturing,489,1
14932,1997,62,2,49,13,3,5,5,1553,3,195,Mid,Other,173,1
14933,2017,34,4,42,7,10,2,3,6274,5,44,Mid,Finance,123,1
14934,2003,52,6,24,0,1,4,0,0,3,624,Entry,Other,69,0
14935,2002,42,8,27,24,15,3,4,9153,2,904,Entry,Healthcare,102,1
14936,2001,53,5,41,23,0,3,1,1627,4,178,Entry,Education,232,0
14937,1981,55,2,12,19,7,4,0,0,3,781,Executive,Other,63,1
14938,2010,29,6,41,29,1,5,0,0,2,492,Entry,Other,94,1
14939,1990,62,3,49,4,3,5,1,1028,5,324,Mid,Manufacturing,162,1
14940,2007,69,2,37,2,2,0,4,647,4,369,Executive,Finance,267,1
14941,2011,23,6,37,31,14,1,3,5303,2,567,Executive,Finance,303,1
14942,1984,59,10,11,16,1,3,1,3162,2,878,Executive,Other,318,1
14943,2017,53,10,26,4,7,1,1,902,1,346,Entry,Healthcare,172,1
14944,1989,61,6,9,10,2,2,1,4067,0,778,Mid,Finance,5,1
14945,2019,49,3,50,37,14,2,4,9695,0,925,Entry,Technology,300,1
14946,2003,58,6,19,3,8,4,1,5076,0,114,Senior,Technology,345,1
14947,2014,62,10,25,38,9,4,1,2897,2,356,Executive,Education,100,1
14948,2023,22,1,29,18,4,4,2,9537,3,166,Senior,Other,415,1
14949,2002,62,0,21,38,8,5,2,5562,5,353,Executive,Healthcare,451,1
14950,1996,31,1,11,22,2,3,2,8173,0,114,Executive,Other,359,1
14951,1980,25,3,23,16,11,1,2,8681,3,407,Senior,Technology,130,1
14952,2010,56,7,11,12,4,2,1,5252,4,591,Senior,Healthcare,382,1
14953,2010,31,2,44,26,13,1,2,7851,5,825,Entry,Education,385,1
14954,2021,68,9,49,0,9,3,0,0,5,797,Senior,Finance,19,1
14955,2021,32,5,28,1,15,1,3,7228,0,919,Senior,Finance,210,1
14956,2013,35,5,15,17,5,1,2,5681,2,322,Mid,Finance,294,1
14957,1988,59,8,45,35,8,5,4,5595,1,540,Senior,Technology,395,1
14958,2001,33,8,5,32,7,4,3,7390,2,41,Entry,Healthcare,444,1
14959,1992,66,3,36,35,1,5,5,3991,5,459,Executive,Technology,291,1
14960,2004,38,8,44,1,1,5,5,9599,3,118,Executive,Manufacturing,489,1
14961,1997,37,5,48,3,12,1,0,0,4,573,Mid,Healthcare,347,1
14962,1991,56,1,6,15,4,1,3,6368,5,666,Entry,Education,264,1
14963,2019,23,9,19,3,4,5,3,8614,2,796,Executive,Technology,252,1
14964,1996,32,10,25,8,4,1,0,0,5,449,Mid,Finance,43,1
14965,1994,62,5,28,20,3,5,5,3942,1,440,Executive,Finance,74,1
14966,2021,24,1,21,22,15,0,2,1800,1,188,Entry,Finance,52,1
14967,1994,50,7,13,1,7,5,0,0,4,284,Senior,Technology,285,1
14968,1994,39,3,39,2,10,2,4,7323,0,103,Mid,Technology,370,1
14969,2018,41,4,24,22,4,2,0,0,2,568,Senior,Finance,65,1
14970,1992,68,7,23,25,0,1,1,1271,5,456,Entry,Finance,37,1
14971,1996,35,10,22,6,15,5,5,5020,2,310,Entry,Finance,253,1
14972,2011,55,7,24,35,9,5,1,434,1,883,Executive,Manufacturing,293,1
14973,1988,52,5,34,32,13,4,5,3598,3,683,Executive,Technology,416,1
14974,2019,61,3,44,35,4,4,5,3771,2,383,Mid,Finance,198,1
14975,1999,63,0,5,3,0,4,3,8726,1,667,Executive,Education,235,1
14976,2005,39,6,28,22,3,5,2,8572,3,164,Executive,Finance,468,1
14977,2006,51,7,28,24,0,5,2,2150,0,406,Entry,Technology,54,1
14978,2000,46,8,23,40,5,2,5,4124,0,844,Entry,Education,331,1
14979,1997,40,1,34,25,5,3,5,5602,1,580,Mid,Other,115,1
14980,1992,29,0,30,27,0,1,1,5167,1,991,Senior,Other,84,1
14981,1995,49,3,46,27,11,2,4,5486,0,475,Mid,Other,278,1
14982,1988,29,4,48,20,7,4,0,0,1,57,Entry,Technology,453,1
14983,1991,52,9,42,9,13,2,5,546,4,718,Entry,Technology,141,1
14984,2023,24,0,33,26,3,2,5,4422,2,983,Mid,Technology,95,1
14985,2017,24,4,17,14,1,2,0,0,4,415,Mid,Healthcare,48,0
14986,1998,65,5,8,16,12,4,0,0,3,596,Senior,Education,368,1
14987,1986,43,2,49,38,13,3,4,3115,1,836,Entry,Manufacturing,369,1
14988,2014,38,6,21,34,0,0,4,218,1,612,Executive,Manufacturing,300,1
14989,1997,57,5,37,4,15,1,0,0,3,803,Entry,Healthcare,204,1
14990,1995,38,3,9,15,10,1,5,9520,2,250,Executive,Technology,410,1
14991,2018,35,2,32,22,2,2,5,9415,0,219,Executive,Manufacturing,458,1
14992,1983,30,4,28,38,6,3,0,0,4,159,Executive,Education,351,0
14993,2004,51,2,21,8,9,4,5,5160,2,186,Senior,Finance,194,1
14994,2011,42,9,43,32,10,0,4,2770,0,895,Mid,Education,304,1
14995,2019,33,8,44,34,9,0,0,0,0,955,Executive,Technology,249,1
14996,1992,58,8,48,39,7,2,4,1942,1,598,Mid,Education,257,1
14997,2024,53,5,50,23,4,2,5,4457,3,463,Executive,Other,477,1
14998,1996,32,10,15,23,6,4,5,1254,5,497,Senior,Technology,443,0
14999,2016,41,5,16,23,1,4,3,987,1,329,Executive,Education,449,1
15000,1985,56,3,17,18,11,5,1,7237,5,348,Mid,Healthcare,358,1
